Mono path[0] = 'C:/Users/Nperr/Games/1.34a_Windows/Builds_Windows/OPTCGSim_Data/Managed'
Mono config path = 'C:/Users/Nperr/Games/1.34a_Windows/Builds_Windows/MonoBleedingEdge/etc'
Input System module state changed to: Initialized.
[Physics::Module] Initialized fallback backend.
[Physics::Module] Id: 0xdecafbad
Initialize engine version: 6000.0.58f2 (92dee566b325)
[Subsystems] Discovering subsystems at path C:/Users/Nperr/Games/1.34a_Windows/Builds_Windows/OPTCGSim_Data/UnitySubsystems
GfxDevice: creating device client; kGfxThreadingModeThreaded
Direct3D:
    Version:  Direct3D 11.0 [level 11.1]
    Renderer: AMD Radeon RX 7900 XT (ID=0x744c)
    Vendor:   ATI
    VRAM:     20421 MB
    Driver:   32.0.31021.5001
Begin MonoManager ReloadAssembly
- Loaded All Assemblies, in  2.768 seconds
- Finished resetting the current domain, in  0.002 seconds
[Physics::Module] Selected backend.
[Physics::Module] Name: PhysX
[Physics::Module] Id: 0xf2b8ea05
[Physics::Module] SDK Version: 4.1.2
[Physics::Module] Integration Version: 1.0.0
[Physics::Module] Threading Mode: Multi-Threaded
D3D11 device created for Microsoft Media Foundation video decoding.
<RI> Initializing input.
<RI> Input initialized.
UnloadTime: 1.097100 ms
HTTP/1.1 403 Forbidden
Finished!
Unloading 6 Unused Serialized files (Serialized files now loaded: 0)
UnloadTime: 3.346100 ms
CARD DB AWAKE
LOAD CARDS
Set Count: 61
Card Count: 2725
Add UnityAuthSignIn
Cached session exists. Attempting to restore session...
DontDestroyOnLoad only works for root GameObjects or components on root GameObjects.
GAMEPLAY LOGIC AWAKE
Check https://dqaqduerpx7rd.cloudfront.net/1.41b_Set_7
HTTP/1.1 403 Forbidden
Check https://dqaqduerpx7rd.cloudfront.net/1.41b_Card_22
HTTP/1.1 403 Forbidden
Check https://dqaqduerpx7rd.cloudfront.net/1.41b_Format_1
HTTP/1.1 403 Forbidden
Check https://dqaqduerpx7rd.cloudfront.net/1.41b_Message_8
HTTP/1.1 403 Forbidden
Check https://dqaqduerpx7rd.cloudfront.net/1.41b_Sponsor_3
HTTP/1.1 403 Forbidden
--- LOAD MINI OVERRIDES ---
C:/Users/Nperr/AppData/LocalLow/Batsu/OPTCGSim\1.41b\Sets
C:/Users/Nperr/AppData/LocalLow/Batsu/OPTCGSim\1.41b\Sets\OP17.json
FOUND: OP17
C:/Users/Nperr/AppData/LocalLow/Batsu/OPTCGSim\1.41b\Sets\P.json
FOUND: P
C:/Users/Nperr/AppData/LocalLow/Batsu/OPTCGSim\1.41b\Cards
C:/Users/Nperr/AppData/LocalLow/Batsu/OPTCGSim\1.41b\Cards\OP15-058.json
FOUND: OP15-058
C:/Users/Nperr/AppData/LocalLow/Batsu/OPTCGSim\1.41b\Cards\OP17-004.json
FOUND: OP17-004
Make new
C:/Users/Nperr/AppData/LocalLow/Batsu/OPTCGSim\1.41b\Cards\OP17-005.json
FOUND: OP17-005
Make new
C:/Users/Nperr/AppData/LocalLow/Batsu/OPTCGSim\1.41b\Cards\OP17-020.json
FOUND: OP17-020
Make new
C:/Users/Nperr/AppData/LocalLow/Batsu/OPTCGSim\1.41b\Cards\OP17-022.json
FOUND: OP17-022
Make new
C:/Users/Nperr/AppData/LocalLow/Batsu/OPTCGSim\1.41b\Cards\OP17-028.json
FOUND: OP17-028
Make new
C:/Users/Nperr/AppData/LocalLow/Batsu/OPTCGSim\1.41b\Cards\OP17-031.json
FOUND: OP17-031
Make new
C:/Users/Nperr/AppData/LocalLow/Batsu/OPTCGSim\1.41b\Cards\OP17-058.json
FOUND: OP17-058
Make new
C:/Users/Nperr/AppData/LocalLow/Batsu/OPTCGSim\1.41b\Cards\OP17-062.json
FOUND: OP17-062
Make new
C:/Users/Nperr/AppData/LocalLow/Batsu/OPTCGSim\1.41b\Cards\OP17-063.json
FOUND: OP17-063
Make new
C:/Users/Nperr/AppData/LocalLow/Batsu/OPTCGSim\1.41b\Cards\OP17-072.json
FOUND: OP17-072
Make new
C:/Users/Nperr/AppData/LocalLow/Batsu/OPTCGSim\1.41b\Cards\OP17-080.json
FOUND: OP17-080
Make new
C:/Users/Nperr/AppData/LocalLow/Batsu/OPTCGSim\1.41b\Cards\OP17-083.json
FOUND: OP17-083
Make new
C:/Users/Nperr/AppData/LocalLow/Batsu/OPTCGSim\1.41b\Cards\OP17-090.json
FOUND: OP17-090
Make new
C:/Users/Nperr/AppData/LocalLow/Batsu/OPTCGSim\1.41b\Cards\OP17-099.json
FOUND: OP17-099
Make new
C:/Users/Nperr/AppData/LocalLow/Batsu/OPTCGSim\1.41b\Cards\OP17-105.json
FOUND: OP17-105
Make new
C:/Users/Nperr/AppData/LocalLow/Batsu/OPTCGSim\1.41b\Cards\OP17-112.json
FOUND: OP17-112
Make new
C:/Users/Nperr/AppData/LocalLow/Batsu/OPTCGSim\1.41b\Cards\P-161.json
FOUND: P-161
Make new
C:/Users/Nperr/AppData/LocalLow/Batsu/OPTCGSim\1.41b\Formats
C:/Users/Nperr/AppData/LocalLow/Batsu/OPTCGSim\1.41b\Messages
C:/Users/Nperr/AppData/LocalLow/Batsu/OPTCGSim\1.41b\Messages\Action.OP17-020.json
FOUND: Action.OP17-020
C:/Users/Nperr/AppData/LocalLow/Batsu/OPTCGSim\1.41b\Messages\Action.OP17-063.json
FOUND: Action.OP17-063
C:/Users/Nperr/AppData/LocalLow/Batsu/OPTCGSim\1.41b\Messages\Choice.DonTap1.json
FOUND: Choice.DonTap1
C:/Users/Nperr/AppData/LocalLow/Batsu/OPTCGSim\1.41b\Messages\Choice.Nothing.json
FOUND: Choice.Nothing
C:/Users/Nperr/AppData/LocalLow/Batsu/OPTCGSim\1.41b\Messages\Choice.OppTrashHeal.json
FOUND: Choice.OppTrashHeal
C:/Users/Nperr/AppData/LocalLow/Batsu/OPTCGSim\1.41b\Messages\Choice.RandomTrash.json
FOUND: Choice.RandomTrash
C:/Users/Nperr/AppData/LocalLow/Batsu/OPTCGSim\1.41b\Messages\Choice.Trash1.json
FOUND: Choice.Trash1
C:/Users/Nperr/AppData/LocalLow/Batsu/OPTCGSim\1.41b\Sponsors
C:/Users/Nperr/AppData/LocalLow/Batsu/OPTCGSim\1.41b\Sponsors\2.json
FOUND: 2
bMuteChat False
Load LUD Shirahoshi
Populate Deck Names
Valid Deck Decks\Becca v1.deck
Valid Deck Decks\Becca v2.deck
Valid Deck Decks\Becca.deck
Valid Deck Decks\Enel.deck
Valid Deck Decks\Shirahoshi.deck
Valid Deck Decks\ST01 - Strawhat.deck
Valid Deck Decks\ST02 - Worst Generation.deck
Valid Deck Decks\ST03 - Seven Warlords.deck
Valid Deck Decks\ST04 - Animal Kingdom.deck
Valid Deck Decks\ST05 - Film Red.deck
Valid Deck Decks\Supernova Yamato.deck
sim version: 1.41b
Create Web Request for maebatsu twitch
Web Request Finished
SignInAnonymouslyAsync is successful.
Valren​#2120
284e9d92f9d83bff4d823f37229cea8a6f0f002fe55b4ce1a099115ff98356b1
Create Web Request for maebatsu twitch
Web Request Finished
Unloading 35 unused Assets to reduce memory usage. Loaded Objects now: 7465.
Total: 30.955600 ms (FindLiveObjects: 0.300000 ms CreateObjectMapping: 0.066300 ms MarkObjects: 30.535800 ms  DeleteObjects: 0.052900 ms)

Find NetworkManager
284e9d92f9d83bff4d823f37229cea8a6f0f002fe55b4ce1a099115ff98356b1
Create Web Request for maebatsu twitch
Web Request Finished
Validate Decks Private
shuffle deck for 
Got shuffle: 14-45-26-46-30-6-41-44-34-21-28-25-39-49-38-42-8-2-18-4-47-10-48-27-33-1-35-0-15-9-13-5-12-32-37-23-7-17-16-3-19-40-29-20-36-22-31-24-43-11
System.String[]
[ReplaySync] RZ1|HDR|1.41b|2|RZ1
[ReplaySync] RZ1|PLY|1||OP11-022
[ReplaySync] RZ1|PLY|2||
[ReplaySync] Skipping replay sync after move emit failed: System.NullReferenceException: Object reference not set to an instance of an object
  at GameplayLogicScript.CardObjectInOpponentDeploy (UnityEngine.GameObject go_Card) [0x00006] in <eb6f3bcee4b74554851fe9f367938f13>:0 
  at GameplayLogicScript.ReplaySync_ComputePowerCostDelta (UnityEngine.GameObject go, System.Int32& powDelta, System.Int32& costDelta) [0x0003d] in <eb6f3bcee4b74554851fe9f367938f13>:0 
  at GameplayLogicScript.ReplaySync_EmitMoveUnsafe (PlayerState psOwner, UnityEngine.GameObject go, System.Int32 oz, System.Int32 os, System.Int32 dz, System.Int32 ds) [0x00038] in <eb6f3bcee4b74554851fe9f367938f13>:0 
  at GameplayLogicScript.ReplaySync_EmitMove (PlayerState psOwner, UnityEngine.GameObject go, System.Int32 oz, System.Int32 os, System.Int32 dz, System.Int32 ds) [0x00000] in <eb6f3bcee4b74554851fe9f367938f13>:0 
shuffle deck for 
Got shuffle: 12-15-32-31-1-43-7-28-24-0-48-3-30-36-8-41-9-17-22-49-19-13-25-37-5-40-35-6-33-34-38-14-11-16-39-20-42-18-29-27-44-45-26-23-21-2-47-46-4-10
System.String[]
[ReplaySync] RZ1|1|2|OP15-042|0|12|0|0|0|0|0|0|0
[ReplaySync] RZ1|CHK|1|2|50|0|0|0|10|0|0|0|1|0
[ReplaySync] RZ1|2|2|OP15-042|0|15|0|1|0|0|0|0|0
[ReplaySync] RZ1|CHK|2|2|50|0|0|0|10|0|0|0|1|0
[ReplaySync] RZ1|3|2|OP15-046|0|32|0|2|0|0|0|0|0
[ReplaySync] RZ1|CHK|3|2|50|0|0|0|10|0|0|0|1|0
[ReplaySync] RZ1|4|2|OP07-051|0|32|0|3|0|0|0|0|0
[ReplaySync] RZ1|CHK|4|2|50|0|0|0|10|0|0|0|1|0
[ReplaySync] RZ1|5|2|OP15-040|0|5|0|4|0|0|0|0|0
[ReplaySync] RZ1|CHK|5|2|50|0|0|0|10|0|0|0|1|0
[ReplaySync] RZ1|6|2|OP10-059|0|43|0|5|0|0|0|0|0
[ReplaySync] RZ1|CHK|6|2|50|0|0|0|10|0|0|0|1|0
[ReplaySync] RZ1|7|2|OP15-052|0|12|0|6|0|0|0|0|0
[ReplaySync] RZ1|CHK|7|2|50|0|0|0|10|0|0|0|1|0
[ReplaySync] RZ1|8|2|OP07-051|0|31|0|7|0|0|0|0|0
[ReplaySync] RZ1|CHK|8|2|50|0|0|0|10|0|0|0|1|0
[ReplaySync] RZ1|9|2|OP10-045|0|28|0|8|0|0|0|0|0
[ReplaySync] RZ1|CHK|9|2|50|0|0|0|10|0|0|0|1|0
[ReplaySync] RZ1|10|2|OP10-060|0|48|0|10|0|0|0|0|0
[ReplaySync] RZ1|CHK|10|2|50|0|0|0|10|0|0|0|1|0
[ReplaySync] RZ1|11|2|OP15-040|0|12|0|11|0|0|0|0|0
[ReplaySync] RZ1|CHK|11|2|50|0|0|0|10|0|0|0|1|0
[ReplaySync] RZ1|12|2|OP07-051|0|34|0|12|0|0|0|0|0
[ReplaySync] RZ1|CHK|12|2|50|0|0|0|10|0|0|0|1|0
[ReplaySync] RZ1|13|2|OP14-049|0|38|0|13|0|0|0|0|0
[ReplaySync] RZ1|CHK|13|2|50|0|0|0|10|0|0|0|1|0
[ReplaySync] RZ1|14|2|OP15-053|0|18|0|14|0|0|0|0|0
[ReplaySync] RZ1|CHK|14|2|50|0|0|0|10|0|0|0|1|0
[ReplaySync] RZ1|15|2|OP10-059|0|43|0|15|0|0|0|0|0
[ReplaySync] RZ1|CHK|15|2|50|0|0|0|10|0|0|0|1|0
[ReplaySync] RZ1|16|2|OP15-053|0|20|0|16|0|0|0|0|0
[ReplaySync] RZ1|CHK|16|2|50|0|0|0|10|0|0|0|1|0
[ReplaySync] RZ1|17|2|OP15-047|0|26|0|17|0|0|0|0|0
[ReplaySync] RZ1|CHK|17|2|50|0|0|0|10|0|0|0|1|0
[ReplaySync] RZ1|18|2|OP15-051|0|31|0|18|0|0|0|0|0
[ReplaySync] RZ1|CHK|18|2|50|0|0|0|10|0|0|0|1|0
[ReplaySync] RZ1|19|2|OP10-060|0|49|0|19|0|0|0|0|0
[ReplaySync] RZ1|CHK|19|2|50|0|0|0|10|0|0|0|1|0
[ReplaySync] RZ1|20|2|OP15-047|0|30|0|20|0|0|0|0|0
[ReplaySync] RZ1|CHK|20|2|50|0|0|0|10|0|0|0|1|0
[ReplaySync] RZ1|21|2|OP15-042|0|27|0|21|0|0|0|0|0
[ReplaySync] RZ1|CHK|21|2|50|0|0|0|10|0|0|0|1|0
[ReplaySync] RZ1|22|2|OP10-045|0|34|0|22|0|0|0|0|0
[ReplaySync] RZ1|CHK|22|2|50|0|0|0|10|0|0|0|1|0
[ReplaySync] RZ1|23|2|OP14-049|0|41|0|23|0|0|0|0|0
[ReplaySync] RZ1|CHK|23|2|50|0|0|0|10|0|0|0|1|0
[ReplaySync] RZ1|24|2|OP15-052|0|26|0|24|0|0|0|0|0
[ReplaySync] RZ1|CHK|24|2|50|0|0|0|10|0|0|0|1|0
[ReplaySync] RZ1|25|2|OP10-059|0|44|0|25|0|0|0|0|0
[ReplaySync] RZ1|CHK|25|2|50|0|0|0|10|0|0|0|1|0
[ReplaySync] RZ1|26|2|OP15-046|0|42|0|26|0|0|0|0|0
[ReplaySync] RZ1|CHK|26|2|50|0|0|0|10|0|0|0|1|0
[ReplaySync] RZ1|27|2|OP15-052|0|29|0|27|0|0|0|0|0
[ReplaySync] RZ1|CHK|27|2|50|0|0|0|10|0|0|0|1|0
[ReplaySync] RZ1|28|2|OP15-046|0|41|0|28|0|0|0|0|0
[ReplaySync] RZ1|CHK|28|2|50|0|0|0|10|0|0|0|1|0
[ReplaySync] RZ1|29|2|OP15-046|0|42|0|29|0|0|0|0|0
[ReplaySync] RZ1|CHK|29|2|50|0|0|0|10|0|0|0|1|0
[ReplaySync] RZ1|30|2|OP14-049|0|43|0|30|0|0|0|0|0
[ReplaySync] RZ1|CHK|30|2|50|0|0|0|10|0|0|0|1|0
[ReplaySync] RZ1|31|2|OP15-042|0|35|0|31|0|0|0|0|0
[ReplaySync] RZ1|CHK|31|2|50|0|0|0|10|0|0|0|1|0
[ReplaySync] RZ1|32|2|OP15-053|0|35|0|32|0|0|0|0|0
[ReplaySync] RZ1|CHK|32|2|50|0|0|0|10|0|0|0|1|0
[ReplaySync] RZ1|33|2|OP15-047|0|36|0|33|0|0|0|0|0
[ReplaySync] RZ1|CHK|33|2|50|0|0|0|10|0|0|0|1|0
[ReplaySync] RZ1|34|2|OP14-049|0|44|0|34|0|0|0|0|0
[ReplaySync] RZ1|CHK|34|2|50|0|0|0|10|0|0|0|1|0
[ReplaySync] RZ1|35|2|OP15-051|0|39|0|35|0|0|0|0|0
[ReplaySync] RZ1|CHK|35|2|50|0|0|0|10|0|0|0|1|0
[ReplaySync] RZ1|36|2|OP10-059|0|45|0|36|0|0|0|0|0
[ReplaySync] RZ1|CHK|36|2|50|0|0|0|10|0|0|0|1|0
[ReplaySync] RZ1|37|2|OP15-047|0|40|0|37|0|0|0|0|0
[ReplaySync] RZ1|CHK|37|2|50|0|0|0|10|0|0|0|1|0
[ReplaySync] RZ1|38|2|OP07-051|0|45|0|38|0|0|0|0|0
[ReplaySync] RZ1|CHK|38|2|50|0|0|0|10|0|0|0|1|0
[ReplaySync] RZ1|39|2|OP10-045|0|45|0|39|0|0|0|0|0
[ReplaySync] RZ1|CHK|39|2|50|0|0|0|10|0|0|0|1|0
[ReplaySync] RZ1|40|2|OP11-061|0|46|0|40|0|0|0|0|0
[ReplaySync] RZ1|CHK|40|2|50|0|0|0|10|0|0|0|1|0
[ReplaySync] RZ1|41|2|OP11-061|0|47|0|41|0|0|0|0|0
[ReplaySync] RZ1|CHK|41|2|50|0|0|0|10|0|0|0|1|0
[ReplaySync] RZ1|42|2|OP10-045|0|47|0|42|0|0|0|0|0
[ReplaySync] RZ1|CHK|42|2|50|0|0|0|10|0|0|0|1|0
[ReplaySync] RZ1|43|2|OP15-051|0|47|0|43|0|0|0|0|0
[ReplaySync] RZ1|CHK|43|2|50|0|0|0|10|0|0|0|1|0
[ReplaySync] RZ1|44|2|OP15-051|0|47|0|44|0|0|0|0|0
[ReplaySync] RZ1|CHK|44|2|50|0|0|0|10|0|0|0|1|0
[ReplaySync] RZ1|45|2|OP10-060|0|49|0|46|0|0|0|0|0
[ReplaySync] RZ1|CHK|45|2|50|0|0|0|10|0|0|0|1|0
[ReplaySync] RZ1|46|2|OP10-060|0|49|0|47|0|0|0|0|0
[ReplaySync] RZ1|CHK|46|2|50|0|0|0|10|0|0|0|1|0
Playing with deck: Shirahoshi
CLEAR SAVE QUEUE
[ReplaySync] RZ1|47|1|OP11-036|0|49|1|0|1|1|0|0|0
[ReplaySync] RZ1|CHK|47|1|49|1|0|0|10|0|0|0|1|0
[ReplaySync] RZ1|48|1|OP08-036|0|48|1|1|1|1|0|0|0
[ReplaySync] RZ1|CHK|48|1|48|2|0|0|10|0|0|0|1|0
[ReplaySync] RZ1|49|1|OP11-100|0|47|1|2|1|1|0|0|0
[ReplaySync] RZ1|CHK|49|1|47|3|0|0|10|0|0|0|1|0
[ReplaySync] RZ1|50|1|EB03-052|0|46|1|3|1|1|0|0|0
[ReplaySync] RZ1|CHK|50|1|46|4|0|0|10|0|0|0|1|0
[ReplaySync] RZ1|51|1|OP11-100|0|45|1|4|1|1|0|0|0
[ReplaySync] RZ1|CHK|51|1|45|5|0|0|10|0|0|0|1|0
[ReplaySync] RZ1|52|2|OP15-053|0|49|1|0|1|1|0|0|0
[ReplaySync] RZ1|CHK|52|2|49|1|0|0|10|0|0|0|1|0
[ReplaySync] RZ1|53|2|OP15-052|0|48|1|1|1|1|0|0|0
[ReplaySync] RZ1|CHK|53|2|48|2|0|0|10|0|0|0|1|0
[ReplaySync] RZ1|54|2|OP10-060|0|47|1|2|1|1|0|0|0
[ReplaySync] RZ1|CHK|54|2|47|3|0|0|10|0|0|0|1|0
[ReplaySync] RZ1|55|2|OP10-060|0|46|1|3|1|1|0|0|0
[ReplaySync] RZ1|CHK|55|2|46|4|0|0|10|0|0|0|1|0
[ReplaySync] RZ1|56|2|OP15-040|0|45|1|4|1|1|0|0|0
[ReplaySync] RZ1|CHK|56|2|45|5|0|0|10|0|0|0|1|0
[ReplaySync] RZ1|57|1|OP11-036|1|0|0|45|0|0|0|0|0
[ReplaySync] RZ1|CHK|57|1|46|4|0|0|10|0|0|0|1|0
[ReplaySync] RZ1|58|1|OP08-036|1|0|0|46|0|0|0|0|0
[ReplaySync] RZ1|CHK|58|1|47|3|0|0|10|0|0|0|1|0
[ReplaySync] RZ1|59|1|OP11-100|1|0|0|47|0|0|0|0|0
[ReplaySync] RZ1|CHK|59|1|48|2|0|0|10|0|0|0|1|0
[ReplaySync] RZ1|60|1|EB03-052|1|0|0|48|0|0|0|0|0
[ReplaySync] RZ1|CHK|60|1|49|1|0|0|10|0|0|0|1|0
[ReplaySync] RZ1|61|1|OP11-100|1|0|0|49|0|0|0|0|0
[ReplaySync] RZ1|CHK|61|1|50|0|0|0|10|0|0|0|1|0
shuffle deck for 
Got shuffle: 45-1-22-44-5-18-10-32-14-47-9-0-24-27-39-16-36-37-12-25-26-6-7-40-2-3-17-46-35-41-31-11-38-4-21-34-30-8-15-13-43-42-20-33-29-23-28-49-19-48
System.String[]
[ReplaySync] RZ1|62|1|OP11-036|0|45|0|0|0|0|0|0|0
[ReplaySync] RZ1|CHK|62|1|50|0|0|0|10|0|0|0|1|0
[ReplaySync] RZ1|63|1|OP08-036|0|2|0|1|0|0|0|0|0
[ReplaySync] RZ1|CHK|63|1|50|0|0|0|10|0|0|0|1|0
[ReplaySync] RZ1|64|1|OP11-115|0|23|0|2|0|0|0|0|0
[ReplaySync] RZ1|CHK|64|1|50|0|0|0|10|0|0|0|1|0
[ReplaySync] RZ1|65|1|OP11-107|0|45|0|3|0|0|0|0|0
[ReplaySync] RZ1|CHK|65|1|50|0|0|0|10|0|0|0|1|0
[ReplaySync] RZ1|66|1|EB04-018|0|8|0|4|0|0|0|0|0
[ReplaySync] RZ1|CHK|66|1|50|0|0|0|10|0|0|0|1|0
[ReplaySync] RZ1|67|1|EB04-011|0|21|0|5|0|0|0|0|0
[ReplaySync] RZ1|CHK|67|1|50|0|0|0|10|0|0|0|1|0
[ReplaySync] RZ1|68|1|OP12-102|0|14|0|6|0|0|0|0|0
[ReplaySync] RZ1|CHK|68|1|50|0|0|0|10|0|0|0|1|0
[ReplaySync] RZ1|69|1|EB04-016|0|34|0|7|0|0|0|0|0
[ReplaySync] RZ1|CHK|69|1|50|0|0|0|10|0|0|0|1|0
[ReplaySync] RZ1|70|1|OP10-112|0|19|0|8|0|0|0|0|0
[ReplaySync] RZ1|CHK|70|1|50|0|0|0|10|0|0|0|1|0
[ReplaySync] RZ1|71|1|OP11-100|0|47|0|9|0|0|0|0|0
[ReplaySync] RZ1|CHK|71|1|50|0|0|0|10|0|0|0|1|0
[ReplaySync] RZ1|72|1|OP11-100|0|17|0|10|0|0|0|0|0
[ReplaySync] RZ1|CHK|72|1|50|0|0|0|10|0|0|0|1|0
[ReplaySync] RZ1|73|1|OP11-107|0|28|0|12|0|0|0|0|0
[ReplaySync] RZ1|CHK|73|1|50|0|0|0|10|0|0|0|1|0
[ReplaySync] RZ1|74|1|OP11-030|0|31|0|13|0|0|0|0|0
[ReplaySync] RZ1|CHK|74|1|50|0|0|0|10|0|0|0|1|0
[ReplaySync] RZ1|75|1|OP11-030|0|42|0|14|0|0|0|0|0
[ReplaySync] RZ1|CHK|75|1|50|0|0|0|10|0|0|0|1|0
[ReplaySync] RZ1|76|1|OP11-036|0|25|0|15|0|0|0|0|0
[ReplaySync] RZ1|CHK|76|1|50|0|0|0|10|0|0|0|1|0
[ReplaySync] RZ1|77|1|EB04-018|0|40|0|16|0|0|0|0|0
[ReplaySync] RZ1|CHK|77|1|50|0|0|0|10|0|0|0|1|0
[ReplaySync] RZ1|78|1|EB04-011|0|41|0|17|0|0|0|0|0
[ReplaySync] RZ1|CHK|78|1|50|0|0|0|10|0|0|0|1|0
[ReplaySync] RZ1|79|1|OP13-040|0|25|0|18|0|0|0|0|0
[ReplaySync] RZ1|CHK|79|1|50|0|0|0|10|0|0|0|1|0
[ReplaySync] RZ1|80|1|OP11-030|0|33|0|19|0|0|0|0|0
[ReplaySync] RZ1|CHK|80|1|50|0|0|0|10|0|0|0|1|0
[ReplaySync] RZ1|81|1|OP11-107|0|34|0|20|0|0|0|0|0
[ReplaySync] RZ1|CHK|81|1|50|0|0|0|10|0|0|0|1|0
[ReplaySync] RZ1|82|1|OP13-040|0|24|0|21|0|0|0|0|0
[ReplaySync] RZ1|CHK|82|1|50|0|0|0|10|0|0|0|1|0
[ReplaySync] RZ1|83|1|OP08-036|0|25|0|22|0|0|0|0|0
[ReplaySync] RZ1|CHK|83|1|50|0|0|0|10|0|0|0|1|0
[ReplaySync] RZ1|84|1|EB04-011|0|43|0|23|0|0|0|0|0
[ReplaySync] RZ1|CHK|84|1|50|0|0|0|10|0|0|0|1|0
[ReplaySync] RZ1|85|1|OP11-030|0|31|0|26|0|0|0|0|0
[ReplaySync] RZ1|CHK|85|1|50|0|0|0|10|0|0|0|1|0
[ReplaySync] RZ1|86|1|OP08-036|0|47|0|27|0|0|0|0|0
[ReplaySync] RZ1|CHK|86|1|50|0|0|0|10|0|0|0|1|0
[ReplaySync] RZ1|87|1|OP11-100|0|43|0|28|0|0|0|0|0
[ReplaySync] RZ1|CHK|87|1|50|0|0|0|10|0|0|0|1|0
[ReplaySync] RZ1|88|1|OP13-040|0|45|0|29|0|0|0|0|0
[ReplaySync] RZ1|CHK|88|1|50|0|0|0|10|0|0|0|1|0
[ReplaySync] RZ1|89|1|EB04-018|0|42|0|30|0|0|0|0|0
[ReplaySync] RZ1|CHK|89|1|50|0|0|0|10|0|0|0|1|0
[ReplaySync] RZ1|90|1|OP12-102|0|33|0|31|0|0|0|0|0
[ReplaySync] RZ1|CHK|90|1|50|0|0|0|10|0|0|0|1|0
[ReplaySync] RZ1|91|1|EB04-011|0|45|0|32|0|0|0|0|0
[ReplaySync] RZ1|CHK|91|1|50|0|0|0|10|0|0|0|1|0
[ReplaySync] RZ1|92|1|OP11-036|0|39|0|34|0|0|0|0|0
[ReplaySync] RZ1|CHK|92|1|50|0|0|0|10|0|0|0|1|0
[ReplaySync] RZ1|93|1|OP10-112|0|45|0|35|0|0|0|0|0
[ReplaySync] RZ1|CHK|93|1|50|0|0|0|10|0|0|0|1|0
[ReplaySync] RZ1|94|1|EB04-016|0|44|0|36|0|0|0|0|0
[ReplaySync] RZ1|CHK|94|1|50|0|0|0|10|0|0|0|1|0
[ReplaySync] RZ1|95|1|OP08-036|0|39|0|38|0|0|0|0|0
[ReplaySync] RZ1|CHK|95|1|50|0|0|0|10|0|0|0|1|0
[ReplaySync] RZ1|96|1|OP06-035|0|47|0|40|0|0|0|0|0
[ReplaySync] RZ1|CHK|96|1|50|0|0|0|10|0|0|0|1|0
[ReplaySync] RZ1|97|1|EB03-052|0|47|0|41|0|0|0|0|0
[ReplaySync] RZ1|CHK|97|1|50|0|0|0|10|0|0|0|1|0
[ReplaySync] RZ1|98|1|OP11-115|0|43|0|42|0|0|0|0|0
[ReplaySync] RZ1|CHK|98|1|50|0|0|0|10|0|0|0|1|0
[ReplaySync] RZ1|99|1|EB03-052|0|47|0|43|0|0|0|0|0
[ReplaySync] RZ1|CHK|99|1|50|0|0|0|10|0|0|0|1|0
[ReplaySync] RZ1|100|1|OP11-036|0|47|0|44|0|0|0|0|0
[ReplaySync] RZ1|CHK|100|1|50|0|0|0|10|0|0|0|1|0
[ReplaySync] RZ1|101|1|OP12-102|0|46|0|45|0|0|0|0|0
[ReplaySync] RZ1|CHK|101|1|50|0|0|0|10|0|0|0|1|0
[ReplaySync] RZ1|102|1|EB04-016|0|47|0|46|0|0|0|0|0
[ReplaySync] RZ1|CHK|102|1|50|0|0|0|10|0|0|0|1|0
[ReplaySync] RZ1|103|1|OP11-100|0|49|0|47|0|0|0|0|0
[ReplaySync] RZ1|CHK|103|1|50|0|0|0|10|0|0|0|1|0
[ReplaySync] RZ1|104|1|EB03-052|0|49|1|0|1|1|0|0|0
[ReplaySync] RZ1|CHK|104|1|49|1|0|0|10|0|0|0|1|0
[ReplaySync] RZ1|105|1|EB04-018|0|48|1|1|1|1|0|0|0
[ReplaySync] RZ1|CHK|105|1|48|2|0|0|10|0|0|0|1|0
[ReplaySync] RZ1|106|1|OP11-100|0|47|1|2|1|1|0|0|0
[ReplaySync] RZ1|CHK|106|1|47|3|0|0|10|0|0|0|1|0
[ReplaySync] RZ1|107|1|EB04-016|0|46|1|3|1|1|0|0|0
[ReplaySync] RZ1|CHK|107|1|46|4|0|0|10|0|0|0|1|0
[ReplaySync] RZ1|108|1|OP12-102|0|45|1|4|1|1|0|0|0
[ReplaySync] RZ1|CHK|108|1|45|5|0|0|10|0|0|0|1|0
[ReplaySync] RZ1|109|1|OP11-036|0|44|3|0|1|0|0|0|0
[ReplaySync] RZ1|CHK|109|1|44|5|0|1|10|0|0|0|1|0
[ReplaySync] RZ1|110|1|EB03-052|0|43|3|1|1|0|0|0|0
[ReplaySync] RZ1|CHK|110|1|43|5|0|2|10|0|0|0|1|0
[ReplaySync] RZ1|111|1|OP11-115|0|42|3|2|1|0|0|0|0
[ReplaySync] RZ1|CHK|111|1|42|5|0|3|10|0|0|0|1|0
[ReplaySync] RZ1|112|1|EB03-052|0|41|3|3|1|0|0|0|0
[ReplaySync] RZ1|CHK|112|1|41|5|0|4|10|0|0|0|1|0
[ReplaySync] RZ1|113|1|OP06-035|0|40|3|4|1|0|0|0|0
[ReplaySync] RZ1|CHK|113|1|40|5|0|5|10|0|0|0|1|0
Hand after Mulligan: [EB03-052,EB04-018,OP11-100,EB04-016,OP12-102]
chose to mulligan
[ReplaySync] RZ1|114|2|OP15-051|0|44|3|0|0|1|0|0|0
[ReplaySync] RZ1|CHK|114|2|44|5|0|1|10|0|0|0|1|0
[ReplaySync] RZ1|115|2|OP15-051|0|43|3|1|0|1|0|0|0
[ReplaySync] RZ1|CHK|115|2|43|5|0|2|10|0|0|0|1|0
[ReplaySync] RZ1|116|2|OP10-045|0|42|3|2|0|1|0|0|0
[ReplaySync] RZ1|CHK|116|2|42|5|0|3|10|0|0|0|1|0
[ReplaySync] RZ1|117|2|OP11-061|0|41|3|3|0|1|0|0|0
[ReplaySync] RZ1|CHK|117|2|41|5|0|4|10|0|0|0|1|0
[ReplaySync] RZ1|118|2|OP11-061|0|40|3|4|0|1|0|0|0
[ReplaySync] RZ1|CHK|118|2|40|5|0|5|10|0|0|0|1|0
chose to keep
[] Hand: [EB03-052,EB04-018,OP11-100,EB04-016,OP12-102]
[] Board: []
[] Trash: []
[] Life: 5
[ReplaySync] RZ1|119|1|Don|4|9|5|0|1|1|0|0|0
[ReplaySync] RZ1|CHK|119|1|40|5|0|5|9|1|0|0|1|0
start action phase for player (0), curr state is PlayerTurn_Action
[] Hand: [EB03-052,EB04-018,OP11-100,EB04-016,OP12-102]
[] Board: []
[] Trash: []
[] Life: 5
[] Hand: [OP15-053,OP15-052,OP10-060,OP10-060,OP15-040]
[] Board: []
[] Trash: []
[] Life: 5
[ReplaySync] RZ1|120|2|OP10-045|0|39|1|5|1|1|0|0|0
[ReplaySync] RZ1|CHK|120|2|39|6|0|5|10|0|0|0|1|0
[ReplaySync] RZ1|121|2|Don|4|9|5|0|1|1|0|0|0
[ReplaySync] RZ1|CHK|121|2|39|6|0|5|9|1|0|0|1|0
[ReplaySync] RZ1|122|2|Don|4|8|5|1|1|1|0|0|0
[ReplaySync] RZ1|CHK|122|2|39|6|0|5|8|2|0|0|1|0
start action phase for player (1), curr state is PlayerTurn_Action
[] Hand: [OP15-053,OP15-052,OP10-060,OP10-060,OP15-040,OP10-045]
[] Board: []
[] Trash: []
[] Life: 5
[] Hand: [EB03-052,EB04-018,OP11-100,EB04-016,OP12-102]
[] Board: []
[] Trash: []
[] Life: 5
[ReplaySync] RZ1|123|1|OP11-115|0|39|1|5|1|1|0|0|0
[ReplaySync] RZ1|CHK|123|1|39|6|0|5|9|1|0|0|1|0
[ReplaySync] RZ1|124|1|Don|4|8|5|1|1|1|0|0|0
[ReplaySync] RZ1|CHK|124|1|39|6|0|5|8|2|0|0|1|0
[ReplaySync] RZ1|125|1|Don|4|7|5|2|1|1|0|0|0
[ReplaySync] RZ1|CHK|125|1|39|6|0|5|7|3|0|0|1|0
start action phase for player (0), curr state is PlayerTurn_Action
[] Hand: [EB03-052,EB04-018,OP11-100,EB04-016,OP12-102,OP11-115]
[] Board: []
[] Trash: []
[] Life: 5
[] Hand: [OP15-053,OP15-052,OP10-060,OP10-060,OP15-040,OP10-045]
[] Board: []
[] Trash: []
[] Life: 5
[ReplaySync] RZ1|126|2|OP07-051|0|38|1|6|1|1|0|0|0
[ReplaySync] RZ1|CHK|126|2|38|7|0|5|8|2|0|0|1|0
[ReplaySync] RZ1|127|2|Don|4|7|5|2|1|1|0|0|0
[ReplaySync] RZ1|CHK|127|2|38|7|0|5|7|3|0|0|1|0
[ReplaySync] RZ1|128|2|Don|4|6|5|3|1|1|0|0|0
[ReplaySync] RZ1|CHK|128|2|38|7|0|5|6|4|0|0|1|0
start action phase for player (1), curr state is PlayerTurn_Action
[] Hand: [OP15-053,OP15-052,OP10-060,OP10-060,OP15-040,OP10-045,OP07-051]
[] Board: []
[] Trash: []
[] Life: 5
[] Hand: [EB03-052,EB04-018,OP11-100,EB04-016,OP12-102,OP11-115]
[] Board: []
[] Trash: []
[] Life: 5
[ReplaySync] RZ1|129|1|OP08-036|0|38|1|6|1|1|0|0|0
[ReplaySync] RZ1|CHK|129|1|38|7|0|5|7|3|0|0|1|0
[ReplaySync] RZ1|130|1|Don|4|6|5|3|1|1|0|0|0
[ReplaySync] RZ1|CHK|130|1|38|7|0|5|6|4|0|0|1|0
[ReplaySync] RZ1|131|1|Don|4|5|5|4|1|1|0|0|0
[ReplaySync] RZ1|CHK|131|1|38|7|0|5|5|5|0|0|1|0
start action phase for player (0), curr state is PlayerTurn_Action
[] Hand: [EB03-052,EB04-018,OP11-100,EB04-016,OP12-102,OP11-115,OP08-036]
[] Board: []
[] Trash: []
[] Life: 5
[] Hand: [OP15-053,OP15-052,OP10-060,OP10-060,OP15-040,OP10-045,OP07-051]
[] Board: []
[] Trash: []
[] Life: 5
[ReplaySync] RZ1|132|2|OP15-047|0|37|1|7|1|1|0|0|0
[ReplaySync] RZ1|CHK|132|2|37|8|0|5|6|4|0|0|1|0
[ReplaySync] RZ1|133|2|Don|4|5|5|4|1|1|0|0|0
[ReplaySync] RZ1|CHK|133|2|37|8|0|5|5|5|0|0|1|0
[ReplaySync] RZ1|134|2|Don|4|4|5|5|1|1|0|0|0
[ReplaySync] RZ1|CHK|134|2|37|8|0|5|4|6|0|0|1|0
start action phase for player (1), curr state is PlayerTurn_Action
[ReplaySync] RZ1|135|2|Don|5|0|5|0|1|1|1|0|0
[ReplaySync] RZ1|CHK|135|2|37|8|0|5|4|6|0|0|1|0
[ReplaySync] RZ1|136|2|Don|5|1|5|1|1|1|1|0|0
[ReplaySync] RZ1|CHK|136|2|37|8|0|5|4|6|0|0|1|0
[ReplaySync] RZ1|137|2|Don|5|2|5|2|1|1|1|0|0
[ReplaySync] RZ1|CHK|137|2|37|8|0|5|4|6|0|0|1|0
[ReplaySync] RZ1|138|2|OP15-047|1|7|2|0|1|1|0|0|0
[ReplaySync] RZ1|CHK|138|2|37|7|1|5|4|6|0|0|1|0
Queue up V3 Action [Sanji [<mark><link="OP15-047">OP15-047</link></mark>]]<1>(100)]
Reset action phase opp action False opp resolving False
start action phase for player (1), curr state is PlayerTurn_Action
Start using only available action
Start Using V3 Action [Sanji [<mark><link="OP15-047">OP15-047</link></mark>]]<1>
Check Control Flip
V3 Action FULL Targets!
Do V3 Action Step 0
Next V3Action Step 1
CLEAR SAVE QUEUE
resolve action
ResolvePendingKOs
KO QUEUE HAS 0 CARDS
SAVE QUEUE HAS 0 CARDS
trying to active failed ko
switch: PlayerTurn_Action
Reset action phase opp action False opp resolving False
start action phase for player (1), curr state is PlayerTurn_Action
[] Hand: [OP15-053,OP15-052,OP10-060,OP10-060,OP15-040,OP10-045,OP07-051]
[] Board: [OP15-047]
[] Trash: []
[] Life: 5
[] Hand: [EB03-052,EB04-018,OP11-100,EB04-016,OP12-102,OP11-115,OP08-036]
[] Board: []
[] Trash: []
[] Life: 5
[ReplaySync] RZ1|139|1|OP11-107|0|37|1|7|1|1|0|0|0
[ReplaySync] RZ1|CHK|139|1|37|8|0|5|5|5|0|0|1|0
Clicking hand card
[ReplaySync] RZ1|140|1|Don|4|4|5|5|1|1|0|0|0
[ReplaySync] RZ1|CHK|140|1|37|8|0|5|4|6|0|0|1|0
[ReplaySync] RZ1|141|1|Don|4|3|5|6|1|1|0|0|0
[ReplaySync] RZ1|CHK|141|1|37|8|0|5|3|7|0|0|1|0
start action phase for player (0), curr state is PlayerTurn_Action
Clicking hand card
[ReplaySync] RZ1|142|1|Don|5|0|5|0|1|1|1|0|0
[ReplaySync] RZ1|CHK|142|1|37|8|0|5|3|7|0|0|1|0
[ReplaySync] RZ1|143|1|Don|5|1|5|1|1|1|1|0|0
[ReplaySync] RZ1|CHK|143|1|37|8|0|5|3|7|0|0|1|0
[ReplaySync] RZ1|144|1|Don|5|2|5|2|1|1|1|0|0
[ReplaySync] RZ1|CHK|144|1|37|8|0|5|3|7|0|0|1|0
[ReplaySync] RZ1|145|1|Don|5|3|5|3|1|1|1|0|0
[ReplaySync] RZ1|CHK|145|1|37|8|0|5|3|7|0|0|1|0
[ReplaySync] RZ1|146|1|EB04-018|1|1|2|0|1|1|0|0|0
[ReplaySync] RZ1|CHK|146|1|37|7|1|5|3|7|0|0|1|0
Queue up V3 Action [Megalo [<mark><link="EB04-018">EB04-018</link></mark>]]<0>(101)]
Reset action phase opp action False opp resolving False
start action phase for player (0), curr state is PlayerTurn_Action
Start using only available action
Start Using V3 Action [Megalo [<mark><link="EB04-018">EB04-018</link></mark>]]<0>
Check Control Flip
V3 Action FULL Targets!
Do V3 Action Step 0
REST SELF CHECK
Next V3Action Step 1
Clear Prev Targets
1.24a replacement effect check
Return to Main
CLEAR SAVE QUEUE
Create Web Request for maebatsu twitch
Web Request Finished
Unloading 6 Unused Serialized files (Serialized files now loaded: 0)
UnloadTime: 2.684000 ms
Unloading 39 unused Assets to reduce memory usage. Loaded Objects now: 5573.
Total: 32.959000 ms (FindLiveObjects: 0.236400 ms CreateObjectMapping: 0.071600 ms MarkObjects: 30.924900 ms  DeleteObjects: 1.725600 ms)

Unloading 4 Unused Serialized files (Serialized files now loaded: 0)
UnloadTime: 48.877300 ms
CARD DB AWAKE
Add UnityAuthSignIn
Cached session exists. Attempting to restore session...
AuthenticationException: Invalid state for this operation. The player is already signed in.
  at HostJoinScript.StartSigningInUnity () [0x000c6] in <eb6f3bcee4b74554851fe9f367938f13>:0 
UnityEngine.DebugLogHandler:Internal_LogException_Injected(Exception, IntPtr)
UnityEngine.DebugLogHandler:Internal_LogException(Exception, Object)
UnityEngine.DebugLogHandler:LogException(Exception, Object)
UnityEngine.Logger:LogException(Exception, Object)
UnityEngine.Debug:LogException(Exception)
<StartSigningInUnity>d__209:MoveNext()
System.Runtime.CompilerServices.AsyncTaskMethodBuilder:Start(<StartSigningInUnity>d__209&)
HostJoinScript:StartSigningInUnity()
<InitUnityServices>d__210:MoveNext()
System.Runtime.CompilerServices.AsyncTaskMethodBuilder:Start(<InitUnityServices>d__210&)
HostJoinScript:InitUnityServices()
<Awake>d__205:MoveNext()
System.Runtime.CompilerServices.AsyncVoidMethodBuilder:Start(<Awake>d__205&)
HostJoinScript:Awake()

DontDestroyOnLoad only works for root GameObjects or components on root GameObjects.
GAMEPLAY LOGIC AWAKE
Check https://dqaqduerpx7rd.cloudfront.net/1.41b_Set_7
HTTP/1.1 403 Forbidden
Check https://dqaqduerpx7rd.cloudfront.net/1.41b_Card_22
HTTP/1.1 403 Forbidden
Check https://dqaqduerpx7rd.cloudfront.net/1.41b_Format_1
HTTP/1.1 403 Forbidden
Check https://dqaqduerpx7rd.cloudfront.net/1.41b_Message_8
HTTP/1.1 403 Forbidden
Check https://dqaqduerpx7rd.cloudfront.net/1.41b_Sponsor_3
HTTP/1.1 403 Forbidden
--- LOAD MINI OVERRIDES ---
C:/Users/Nperr/AppData/LocalLow/Batsu/OPTCGSim\1.41b\Sets
C:/Users/Nperr/AppData/LocalLow/Batsu/OPTCGSim\1.41b\Sets\OP17.json
FOUND: OP17
C:/Users/Nperr/AppData/LocalLow/Batsu/OPTCGSim\1.41b\Sets\P.json
FOUND: P
C:/Users/Nperr/AppData/LocalLow/Batsu/OPTCGSim\1.41b\Cards
C:/Users/Nperr/AppData/LocalLow/Batsu/OPTCGSim\1.41b\Cards\OP15-058.json
FOUND: OP15-058
C:/Users/Nperr/AppData/LocalLow/Batsu/OPTCGSim\1.41b\Cards\OP17-004.json
FOUND: OP17-004
C:/Users/Nperr/AppData/LocalLow/Batsu/OPTCGSim\1.41b\Cards\OP17-005.json
FOUND: OP17-005
C:/Users/Nperr/AppData/LocalLow/Batsu/OPTCGSim\1.41b\Cards\OP17-020.json
FOUND: OP17-020
C:/Users/Nperr/AppData/LocalLow/Batsu/OPTCGSim\1.41b\Cards\OP17-022.json
FOUND: OP17-022
C:/Users/Nperr/AppData/LocalLow/Batsu/OPTCGSim\1.41b\Cards\OP17-028.json
FOUND: OP17-028
C:/Users/Nperr/AppData/LocalLow/Batsu/OPTCGSim\1.41b\Cards\OP17-031.json
FOUND: OP17-031
C:/Users/Nperr/AppData/LocalLow/Batsu/OPTCGSim\1.41b\Cards\OP17-058.json
FOUND: OP17-058
C:/Users/Nperr/AppData/LocalLow/Batsu/OPTCGSim\1.41b\Cards\OP17-062.json
FOUND: OP17-062
C:/Users/Nperr/AppData/LocalLow/Batsu/OPTCGSim\1.41b\Cards\OP17-063.json
FOUND: OP17-063
C:/Users/Nperr/AppData/LocalLow/Batsu/OPTCGSim\1.41b\Cards\OP17-072.json
FOUND: OP17-072
C:/Users/Nperr/AppData/LocalLow/Batsu/OPTCGSim\1.41b\Cards\OP17-080.json
FOUND: OP17-080
C:/Users/Nperr/AppData/LocalLow/Batsu/OPTCGSim\1.41b\Cards\OP17-083.json
FOUND: OP17-083
C:/Users/Nperr/AppData/LocalLow/Batsu/OPTCGSim\1.41b\Cards\OP17-090.json
FOUND: OP17-090
C:/Users/Nperr/AppData/LocalLow/Batsu/OPTCGSim\1.41b\Cards\OP17-099.json
FOUND: OP17-099
C:/Users/Nperr/AppData/LocalLow/Batsu/OPTCGSim\1.41b\Cards\OP17-105.json
FOUND: OP17-105
C:/Users/Nperr/AppData/LocalLow/Batsu/OPTCGSim\1.41b\Cards\OP17-112.json
FOUND: OP17-112
C:/Users/Nperr/AppData/LocalLow/Batsu/OPTCGSim\1.41b\Cards\P-161.json
FOUND: P-161
C:/Users/Nperr/AppData/LocalLow/Batsu/OPTCGSim\1.41b\Formats
C:/Users/Nperr/AppData/LocalLow/Batsu/OPTCGSim\1.41b\Messages
C:/Users/Nperr/AppData/LocalLow/Batsu/OPTCGSim\1.41b\Messages\Action.OP17-020.json
FOUND: Action.OP17-020
C:/Users/Nperr/AppData/LocalLow/Batsu/OPTCGSim\1.41b\Messages\Action.OP17-063.json
FOUND: Action.OP17-063
C:/Users/Nperr/AppData/LocalLow/Batsu/OPTCGSim\1.41b\Messages\Choice.DonTap1.json
FOUND: Choice.DonTap1
C:/Users/Nperr/AppData/LocalLow/Batsu/OPTCGSim\1.41b\Messages\Choice.Nothing.json
FOUND: Choice.Nothing
C:/Users/Nperr/AppData/LocalLow/Batsu/OPTCGSim\1.41b\Messages\Choice.OppTrashHeal.json
FOUND: Choice.OppTrashHeal
C:/Users/Nperr/AppData/LocalLow/Batsu/OPTCGSim\1.41b\Messages\Choice.RandomTrash.json
FOUND: Choice.RandomTrash
C:/Users/Nperr/AppData/LocalLow/Batsu/OPTCGSim\1.41b\Messages\Choice.Trash1.json
FOUND: Choice.Trash1
C:/Users/Nperr/AppData/LocalLow/Batsu/OPTCGSim\1.41b\Sponsors
C:/Users/Nperr/AppData/LocalLow/Batsu/OPTCGSim\1.41b\Sponsors\2.json
FOUND: 2
bMuteChat False
Load LUD Shirahoshi
Populate Deck Names
Valid Deck Decks\Becca v1.deck
Valid Deck Decks\Becca v2.deck
Valid Deck Decks\Becca.deck
Valid Deck Decks\Enel.deck
Valid Deck Decks\Lucy.deck
Valid Deck Decks\Shirahoshi.deck
Valid Deck Decks\ST01 - Strawhat.deck
Valid Deck Decks\ST02 - Worst Generation.deck
Valid Deck Decks\ST03 - Seven Warlords.deck
Valid Deck Decks\ST04 - Animal Kingdom.deck
Valid Deck Decks\ST05 - Film Red.deck
Valid Deck Decks\Supernova Yamato.deck
sim version: 1.41b
Create Web Request for maebatsu twitch
Web Request Finished
Unloading 47 unused Assets to reduce memory usage. Loaded Objects now: 7543.
Total: 29.787600 ms (FindLiveObjects: 0.329100 ms CreateObjectMapping: 0.068000 ms MarkObjects: 29.321800 ms  DeleteObjects: 0.068400 ms)

Find NetworkManager
284e9d92f9d83bff4d823f37229cea8a6f0f002fe55b4ce1a099115ff98356b1
Create Web Request for maebatsu twitch
Web Request Finished
Validate Decks Private
Set LUD to Lucy
shuffle deck for 
Got shuffle: 32-37-7-16-27-36-8-34-25-47-42-35-13-6-10-31-0-39-38-15-2-26-14-19-46-9-44-21-45-4-28-30-20-12-23-11-5-49-43-41-40-29-17-3-18-33-48-22-1-24
System.String[]
[ReplaySync] RZ1|HDR|1.41b|2|RZ1
[ReplaySync] RZ1|PLY|1||OP15-002
[ReplaySync] RZ1|PLY|2||
[ReplaySync] Skipping replay sync after move emit failed: System.NullReferenceException: Object reference not set to an instance of an object
  at GameplayLogicScript.CardObjectInOpponentDeploy (UnityEngine.GameObject go_Card) [0x00006] in <eb6f3bcee4b74554851fe9f367938f13>:0 
  at GameplayLogicScript.ReplaySync_ComputePowerCostDelta (UnityEngine.GameObject go, System.Int32& powDelta, System.Int32& costDelta) [0x0003d] in <eb6f3bcee4b74554851fe9f367938f13>:0 
  at GameplayLogicScript.ReplaySync_EmitMoveUnsafe (PlayerState psOwner, UnityEngine.GameObject go, System.Int32 oz, System.Int32 os, System.Int32 dz, System.Int32 ds) [0x00038] in <eb6f3bcee4b74554851fe9f367938f13>:0 
  at GameplayLogicScript.ReplaySync_EmitMove (PlayerState psOwner, UnityEngine.GameObject go, System.Int32 oz, System.Int32 os, System.Int32 dz, System.Int32 ds) [0x00000] in <eb6f3bcee4b74554851fe9f367938f13>:0 
shuffle deck for 
Got shuffle: 45-20-5-47-31-30-43-23-46-4-12-42-1-3-0-9-29-21-10-33-41-36-19-32-28-39-37-2-26-8-38-27-11-6-14-16-22-18-25-48-13-40-17-34-24-15-35-44-7-49
System.String[]
[ReplaySync] RZ1|1|2|OP11-061|0|45|0|0|0|0|0|0|0
[ReplaySync] RZ1|CHK|1|2|50|0|0|0|10|0|0|0|1|0
[ReplaySync] RZ1|2|2|OP15-051|0|21|0|1|0|0|0|0|0
[ReplaySync] RZ1|CHK|2|2|50|0|0|0|10|0|0|0|1|0
[ReplaySync] RZ1|3|2|OP15-052|0|7|0|2|0|0|0|0|0
[ReplaySync] RZ1|CHK|3|2|50|0|0|0|10|0|0|0|1|0
[ReplaySync] RZ1|4|2|OP10-060|0|47|0|3|0|0|0|0|0
[ReplaySync] RZ1|CHK|4|2|50|0|0|0|10|0|0|0|1|0
[ReplaySync] RZ1|5|2|OP07-051|0|33|0|4|0|0|0|0|0
[ReplaySync] RZ1|CHK|5|2|50|0|0|0|10|0|0|0|1|0
[ReplaySync] RZ1|6|2|OP07-051|0|33|0|5|0|0|0|0|0
[ReplaySync] RZ1|CHK|6|2|50|0|0|0|10|0|0|0|1|0
[ReplaySync] RZ1|7|2|OP10-059|0|45|0|6|0|0|0|0|0
[ReplaySync] RZ1|CHK|7|2|50|0|0|0|10|0|0|0|1|0
[ReplaySync] RZ1|8|2|OP15-051|0|28|0|7|0|0|0|0|0
[ReplaySync] RZ1|CHK|8|2|50|0|0|0|10|0|0|0|1|0
[ReplaySync] RZ1|9|2|OP10-060|0|47|0|8|0|0|0|0|0
[ReplaySync] RZ1|CHK|9|2|50|0|0|0|10|0|0|0|1|0
[ReplaySync] RZ1|10|2|OP15-052|0|13|0|9|0|0|0|0|0
[ReplaySync] RZ1|CHK|10|2|50|0|0|0|10|0|0|0|1|0
[ReplaySync] RZ1|11|2|OP15-042|0|20|0|10|0|0|0|0|0
[ReplaySync] RZ1|CHK|11|2|50|0|0|0|10|0|0|0|1|0
[ReplaySync] RZ1|12|2|OP10-059|0|46|0|11|0|0|0|0|0
[ReplaySync] RZ1|CHK|12|2|50|0|0|0|10|0|0|0|1|0
[ReplaySync] RZ1|13|2|OP15-040|0|13|0|12|0|0|0|0|0
[ReplaySync] RZ1|CHK|13|2|50|0|0|0|10|0|0|0|1|0
[ReplaySync] RZ1|14|2|OP15-040|0|15|0|13|0|0|0|0|0
[ReplaySync] RZ1|CHK|14|2|50|0|0|0|10|0|0|0|1|0
[ReplaySync] RZ1|15|2|OP15-053|0|19|0|15|0|0|0|0|0
[ReplaySync] RZ1|CHK|15|2|50|0|0|0|10|0|0|0|1|0
[ReplaySync] RZ1|16|2|OP07-051|0|36|0|16|0|0|0|0|0
[ReplaySync] RZ1|CHK|16|2|50|0|0|0|10|0|0|0|1|0
[ReplaySync] RZ1|17|2|OP15-051|0|30|0|17|0|0|0|0|0
[ReplaySync] RZ1|CHK|17|2|50|0|0|0|10|0|0|0|1|0
[ReplaySync] RZ1|18|2|OP15-053|0|22|0|18|0|0|0|0|0
[ReplaySync] RZ1|CHK|18|2|50|0|0|0|10|0|0|0|1|0
[ReplaySync] RZ1|19|2|OP15-046|0|38|0|19|0|0|0|0|0
[ReplaySync] RZ1|CHK|19|2|50|0|0|0|10|0|0|0|1|0
[ReplaySync] RZ1|20|2|OP10-059|0|46|0|20|0|0|0|0|0
[ReplaySync] RZ1|CHK|20|2|50|0|0|0|10|0|0|0|1|0
[ReplaySync] RZ1|21|2|OP14-049|0|42|0|21|0|0|0|0|0
[ReplaySync] RZ1|CHK|21|2|50|0|0|0|10|0|0|0|1|0
[ReplaySync] RZ1|22|2|OP15-047|0|33|0|22|0|0|0|0|0
[ReplaySync] RZ1|CHK|22|2|50|0|0|0|10|0|0|0|1|0
[ReplaySync] RZ1|23|2|OP15-046|0|40|0|23|0|0|0|0|0
[ReplaySync] RZ1|CHK|23|2|50|0|0|0|10|0|0|0|1|0
[ReplaySync] RZ1|24|2|OP07-051|0|40|0|24|0|0|0|0|0
[ReplaySync] RZ1|CHK|24|2|50|0|0|0|10|0|0|0|1|0
[ReplaySync] RZ1|25|2|OP14-049|0|45|0|25|0|0|0|0|0
[ReplaySync] RZ1|CHK|25|2|50|0|0|0|10|0|0|0|1|0
[ReplaySync] RZ1|26|2|OP14-049|0|44|0|26|0|0|0|0|0
[ReplaySync] RZ1|CHK|26|2|50|0|0|0|10|0|0|0|1|0
[ReplaySync] RZ1|27|2|OP10-045|0|41|0|28|0|0|0|0|0
[ReplaySync] RZ1|CHK|27|2|50|0|0|0|10|0|0|0|1|0
[ReplaySync] RZ1|28|2|OP15-053|0|31|0|29|0|0|0|0|0
[ReplaySync] RZ1|CHK|28|2|50|0|0|0|10|0|0|0|1|0
[ReplaySync] RZ1|29|2|OP14-049|0|45|0|30|0|0|0|0|0
[ReplaySync] RZ1|CHK|29|2|50|0|0|0|10|0|0|0|1|0
[ReplaySync] RZ1|30|2|OP10-045|0|43|0|31|0|0|0|0|0
[ReplaySync] RZ1|CHK|30|2|50|0|0|0|10|0|0|0|1|0
[ReplaySync] RZ1|31|2|OP15-053|0|34|0|32|0|0|0|0|0
[ReplaySync] RZ1|CHK|31|2|50|0|0|0|10|0|0|0|1|0
[ReplaySync] RZ1|32|2|OP15-042|0|36|0|34|0|0|0|0|0
[ReplaySync] RZ1|CHK|32|2|50|0|0|0|10|0|0|0|1|0
[ReplaySync] RZ1|33|2|OP15-047|0|38|0|35|0|0|0|0|0
[ReplaySync] RZ1|CHK|33|2|50|0|0|0|10|0|0|0|1|0
[ReplaySync] RZ1|34|2|OP15-051|0|41|0|36|0|0|0|0|0
[ReplaySync] RZ1|CHK|34|2|50|0|0|0|10|0|0|0|1|0
[ReplaySync] RZ1|35|2|OP15-047|0|41|0|37|0|0|0|0|0
[ReplaySync] RZ1|CHK|35|2|50|0|0|0|10|0|0|0|1|0
[ReplaySync] RZ1|36|2|OP10-045|0|43|0|38|0|0|0|0|0
[ReplaySync] RZ1|CHK|36|2|50|0|0|0|10|0|0|0|1|0
[ReplaySync] RZ1|37|2|OP10-060|0|48|0|39|0|0|0|0|0
[ReplaySync] RZ1|CHK|37|2|50|0|0|0|10|0|0|0|1|0
[ReplaySync] RZ1|38|2|OP15-042|0|41|0|40|0|0|0|0|0
[ReplaySync] RZ1|CHK|38|2|50|0|0|0|10|0|0|0|1|0
[ReplaySync] RZ1|39|2|OP10-059|0|47|0|41|0|0|0|0|0
[ReplaySync] RZ1|CHK|39|2|50|0|0|0|10|0|0|0|1|0
[ReplaySync] RZ1|40|2|OP15-047|0|44|0|42|0|0|0|0|0
[ReplaySync] RZ1|CHK|40|2|50|0|0|0|10|0|0|0|1|0
[ReplaySync] RZ1|41|2|OP15-046|0|46|0|43|0|0|0|0|0
[ReplaySync] RZ1|CHK|41|2|50|0|0|0|10|0|0|0|1|0
[ReplaySync] RZ1|42|2|OP10-045|0|46|0|44|0|0|0|0|0
[ReplaySync] RZ1|CHK|42|2|50|0|0|0|10|0|0|0|1|0
[ReplaySync] RZ1|43|2|OP15-042|0|46|0|45|0|0|0|0|0
[ReplaySync] RZ1|CHK|43|2|50|0|0|0|10|0|0|0|1|0
[ReplaySync] RZ1|44|2|OP15-046|0|47|0|46|0|0|0|0|0
[ReplaySync] RZ1|CHK|44|2|50|0|0|0|10|0|0|0|1|0
[ReplaySync] RZ1|45|2|OP11-061|0|48|0|47|0|0|0|0|0
[ReplaySync] RZ1|CHK|45|2|50|0|0|0|10|0|0|0|1|0
Playing with deck: Lucy
CLEAR SAVE QUEUE
[ReplaySync] RZ1|46|1|OP15-046|0|49|1|0|1|1|0|0|0
[ReplaySync] RZ1|CHK|46|1|49|1|0|0|10|0|0|0|1|0
[ReplaySync] RZ1|47|1|OP15-014|0|48|1|1|1|1|0|0|0
[ReplaySync] RZ1|CHK|47|1|48|2|0|0|10|0|0|0|1|0
[ReplaySync] RZ1|48|1|OP15-046|0|47|1|2|1|1|0|0|0
[ReplaySync] RZ1|CHK|48|1|47|3|0|0|10|0|0|0|1|0
[ReplaySync] RZ1|49|1|OP10-060|0|46|1|3|1|1|0|0|0
[ReplaySync] RZ1|CHK|49|1|46|4|0|0|10|0|0|0|1|0
[ReplaySync] RZ1|50|1|OP15-020|0|45|1|4|1|1|0|0|0
[ReplaySync] RZ1|CHK|50|1|45|5|0|0|10|0|0|0|1|0
[ReplaySync] RZ1|51|2|OP10-060|0|49|1|0|1|1|0|0|0
[ReplaySync] RZ1|CHK|51|2|49|1|0|0|10|0|0|0|1|0
[ReplaySync] RZ1|52|2|OP15-052|0|48|1|1|1|1|0|0|0
[ReplaySync] RZ1|CHK|52|2|48|2|0|0|10|0|0|0|1|0
[ReplaySync] RZ1|53|2|OP11-061|0|47|1|2|1|1|0|0|0
[ReplaySync] RZ1|CHK|53|2|47|3|0|0|10|0|0|0|1|0
[ReplaySync] RZ1|54|2|OP15-046|0|46|1|3|1|1|0|0|0
[ReplaySync] RZ1|CHK|54|2|46|4|0|0|10|0|0|0|1|0
[ReplaySync] RZ1|55|2|OP15-042|0|45|1|4|1|1|0|0|0
[ReplaySync] RZ1|CHK|55|2|45|5|0|0|10|0|0|0|1|0
[ReplaySync] RZ1|56|1|OP15-046|1|0|0|45|0|0|0|0|0
[ReplaySync] RZ1|CHK|56|1|46|4|0|0|10|0|0|0|1|0
[ReplaySync] RZ1|57|1|OP15-014|1|0|0|46|0|0|0|0|0
[ReplaySync] RZ1|CHK|57|1|47|3|0|0|10|0|0|0|1|0
[ReplaySync] RZ1|58|1|OP15-046|1|0|0|47|0|0|0|0|0
[ReplaySync] RZ1|CHK|58|1|48|2|0|0|10|0|0|0|1|0
[ReplaySync] RZ1|59|1|OP10-060|1|0|0|48|0|0|0|0|0
[ReplaySync] RZ1|CHK|59|1|49|1|0|0|10|0|0|0|1|0
[ReplaySync] RZ1|60|1|OP15-020|1|0|0|49|0|0|0|0|0
[ReplaySync] RZ1|CHK|60|1|50|0|0|0|10|0|0|0|1|0
shuffle deck for 
Got shuffle: 0-15-30-16-25-14-4-37-20-36-31-7-8-40-45-49-6-41-32-10-38-28-29-34-5-46-3-11-27-33-48-12-43-9-19-42-17-35-24-2-23-44-1-47-39-13-18-22-26-21
System.String[]
[ReplaySync] RZ1|61|1|OP15-021|0|15|0|1|0|0|0|0|0
[ReplaySync] RZ1|CHK|61|1|50|0|0|0|10|0|0|0|1|0
[ReplaySync] RZ1|62|1|OP15-019|0|30|0|2|0|0|0|0|0
[ReplaySync] RZ1|CHK|62|1|50|0|0|0|10|0|0|0|1|0
[ReplaySync] RZ1|63|1|OP15-014|0|17|0|3|0|0|0|0|0
[ReplaySync] RZ1|CHK|63|1|50|0|0|0|10|0|0|0|1|0
[ReplaySync] RZ1|64|1|OP15-052|0|26|0|4|0|0|0|0|0
[ReplaySync] RZ1|CHK|64|1|50|0|0|0|10|0|0|0|1|0
[ReplaySync] RZ1|65|1|OP15-052|0|18|0|5|0|0|0|0|0
[ReplaySync] RZ1|CHK|65|1|50|0|0|0|10|0|0|0|1|0
[ReplaySync] RZ1|66|1|OP05-019|0|9|0|6|0|0|0|0|0
[ReplaySync] RZ1|CHK|66|1|50|0|0|0|10|0|0|0|1|0
[ReplaySync] RZ1|67|1|OP15-057|0|37|0|7|0|0|0|0|0
[ReplaySync] RZ1|CHK|67|1|50|0|0|0|10|0|0|0|1|0
[ReplaySync] RZ1|68|1|OP15-014|0|23|0|8|0|0|0|0|0
[ReplaySync] RZ1|CHK|68|1|50|0|0|0|10|0|0|0|1|0
[ReplaySync] RZ1|69|1|OP15-040|0|37|0|9|0|0|0|0|0
[ReplaySync] RZ1|CHK|69|1|50|0|0|0|10|0|0|0|1|0
[ReplaySync] RZ1|70|1|OP15-021|0|33|0|10|0|0|0|0|0
[ReplaySync] RZ1|CHK|70|1|50|0|0|0|10|0|0|0|1|0
[ReplaySync] RZ1|71|1|OP15-020|0|16|0|11|0|0|0|0|0
[ReplaySync] RZ1|CHK|71|1|50|0|0|0|10|0|0|0|1|0
[ReplaySync] RZ1|72|1|OP05-019|0|17|0|12|0|0|0|0|0
[ReplaySync] RZ1|CHK|72|1|50|0|0|0|10|0|0|0|1|0
[ReplaySync] RZ1|73|1|OP15-055|0|40|0|13|0|0|0|0|0
[ReplaySync] RZ1|CHK|73|1|50|0|0|0|10|0|0|0|1|0
[ReplaySync] RZ1|74|1|OP15-046|0|45|0|14|0|0|0|0|0
[ReplaySync] RZ1|CHK|74|1|50|0|0|0|10|0|0|0|1|0
[ReplaySync] RZ1|75|1|OP15-020|0|49|0|15|0|0|0|0|0
[ReplaySync] RZ1|CHK|75|1|50|0|0|0|10|0|0|0|1|0
[ReplaySync] RZ1|76|1|OP15-052|0|20|0|16|0|0|0|0|0
[ReplaySync] RZ1|CHK|76|1|50|0|0|0|10|0|0|0|1|0
[ReplaySync] RZ1|77|1|OP15-019|0|43|0|17|0|0|0|0|0
[ReplaySync] RZ1|CHK|77|1|50|0|0|0|10|0|0|0|1|0
[ReplaySync] RZ1|78|1|OP08-047|0|38|0|18|0|0|0|0|0
[ReplaySync] RZ1|CHK|78|1|50|0|0|0|10|0|0|0|1|0
[ReplaySync] RZ1|79|1|OP15-054|0|24|0|19|0|0|0|0|0
[ReplaySync] RZ1|CHK|79|1|50|0|0|0|10|0|0|0|1|0
[ReplaySync] RZ1|80|1|OP15-054|0|42|0|20|0|0|0|0|0
[ReplaySync] RZ1|CHK|80|1|50|0|0|0|10|0|0|0|1|0
[ReplaySync] RZ1|81|1|OP10-060|0|38|0|21|0|0|0|0|0
[ReplaySync] RZ1|CHK|81|1|50|0|0|0|10|0|0|0|1|0
[ReplaySync] RZ1|82|1|OP15-040|0|39|0|22|0|0|0|0|0
[ReplaySync] RZ1|CHK|82|1|50|0|0|0|10|0|0|0|1|0
[ReplaySync] RZ1|83|1|OP15-046|0|41|0|23|0|0|0|0|0
[ReplaySync] RZ1|CHK|83|1|50|0|0|0|10|0|0|0|1|0
[ReplaySync] RZ1|84|1|OP15-020|0|27|0|24|0|0|0|0|0
[ReplaySync] RZ1|CHK|84|1|50|0|0|0|10|0|0|0|1|0
[ReplaySync] RZ1|85|1|OP15-014|0|47|0|25|0|0|0|0|0
[ReplaySync] RZ1|CHK|85|1|50|0|0|0|10|0|0|0|1|0
[ReplaySync] RZ1|86|1|OP10-045|0|28|0|26|0|0|0|0|0
[ReplaySync] RZ1|CHK|86|1|50|0|0|0|10|0|0|0|1|0
[ReplaySync] RZ1|87|1|OP15-020|0|30|0|27|0|0|0|0|0
[ReplaySync] RZ1|CHK|87|1|50|0|0|0|10|0|0|0|1|0
[ReplaySync] RZ1|88|1|OP15-046|0|41|0|28|0|0|0|0|0
[ReplaySync] RZ1|CHK|88|1|50|0|0|0|10|0|0|0|1|0
[ReplaySync] RZ1|89|1|OP15-053|0|42|0|29|0|0|0|0|0
[ReplaySync] RZ1|CHK|89|1|50|0|0|0|10|0|0|0|1|0
[ReplaySync] RZ1|90|1|OP10-060|0|49|0|30|0|0|0|0|0
[ReplaySync] RZ1|CHK|90|1|50|0|0|0|10|0|0|0|1|0
[ReplaySync] RZ1|91|1|OP15-053|0|34|0|31|0|0|0|0|0
[ReplaySync] RZ1|CHK|91|1|50|0|0|0|10|0|0|0|1|0
[ReplaySync] RZ1|92|1|OP09-118|0|47|0|32|0|0|0|0|0
[ReplaySync] RZ1|CHK|92|1|50|0|0|0|10|0|0|0|1|0
[ReplaySync] RZ1|93|1|OP10-060|0|35|0|33|0|0|0|0|0
[ReplaySync] RZ1|CHK|93|1|50|0|0|0|10|0|0|0|1|0
[ReplaySync] RZ1|94|1|OP15-053|0|39|0|34|0|0|0|0|0
[ReplaySync] RZ1|CHK|94|1|50|0|0|0|10|0|0|0|1|0
[ReplaySync] RZ1|95|1|OP10-045|0|47|0|35|0|0|0|0|0
[ReplaySync] RZ1|CHK|95|1|50|0|0|0|10|0|0|0|1|0
[ReplaySync] RZ1|96|1|OP15-055|0|39|0|36|0|0|0|0|0
[ReplaySync] RZ1|CHK|96|1|50|0|0|0|10|0|0|0|1|0
[ReplaySync] RZ1|97|1|OP15-052|0|46|0|37|0|0|0|0|0
[ReplaySync] RZ1|CHK|97|1|50|0|0|0|10|0|0|0|1|0
[ReplaySync] RZ1|98|1|OP10-060|0|45|0|38|0|0|0|0|0
[ReplaySync] RZ1|CHK|98|1|50|0|0|0|10|0|0|0|1|0
[ReplaySync] RZ1|99|1|OP15-040|0|40|0|39|0|0|0|0|0
[ReplaySync] RZ1|CHK|99|1|50|0|0|0|10|0|0|0|1|0
[ReplaySync] RZ1|100|1|OP08-047|0|45|0|40|0|0|0|0|0
[ReplaySync] RZ1|CHK|100|1|50|0|0|0|10|0|0|0|1|0
[ReplaySync] RZ1|101|1|OP10-045|0|48|0|41|0|0|0|0|0
[ReplaySync] RZ1|CHK|101|1|50|0|0|0|10|0|0|0|1|0
[ReplaySync] RZ1|102|1|OP15-046|0|49|0|43|0|0|0|0|0
[ReplaySync] RZ1|CHK|102|1|50|0|0|0|10|0|0|0|1|0
[ReplaySync] RZ1|103|1|OP15-054|0|49|0|44|0|0|0|0|0
[ReplaySync] RZ1|CHK|103|1|50|0|0|0|10|0|0|0|1|0
[ReplaySync] RZ1|104|1|OP15-053|0|48|0|47|0|0|0|0|0
[ReplaySync] RZ1|CHK|104|1|50|0|0|0|10|0|0|0|1|0
[ReplaySync] RZ1|105|1|OP15-054|0|49|0|48|0|0|0|0|0
[ReplaySync] RZ1|CHK|105|1|50|0|0|0|10|0|0|0|1|0
[ReplaySync] RZ1|106|1|OP05-019|0|49|1|0|1|1|0|0|0
[ReplaySync] RZ1|CHK|106|1|49|1|0|0|10|0|0|0|1|0
[ReplaySync] RZ1|107|1|OP15-054|0|48|1|1|1|1|0|0|0
[ReplaySync] RZ1|CHK|107|1|48|2|0|0|10|0|0|0|1|0
[ReplaySync] RZ1|108|1|OP15-053|0|47|1|2|1|1|0|0|0
[ReplaySync] RZ1|CHK|108|1|47|3|0|0|10|0|0|0|1|0
[ReplaySync] RZ1|109|1|OP15-055|0|46|1|3|1|1|0|0|0
[ReplaySync] RZ1|CHK|109|1|46|4|0|0|10|0|0|0|1|0
[ReplaySync] RZ1|110|1|OP15-040|0|45|1|4|1|1|0|0|0
[ReplaySync] RZ1|CHK|110|1|45|5|0|0|10|0|0|0|1|0
[ReplaySync] RZ1|111|1|OP15-054|0|44|3|0|1|0|0|0|0
[ReplaySync] RZ1|CHK|111|1|44|5|0|1|10|0|0|0|1|0
[ReplaySync] RZ1|112|1|OP15-046|0|43|3|1|1|0|0|0|0
[ReplaySync] RZ1|CHK|112|1|43|5|0|2|10|0|0|0|1|0
[ReplaySync] RZ1|113|1|OP15-055|0|42|3|2|1|0|0|0|0
[ReplaySync] RZ1|CHK|113|1|42|5|0|3|10|0|0|0|1|0
[ReplaySync] RZ1|114|1|OP10-045|0|41|3|3|1|0|0|0|0
[ReplaySync] RZ1|CHK|114|1|41|5|0|4|10|0|0|0|1|0
Hand after Mulligan: [OP05-019,OP15-054,OP15-053,OP15-055,OP15-040]
chose to mulligan
[ReplaySync] RZ1|115|2|OP10-060|1|0|0|45|0|0|0|0|0
[ReplaySync] RZ1|CHK|115|2|46|4|0|0|10|0|0|0|1|0
[ReplaySync] RZ1|116|2|OP15-052|1|0|0|46|0|0|0|0|0
[ReplaySync] RZ1|CHK|116|2|47|3|0|0|10|0|0|0|1|0
[ReplaySync] RZ1|117|2|OP11-061|1|0|0|47|0|0|0|0|0
[ReplaySync] RZ1|CHK|117|2|48|2|0|0|10|0|0|0|1|0
[ReplaySync] RZ1|118|2|OP15-046|1|0|0|48|0|0|0|0|0
[ReplaySync] RZ1|CHK|118|2|49|1|0|0|10|0|0|0|1|0
[ReplaySync] RZ1|119|2|OP15-042|1|0|0|49|0|0|0|0|0
[ReplaySync] RZ1|CHK|119|2|50|0|0|0|10|0|0|0|1|0
shuffle deck for 
Got shuffle: 15-23-42-4-43-0-27-33-14-25-11-35-28-44-12-19-29-5-10-1-13-26-18-32-20-49-8-47-6-36-9-31-40-39-37-21-16-34-48-2-41-30-46-24-38-22-17-7-3-45
System.String[]
[ReplaySync] RZ1|120|2|OP15-053|0|15|0|0|0|0|0|0|0
[ReplaySync] RZ1|CHK|120|2|50|0|0|0|10|0|0|0|1|0
[ReplaySync] RZ1|121|2|OP15-046|0|23|0|1|0|0|0|0|0
[ReplaySync] RZ1|CHK|121|2|50|0|0|0|10|0|0|0|1|0
[ReplaySync] RZ1|122|2|OP15-047|0|42|0|2|0|0|0|0|0
[ReplaySync] RZ1|CHK|122|2|50|0|0|0|10|0|0|0|1|0
[ReplaySync] RZ1|123|2|OP07-051|0|7|0|3|0|0|0|0|0
[ReplaySync] RZ1|CHK|123|2|50|0|0|0|10|0|0|0|1|0
[ReplaySync] RZ1|124|2|OP15-046|0|43|0|4|0|0|0|0|0
[ReplaySync] RZ1|CHK|124|2|50|0|0|0|10|0|0|0|1|0
[ReplaySync] RZ1|125|2|OP15-040|0|29|0|6|0|0|0|0|0
[ReplaySync] RZ1|CHK|125|2|50|0|0|0|10|0|0|0|1|0
[ReplaySync] RZ1|126|2|OP15-052|0|35|0|7|0|0|0|0|0
[ReplaySync] RZ1|CHK|126|2|50|0|0|0|10|0|0|0|1|0
[ReplaySync] RZ1|127|2|OP15-040|0|20|0|8|0|0|0|0|0
[ReplaySync] RZ1|CHK|127|2|50|0|0|0|10|0|0|0|1|0
[ReplaySync] RZ1|128|2|OP14-049|0|29|0|9|0|0|0|0|0
[ReplaySync] RZ1|CHK|128|2|50|0|0|0|10|0|0|0|1|0
[ReplaySync] RZ1|129|2|OP10-059|0|19|0|10|0|0|0|0|0
[ReplaySync] RZ1|CHK|129|2|50|0|0|0|10|0|0|0|1|0
[ReplaySync] RZ1|130|2|OP15-047|0|37|0|11|0|0|0|0|0
[ReplaySync] RZ1|CHK|130|2|50|0|0|0|10|0|0|0|1|0
[ReplaySync] RZ1|131|2|OP10-045|0|32|0|12|0|0|0|0|0
[ReplaySync] RZ1|CHK|131|2|50|0|0|0|10|0|0|0|1|0
[ReplaySync] RZ1|132|2|OP10-045|0|44|0|13|0|0|0|0|0
[ReplaySync] RZ1|CHK|132|2|50|0|0|0|10|0|0|0|1|0
[ReplaySync] RZ1|133|2|OP15-040|0|23|0|14|0|0|0|0|0
[ReplaySync] RZ1|CHK|133|2|50|0|0|0|10|0|0|0|1|0
[ReplaySync] RZ1|134|2|OP15-046|0|28|0|15|0|0|0|0|0
[ReplaySync] RZ1|CHK|134|2|50|0|0|0|10|0|0|0|1|0
[ReplaySync] RZ1|135|2|OP15-053|0|34|0|16|0|0|0|0|0
[ReplaySync] RZ1|CHK|135|2|50|0|0|0|10|0|0|0|1|0
[ReplaySync] RZ1|136|2|OP07-051|0|20|0|17|0|0|0|0|0
[ReplaySync] RZ1|CHK|136|2|50|0|0|0|10|0|0|0|1|0
[ReplaySync] RZ1|137|2|OP15-042|0|25|0|18|0|0|0|0|0
[ReplaySync] RZ1|CHK|137|2|50|0|0|0|10|0|0|0|1|0
[ReplaySync] RZ1|138|2|OP15-040|0|26|0|20|0|0|0|0|0
[ReplaySync] RZ1|CHK|138|2|50|0|0|0|10|0|0|0|1|0
[ReplaySync] RZ1|139|2|OP14-049|0|34|0|21|0|0|0|0|0
[ReplaySync] RZ1|CHK|139|2|50|0|0|0|10|0|0|0|1|0
[ReplaySync] RZ1|140|2|OP15-053|0|30|0|22|0|0|0|0|0
[ReplaySync] RZ1|CHK|140|2|50|0|0|0|10|0|0|0|1|0
[ReplaySync] RZ1|141|2|OP15-053|0|37|0|23|0|0|0|0|0
[ReplaySync] RZ1|CHK|141|2|50|0|0|0|10|0|0|0|1|0
[ReplaySync] RZ1|142|2|OP10-059|0|32|0|24|0|0|0|0|0
[ReplaySync] RZ1|CHK|142|2|50|0|0|0|10|0|0|0|1|0
[ReplaySync] RZ1|143|2|OP15-042|0|49|0|25|0|0|0|0|0
[ReplaySync] RZ1|CHK|143|2|50|0|0|0|10|0|0|0|1|0
[ReplaySync] RZ1|144|2|OP10-060|0|30|0|26|0|0|0|0|0
[ReplaySync] RZ1|CHK|144|2|50|0|0|0|10|0|0|0|1|0
[ReplaySync] RZ1|145|2|OP11-061|0|48|0|27|0|0|0|0|0
[ReplaySync] RZ1|CHK|145|2|50|0|0|0|10|0|0|0|1|0
[ReplaySync] RZ1|146|2|OP10-059|0|30|0|28|0|0|0|0|0
[ReplaySync] RZ1|CHK|146|2|50|0|0|0|10|0|0|0|1|0
[ReplaySync] RZ1|147|2|OP15-051|0|41|0|29|0|0|0|0|0
[ReplaySync] RZ1|CHK|147|2|50|0|0|0|10|0|0|0|1|0
[ReplaySync] RZ1|148|2|OP15-052|0|33|0|30|0|0|0|0|0
[ReplaySync] RZ1|CHK|148|2|50|0|0|0|10|0|0|0|1|0
[ReplaySync] RZ1|149|2|OP10-045|0|40|0|31|0|0|0|0|0
[ReplaySync] RZ1|CHK|149|2|50|0|0|0|10|0|0|0|1|0
[ReplaySync] RZ1|150|2|OP15-042|0|45|0|32|0|0|0|0|0
[ReplaySync] RZ1|CHK|150|2|50|0|0|0|10|0|0|0|1|0
[ReplaySync] RZ1|151|2|OP10-060|0|45|0|33|0|0|0|0|0
[ReplaySync] RZ1|CHK|151|2|50|0|0|0|10|0|0|0|1|0
[ReplaySync] RZ1|152|2|OP15-047|0|44|0|34|0|0|0|0|0
[ReplaySync] RZ1|CHK|152|2|50|0|0|0|10|0|0|0|1|0
[ReplaySync] RZ1|153|2|OP14-049|0|40|0|35|0|0|0|0|0
[ReplaySync] RZ1|CHK|153|2|50|0|0|0|10|0|0|0|1|0
[ReplaySync] RZ1|154|2|OP07-051|0|39|0|36|0|0|0|0|0
[ReplaySync] RZ1|CHK|154|2|50|0|0|0|10|0|0|0|1|0
[ReplaySync] RZ1|155|2|OP15-042|0|44|0|37|0|0|0|0|0
[ReplaySync] RZ1|CHK|155|2|50|0|0|0|10|0|0|0|1|0
[ReplaySync] RZ1|156|2|OP15-046|0|49|0|38|0|0|0|0|0
[ReplaySync] RZ1|CHK|156|2|50|0|0|0|10|0|0|0|1|0
[ReplaySync] RZ1|157|2|OP10-059|0|47|0|40|0|0|0|0|0
[ReplaySync] RZ1|CHK|157|2|50|0|0|0|10|0|0|0|1|0
[ReplaySync] RZ1|158|2|OP14-049|0|46|0|41|0|0|0|0|0
[ReplaySync] RZ1|CHK|158|2|50|0|0|0|10|0|0|0|1|0
[ReplaySync] RZ1|159|2|OP15-052|0|49|0|42|0|0|0|0|0
[ReplaySync] RZ1|CHK|159|2|50|0|0|0|10|0|0|0|1|0
[ReplaySync] RZ1|160|2|OP07-051|0|47|0|43|0|0|0|0|0
[ReplaySync] RZ1|CHK|160|2|50|0|0|0|10|0|0|0|1|0
[ReplaySync] RZ1|161|2|OP10-045|0|48|0|44|0|0|0|0|0
[ReplaySync] RZ1|CHK|161|2|50|0|0|0|10|0|0|0|1|0
[ReplaySync] RZ1|162|2|OP15-047|0|48|0|45|0|0|0|0|0
[ReplaySync] RZ1|CHK|162|2|50|0|0|0|10|0|0|0|1|0
[ReplaySync] RZ1|163|2|OP15-051|0|48|0|46|0|0|0|0|0
[ReplaySync] RZ1|CHK|163|2|50|0|0|0|10|0|0|0|1|0
[ReplaySync] RZ1|164|2|OP15-051|0|48|0|47|0|0|0|0|0
[ReplaySync] RZ1|CHK|164|2|50|0|0|0|10|0|0|0|1|0
[ReplaySync] RZ1|165|2|OP10-060|0|49|1|0|1|1|0|0|0
[ReplaySync] RZ1|CHK|165|2|49|1|0|0|10|0|0|0|1|0
[ReplaySync] RZ1|166|2|OP10-060|0|48|1|1|1|1|0|0|0
[ReplaySync] RZ1|CHK|166|2|48|2|0|0|10|0|0|0|1|0
[ReplaySync] RZ1|167|2|OP15-051|0|47|1|2|1|1|0|0|0
[ReplaySync] RZ1|CHK|167|2|47|3|0|0|10|0|0|0|1|0
[ReplaySync] RZ1|168|2|OP15-051|0|46|1|3|1|1|0|0|0
[ReplaySync] RZ1|CHK|168|2|46|4|0|0|10|0|0|0|1|0
[ReplaySync] RZ1|169|2|OP15-047|0|45|1|4|1|1|0|0|0
[ReplaySync] RZ1|CHK|169|2|45|5|0|0|10|0|0|0|1|0
[ReplaySync] RZ1|170|2|OP10-045|0|44|3|0|0|1|0|0|0
[ReplaySync] RZ1|CHK|170|2|44|5|0|1|10|0|0|0|1|0
[ReplaySync] RZ1|171|2|OP07-051|0|43|3|1|0|1|0|0|0
[ReplaySync] RZ1|CHK|171|2|43|5|0|2|10|0|0|0|1|0
[ReplaySync] RZ1|172|2|OP15-052|0|42|3|2|0|1|0|0|0
[ReplaySync] RZ1|CHK|172|2|42|5|0|3|10|0|0|0|1|0
[ReplaySync] RZ1|173|2|OP14-049|0|41|3|3|0|1|0|0|0
[ReplaySync] RZ1|CHK|173|2|41|5|0|4|10|0|0|0|1|0
[ReplaySync] RZ1|174|2|OP10-059|0|40|3|4|0|1|0|0|0
[ReplaySync] RZ1|CHK|174|2|40|5|0|5|10|0|0|0|1|0
Hand after Mulligan: [OP10-060,OP10-060,OP15-051,OP15-051,OP15-047]
chose to mulligan
[] Hand: [OP05-019,OP15-054,OP15-053,OP15-055,OP15-040]
[] Board: []
[] Trash: []
[] Life: 4
[ReplaySync] RZ1|175|1|Don|4|9|5|0|1|1|0|0|0
[ReplaySync] RZ1|CHK|175|1|41|5|0|4|9|1|0|0|1|0
start action phase for player (0), curr state is PlayerTurn_Action
[] Hand: [OP05-019,OP15-054,OP15-053,OP15-055,OP15-040]
[] Board: []
[] Trash: []
[] Life: 4
[] Hand: [OP10-060,OP10-060,OP15-051,OP15-051,OP15-047]
[] Board: []
[] Trash: []
[] Life: 5
[ReplaySync] RZ1|176|2|OP15-052|0|39|1|5|1|1|0|0|0
[ReplaySync] RZ1|CHK|176|2|39|6|0|5|10|0|0|0|1|0
[ReplaySync] RZ1|177|2|Don|4|9|5|0|1|1|0|0|0
[ReplaySync] RZ1|CHK|177|2|39|6|0|5|9|1|0|0|1|0
[ReplaySync] RZ1|178|2|Don|4|8|5|1|1|1|0|0|0
[ReplaySync] RZ1|CHK|178|2|39|6|0|5|8|2|0|0|1|0
start action phase for player (1), curr state is PlayerTurn_Action
[] Hand: [OP10-060,OP10-060,OP15-051,OP15-051,OP15-047,OP15-052]
[] Board: []
[] Trash: []
[] Life: 5
[] Hand: [OP05-019,OP15-054,OP15-053,OP15-055,OP15-040]
[] Board: []
[] Trash: []
[] Life: 4
[ReplaySync] RZ1|179|1|OP08-047|0|40|1|5|1|1|0|0|0
[ReplaySync] RZ1|CHK|179|1|40|6|0|4|9|1|0|0|1|0
[ReplaySync] RZ1|180|1|Don|4|8|5|1|1|1|0|0|0
[ReplaySync] RZ1|CHK|180|1|40|6|0|4|8|2|0|0|1|0
[ReplaySync] RZ1|181|1|Don|4|7|5|2|1|1|0|0|0
[ReplaySync] RZ1|CHK|181|1|40|6|0|4|7|3|0|0|1|0
start action phase for player (0), curr state is PlayerTurn_Action
[] Hand: [OP05-019,OP15-054,OP15-053,OP15-055,OP15-040,OP08-047]
[] Board: []
[] Trash: []
[] Life: 4
[] Hand: [OP10-060,OP10-060,OP15-051,OP15-051,OP15-047,OP15-052]
[] Board: []
[] Trash: []
[] Life: 5
[ReplaySync] RZ1|182|2|OP15-046|0|38|1|6|1|1|0|0|0
[ReplaySync] RZ1|CHK|182|2|38|7|0|5|8|2|0|0|1|0
[ReplaySync] RZ1|183|2|Don|4|7|5|2|1|1|0|0|0
[ReplaySync] RZ1|CHK|183|2|38|7|0|5|7|3|0|0|1|0
[ReplaySync] RZ1|184|2|Don|4|6|5|3|1|1|0|0|0
[ReplaySync] RZ1|CHK|184|2|38|7|0|5|6|4|0|0|1|0
start action phase for player (1), curr state is PlayerTurn_Action
[] Hand: [OP10-060,OP10-060,OP15-051,OP15-051,OP15-047,OP15-052,OP15-046]
[] Board: []
[] Trash: []
[] Life: 5
[] Hand: [OP05-019,OP15-054,OP15-053,OP15-055,OP15-040,OP08-047]
[] Board: []
[] Trash: []
[] Life: 4
[ReplaySync] RZ1|185|1|OP15-040|0|39|1|6|1|1|0|0|0
[ReplaySync] RZ1|CHK|185|1|39|7|0|4|7|3|0|0|1|0
[ReplaySync] RZ1|186|1|Don|4|6|5|3|1|1|0|0|0
[ReplaySync] RZ1|CHK|186|1|39|7|0|4|6|4|0|0|1|0
[ReplaySync] RZ1|187|1|Don|4|5|5|4|1|1|0|0|0
[ReplaySync] RZ1|CHK|187|1|39|7|0|4|5|5|0|0|1|0
start action phase for player (0), curr state is PlayerTurn_Action
[] Hand: [OP05-019,OP15-054,OP15-053,OP15-055,OP15-040,OP08-047,OP15-040]
[] Board: []
[] Trash: []
[] Life: 4
[] Hand: [OP10-060,OP10-060,OP15-051,OP15-051,OP15-047,OP15-052,OP15-046]
[] Board: []
[] Trash: []
[] Life: 5
[ReplaySync] RZ1|188|2|OP15-042|0|37|1|7|1|1|0|0|0
[ReplaySync] RZ1|CHK|188|2|37|8|0|5|6|4|0|0|1|0
[ReplaySync] RZ1|189|2|Don|4|5|5|4|1|1|0|0|0
[ReplaySync] RZ1|CHK|189|2|37|8|0|5|5|5|0|0|1|0
[ReplaySync] RZ1|190|2|Don|4|4|5|5|1|1|0|0|0
[ReplaySync] RZ1|CHK|190|2|37|8|0|5|4|6|0|0|1|0
start action phase for player (1), curr state is PlayerTurn_Action
[] Hand: [OP10-060,OP10-060,OP15-051,OP15-051,OP15-047,OP15-052,OP15-046,OP15-042]
[] Board: []
[] Trash: []
[] Life: 5
[] Hand: [OP05-019,OP15-054,OP15-053,OP15-055,OP15-040,OP08-047,OP15-040]
[] Board: []
[] Trash: []
[] Life: 4
[ReplaySync] RZ1|191|1|OP10-060|0|38|1|7|1|1|0|0|0
[ReplaySync] RZ1|CHK|191|1|38|8|0|4|5|5|0|0|1|0
[ReplaySync] RZ1|192|1|Don|4|4|5|5|1|1|0|0|0
[ReplaySync] RZ1|CHK|192|1|38|8|0|4|4|6|0|0|1|0
[ReplaySync] RZ1|193|1|Don|4|3|5|6|1|1|0|0|0
[ReplaySync] RZ1|CHK|193|1|38|8|0|4|3|7|0|0|1|0
start action phase for player (0), curr state is PlayerTurn_Action
[] Hand: [OP05-019,OP15-054,OP15-053,OP15-055,OP15-040,OP08-047,OP15-040,OP10-060]
[] Board: []
[] Trash: []
[] Life: 4
[] Hand: [OP10-060,OP10-060,OP15-051,OP15-051,OP15-047,OP15-052,OP15-046,OP15-042]
[] Board: []
[] Trash: []
[] Life: 5
[ReplaySync] RZ1|194|2|OP07-051|0|36|1|8|1|1|0|0|0
[ReplaySync] RZ1|CHK|194|2|36|9|0|5|4|6|0|0|1|0
[ReplaySync] RZ1|195|2|Don|4|3|5|6|1|1|0|0|0
[ReplaySync] RZ1|CHK|195|2|36|9|0|5|3|7|0|0|1|0
[ReplaySync] RZ1|196|2|Don|4|2|5|7|1|1|0|0|0
[ReplaySync] RZ1|CHK|196|2|36|9|0|5|2|8|0|0|1|0
start action phase for player (1), curr state is PlayerTurn_Action
[ReplaySync] RZ1|197|2|Don|5|0|5|0|1|1|1|0|0
[ReplaySync] RZ1|CHK|197|2|36|9|0|5|2|8|0|0|1|0
[ReplaySync] RZ1|198|2|Don|5|1|5|1|1|1|1|0|0
[ReplaySync] RZ1|CHK|198|2|36|9|0|5|2|8|0|0|1|0
[ReplaySync] RZ1|199|2|Don|5|2|5|2|1|1|1|0|0
[ReplaySync] RZ1|CHK|199|2|36|9|0|5|2|8|0|0|1|0
[ReplaySync] RZ1|200|2|OP15-051|1|3|2|0|1|1|0|0|0
[ReplaySync] RZ1|CHK|200|2|36|8|1|5|2|8|0|0|1|0
Reset action phase opp action False opp resolving False
start action phase for player (1), curr state is PlayerTurn_Action
[] Hand: [OP10-060,OP10-060,OP15-051,OP15-047,OP15-052,OP15-046,OP15-042,OP07-051]
[] Board: [OP15-051]
[] Trash: []
[] Life: 5
[] Hand: [OP05-019,OP15-054,OP15-053,OP15-055,OP15-040,OP08-047,OP15-040,OP10-060]
[] Board: []
[] Trash: []
[] Life: 4
[ReplaySync] RZ1|201|1|OP15-052|0|37|1|8|1|1|0|0|0
[ReplaySync] RZ1|CHK|201|1|37|9|0|4|3|7|0|0|1|0
[ReplaySync] RZ1|202|1|Don|4|2|5|7|1|1|0|0|0
[ReplaySync] RZ1|CHK|202|1|37|9|0|4|2|8|0|0|1|0
[ReplaySync] RZ1|203|1|Don|4|1|5|8|1|1|0|0|0
[ReplaySync] RZ1|CHK|203|1|37|9|0|4|1|9|0|0|1|0
start action phase for player (0), curr state is PlayerTurn_Action
[] Hand: [OP05-019,OP15-054,OP15-053,OP15-055,OP15-040,OP08-047,OP15-040,OP10-060,OP15-052]
[] Board: []
[] Trash: []
[] Life: 4
[] Hand: [OP10-060,OP10-060,OP15-051,OP15-047,OP15-052,OP15-046,OP15-042,OP07-051]
[] Board: [OP15-051]
[] Trash: []
[] Life: 5
[ReplaySync] RZ1|204|2|OP14-049|0|35|1|8|1|1|0|0|0
[ReplaySync] RZ1|CHK|204|2|35|9|1|5|2|8|0|0|1|0
[ReplaySync] RZ1|205|2|Don|4|1|5|8|1|1|0|0|0
[ReplaySync] RZ1|CHK|205|2|35|9|1|5|1|9|0|0|1|0
[ReplaySync] RZ1|206|2|Don|4|0|5|9|1|1|0|0|0
[ReplaySync] RZ1|CHK|206|2|35|9|1|5|0|10|0|0|1|0
start action phase for player (1), curr state is PlayerTurn_Action
[] Hand: [OP10-060,OP10-060,OP15-051,OP15-047,OP15-052,OP15-046,OP15-042,OP07-051,OP14-049]
[] Board: [OP15-051]
[] Trash: []
[] Life: 5
[] Hand: [OP05-019,OP15-054,OP15-053,OP15-055,OP15-040,OP08-047,OP15-040,OP10-060,OP15-052]
[] Board: []
[] Trash: []
[] Life: 4
[ReplaySync] RZ1|207|1|OP15-055|0|36|1|9|1|1|0|0|0
[ReplaySync] RZ1|CHK|207|1|36|10|0|4|1|9|0|0|1|0
[ReplaySync] RZ1|208|1|Don|4|0|5|9|1|1|0|0|0
[ReplaySync] RZ1|CHK|208|1|36|10|0|4|0|10|0|0|1|0
start action phase for player (0), curr state is PlayerTurn_Action
[] Hand: [OP05-019,OP15-054,OP15-053,OP15-055,OP15-040,OP08-047,OP15-040,OP10-060,OP15-052,OP15-055]
[] Board: []
[] Trash: []
[] Life: 4
[] Hand: [OP10-060,OP10-060,OP15-051,OP15-047,OP15-052,OP15-046,OP15-042,OP07-051,OP14-049]
[] Board: [OP15-051]
[] Trash: []
[] Life: 5
[ReplaySync] RZ1|209|2|OP15-047|0|34|1|9|1|1|0|0|0
[ReplaySync] RZ1|CHK|209|2|34|10|1|5|0|10|0|0|1|0
start action phase for player (1), curr state is PlayerTurn_Action
[] Hand: [OP10-060,OP10-060,OP15-051,OP15-047,OP15-052,OP15-046,OP15-042,OP07-051,OP14-049,OP15-047]
[] Board: [OP15-051]
[] Trash: []
[] Life: 5
[] Hand: [OP05-019,OP15-054,OP15-053,OP15-055,OP15-040,OP08-047,OP15-040,OP10-060,OP15-052,OP15-055]
[] Board: []
[] Trash: []
[] Life: 4
[ReplaySync] RZ1|210|1|OP10-045|0|35|1|10|1|1|0|0|0
[ReplaySync] RZ1|CHK|210|1|35|11|0|4|0|10|0|0|1|0
start action phase for player (0), curr state is PlayerTurn_Action
[] Hand: [OP05-019,OP15-054,OP15-053,OP15-055,OP15-040,OP08-047,OP15-040,OP10-060,OP15-052,OP15-055,OP10-045]
[] Board: []
[] Trash: []
[] Life: 4
[] Hand: [OP10-060,OP10-060,OP15-051,OP15-047,OP15-052,OP15-046,OP15-042,OP07-051,OP14-049,OP15-047]
[] Board: [OP15-051]
[] Trash: []
[] Life: 5
[ReplaySync] RZ1|211|2|OP10-060|0|33|1|10|1|1|0|0|0
[ReplaySync] RZ1|CHK|211|2|33|11|1|5|0|10|0|0|1|0
start action phase for player (1), curr state is PlayerTurn_Action
[] Hand: [OP10-060,OP10-060,OP15-051,OP15-047,OP15-052,OP15-046,OP15-042,OP07-051,OP14-049,OP15-047,OP10-060]
[] Board: [OP15-051]
[] Trash: []
[] Life: 5
[] Hand: [OP05-019,OP15-054,OP15-053,OP15-055,OP15-040,OP08-047,OP15-040,OP10-060,OP15-052,OP15-055,OP10-045]
[] Board: []
[] Trash: []
[] Life: 4
[ReplaySync] RZ1|212|1|OP15-053|0|34|1|11|1|1|0|0|0
[ReplaySync] RZ1|CHK|212|1|34|12|0|4|0|10|0|0|1|0
start action phase for player (0), curr state is PlayerTurn_Action
[] Hand: [OP05-019,OP15-054,OP15-053,OP15-055,OP15-040,OP08-047,OP15-040,OP10-060,OP15-052,OP15-055,OP10-045,OP15-053]
[] Board: []
[] Trash: []
[] Life: 4
[] Hand: [OP10-060,OP10-060,OP15-051,OP15-047,OP15-052,OP15-046,OP15-042,OP07-051,OP14-049,OP15-047,OP10-060]
[] Board: [OP15-051]
[] Trash: []
[] Life: 5
[ReplaySync] RZ1|213|2|OP15-042|0|32|1|11|1|1|0|0|0
[ReplaySync] RZ1|CHK|213|2|32|12|1|5|0|10|0|0|1|0
start action phase for player (1), curr state is PlayerTurn_Action
[] Hand: [OP10-060,OP10-060,OP15-051,OP15-047,OP15-052,OP15-046,OP15-042,OP07-051,OP14-049,OP15-047,OP10-060,OP15-042]
[] Board: [OP15-051]
[] Trash: []
[] Life: 5
[] Hand: [OP05-019,OP15-054,OP15-053,OP15-055,OP15-040,OP08-047,OP15-040,OP10-060,OP15-052,OP15-055,OP10-045,OP15-053]
[] Board: []
[] Trash: []
[] Life: 4
[ReplaySync] RZ1|214|1|OP10-060|0|33|1|12|1|1|0|0|0
[ReplaySync] RZ1|CHK|214|1|33|13|0|4|0|10|0|0|1|0
start action phase for player (0), curr state is PlayerTurn_Action
[] Hand: [OP05-019,OP15-054,OP15-053,OP15-055,OP15-040,OP08-047,OP15-040,OP10-060,OP15-052,OP15-055,OP10-045,OP15-053,OP10-060]
[] Board: []
[] Trash: []
[] Life: 4
[] Hand: [OP10-060,OP10-060,OP15-051,OP15-047,OP15-052,OP15-046,OP15-042,OP07-051,OP14-049,OP15-047,OP10-060,OP15-042]
[] Board: [OP15-051]
[] Trash: []
[] Life: 5
[ReplaySync] RZ1|215|2|OP10-045|0|31|1|12|1|1|0|0|0
[ReplaySync] RZ1|CHK|215|2|31|13|1|5|0|10|0|0|1|0
start action phase for player (1), curr state is PlayerTurn_Action
[] Hand: [OP10-060,OP10-060,OP15-051,OP15-047,OP15-052,OP15-046,OP15-042,OP07-051,OP14-049,OP15-047,OP10-060,OP15-042,OP10-045]
[] Board: [OP15-051]
[] Trash: []
[] Life: 5
[] Hand: [OP05-019,OP15-054,OP15-053,OP15-055,OP15-040,OP08-047,OP15-040,OP10-060,OP15-052,OP15-055,OP10-045,OP15-053,OP10-060]
[] Board: []
[] Trash: []
[] Life: 4
[ReplaySync] RZ1|216|1|OP09-118|0|32|1|13|1|1|0|0|0
[ReplaySync] RZ1|CHK|216|1|32|14|0|4|0|10|0|0|1|0
start action phase for player (0), curr state is PlayerTurn_Action
[] Hand: [OP05-019,OP15-054,OP15-053,OP15-055,OP15-040,OP08-047,OP15-040,OP10-060,OP15-052,OP15-055,OP10-045,OP15-053,OP10-060,OP09-118]
[] Board: []
[] Trash: []
[] Life: 4
[] Hand: [OP10-060,OP10-060,OP15-051,OP15-047,OP15-052,OP15-046,OP15-042,OP07-051,OP14-049,OP15-047,OP10-060,OP15-042,OP10-045]
[] Board: [OP15-051]
[] Trash: []
[] Life: 5
[ReplaySync] RZ1|217|2|OP15-052|0|30|1|13|1|1|0|0|0
[ReplaySync] RZ1|CHK|217|2|30|14|1|5|0|10|0|0|1|0
start action phase for player (1), curr state is PlayerTurn_Action
[] Hand: [OP10-060,OP10-060,OP15-051,OP15-047,OP15-052,OP15-046,OP15-042,OP07-051,OP14-049,OP15-047,OP10-060,OP15-042,OP10-045,OP15-052]
[] Board: [OP15-051]
[] Trash: []
[] Life: 5
[] Hand: [OP05-019,OP15-054,OP15-053,OP15-055,OP15-040,OP08-047,OP15-040,OP10-060,OP15-052,OP15-055,OP10-045,OP15-053,OP10-060,OP09-118]
[] Board: []
[] Trash: []
[] Life: 4
[ReplaySync] RZ1|218|1|OP15-053|0|31|1|14|1|1|0|0|0
[ReplaySync] RZ1|CHK|218|1|31|15|0|4|0|10|0|0|1|0
start action phase for player (0), curr state is PlayerTurn_Action
[] Hand: [OP05-019,OP15-054,OP15-053,OP15-055,OP15-040,OP08-047,OP15-040,OP10-060,OP15-052,OP15-055,OP10-045,OP15-053,OP10-060,OP09-118,OP15-053]
[] Board: []
[] Trash: []
[] Life: 4
[] Hand: [OP10-060,OP10-060,OP15-051,OP15-047,OP15-052,OP15-046,OP15-042,OP07-051,OP14-049,OP15-047,OP10-060,OP15-042,OP10-045,OP15-052]
[] Board: [OP15-051]
[] Trash: []
[] Life: 5
[ReplaySync] RZ1|219|2|OP15-051|0|29|1|14|1|1|0|0|0
[ReplaySync] RZ1|CHK|219|2|29|15|1|5|0|10|0|0|1|0
start action phase for player (1), curr state is PlayerTurn_Action
[] Hand: [OP10-060,OP10-060,OP15-051,OP15-047,OP15-052,OP15-046,OP15-042,OP07-051,OP14-049,OP15-047,OP10-060,OP15-042,OP10-045,OP15-052,OP15-051]
[] Board: [OP15-051]
[] Trash: []
[] Life: 5
[] Hand: [OP05-019,OP15-054,OP15-053,OP15-055,OP15-040,OP08-047,OP15-040,OP10-060,OP15-052,OP15-055,OP10-045,OP15-053,OP10-060,OP09-118,OP15-053]
[] Board: []
[] Trash: []
[] Life: 4
[ReplaySync] RZ1|220|1|OP10-060|0|30|1|15|1|1|0|0|0
[ReplaySync] RZ1|CHK|220|1|30|16|0|4|0|10|0|0|1|0
start action phase for player (0), curr state is PlayerTurn_Action
[] Hand: [OP05-019,OP15-054,OP15-053,OP15-055,OP15-040,OP08-047,OP15-040,OP10-060,OP15-052,OP15-055,OP10-045,OP15-053,OP10-060,OP09-118,OP15-053,OP10-060]
[] Board: []
[] Trash: []
[] Life: 4
[] Hand: [OP10-060,OP10-060,OP15-051,OP15-047,OP15-052,OP15-046,OP15-042,OP07-051,OP14-049,OP15-047,OP10-060,OP15-042,OP10-045,OP15-052,OP15-051]
[] Board: [OP15-051]
[] Trash: []
[] Life: 5
[ReplaySync] RZ1|221|2|OP10-059|0|28|1|15|1|1|0|0|0
[ReplaySync] RZ1|CHK|221|2|28|16|1|5|0|10|0|0|1|0
start action phase for player (1), curr state is PlayerTurn_Action
[] Hand: [OP10-060,OP10-060,OP15-051,OP15-047,OP15-052,OP15-046,OP15-042,OP07-051,OP14-049,OP15-047,OP10-060,OP15-042,OP10-045,OP15-052,OP15-051,OP10-059]
[] Board: [OP15-051]
[] Trash: []
[] Life: 5
[] Hand: [OP05-019,OP15-054,OP15-053,OP15-055,OP15-040,OP08-047,OP15-040,OP10-060,OP15-052,OP15-055,OP10-045,OP15-053,OP10-060,OP09-118,OP15-053,OP10-060]
[] Board: []
[] Trash: []
[] Life: 4
[ReplaySync] RZ1|222|1|OP15-053|0|29|1|16|1|1|0|0|0
[ReplaySync] RZ1|CHK|222|1|29|17|0|4|0|10|0|0|1|0
start action phase for player (0), curr state is PlayerTurn_Action
[] Hand: [OP05-019,OP15-054,OP15-053,OP15-055,OP15-040,OP08-047,OP15-040,OP10-060,OP15-052,OP15-055,OP10-045,OP15-053,OP10-060,OP09-118,OP15-053,OP10-060,OP15-053]
[] Board: []
[] Trash: []
[] Life: 4
[] Hand: [OP10-060,OP10-060,OP15-051,OP15-047,OP15-052,OP15-046,OP15-042,OP07-051,OP14-049,OP15-047,OP10-060,OP15-042,OP10-045,OP15-052,OP15-051,OP10-059]
[] Board: [OP15-051]
[] Trash: []
[] Life: 5
[ReplaySync] RZ1|223|2|OP11-061|0|27|1|16|1|1|0|0|0
[ReplaySync] RZ1|CHK|223|2|27|17|1|5|0|10|0|0|1|0
start action phase for player (1), curr state is PlayerTurn_Action
[] Hand: [OP10-060,OP10-060,OP15-051,OP15-047,OP15-052,OP15-046,OP15-042,OP07-051,OP14-049,OP15-047,OP10-060,OP15-042,OP10-045,OP15-052,OP15-051,OP10-059,OP11-061]
[] Board: [OP15-051]
[] Trash: []
[] Life: 5
[] Hand: [OP05-019,OP15-054,OP15-053,OP15-055,OP15-040,OP08-047,OP15-040,OP10-060,OP15-052,OP15-055,OP10-045,OP15-053,OP10-060,OP09-118,OP15-053,OP10-060,OP15-053]
[] Board: []
[] Trash: []
[] Life: 4
[ReplaySync] RZ1|224|1|OP15-046|0|28|1|17|1|1|0|0|0
[ReplaySync] RZ1|CHK|224|1|28|18|0|4|0|10|0|0|1|0
start action phase for player (0), curr state is PlayerTurn_Action
[] Hand: [OP05-019,OP15-054,OP15-053,OP15-055,OP15-040,OP08-047,OP15-040,OP10-060,OP15-052,OP15-055,OP10-045,OP15-053,OP10-060,OP09-118,OP15-053,OP10-060,OP15-053,OP15-046]
[] Board: []
[] Trash: []
[] Life: 4
[] Hand: [OP10-060,OP10-060,OP15-051,OP15-047,OP15-052,OP15-046,OP15-042,OP07-051,OP14-049,OP15-047,OP10-060,OP15-042,OP10-045,OP15-052,OP15-051,OP10-059,OP11-061]
[] Board: [OP15-051]
[] Trash: []
[] Life: 5
[ReplaySync] RZ1|225|2|OP10-060|0|26|1|17|1|1|0|0|0
[ReplaySync] RZ1|CHK|225|2|26|18|1|5|0|10|0|0|1|0
start action phase for player (1), curr state is PlayerTurn_Action
[] Hand: [OP10-060,OP10-060,OP15-051,OP15-047,OP15-052,OP15-046,OP15-042,OP07-051,OP14-049,OP15-047,OP10-060,OP15-042,OP10-045,OP15-052,OP15-051,OP10-059,OP11-061,OP10-060]
[] Board: [OP15-051]
[] Trash: []
[] Life: 5
[] Hand: [OP05-019,OP15-054,OP15-053,OP15-055,OP15-040,OP08-047,OP15-040,OP10-060,OP15-052,OP15-055,OP10-045,OP15-053,OP10-060,OP09-118,OP15-053,OP10-060,OP15-053,OP15-046]
[] Board: []
[] Trash: []
[] Life: 4
[ReplaySync] RZ1|226|1|OP15-020|0|27|1|18|1|1|0|0|0
[ReplaySync] RZ1|CHK|226|1|27|19|0|4|0|10|0|0|1|0
start action phase for player (0), curr state is PlayerTurn_Action
[] Hand: [OP05-019,OP15-054,OP15-053,OP15-055,OP15-040,OP08-047,OP15-040,OP10-060,OP15-052,OP15-055,OP10-045,OP15-053,OP10-060,OP09-118,OP15-053,OP10-060,OP15-053,OP15-046,OP15-020]
[] Board: []
[] Trash: []
[] Life: 4
[] Hand: [OP10-060,OP10-060,OP15-051,OP15-047,OP15-052,OP15-046,OP15-042,OP07-051,OP14-049,OP15-047,OP10-060,OP15-042,OP10-045,OP15-052,OP15-051,OP10-059,OP11-061,OP10-060]
[] Board: [OP15-051]
[] Trash: []
[] Life: 5
[ReplaySync] RZ1|227|2|OP15-042|0|25|1|18|1|1|0|0|0
[ReplaySync] RZ1|CHK|227|2|25|19|1|5|0|10|0|0|1|0
start action phase for player (1), curr state is PlayerTurn_Action
[] Hand: [OP10-060,OP10-060,OP15-051,OP15-047,OP15-052,OP15-046,OP15-042,OP07-051,OP14-049,OP15-047,OP10-060,OP15-042,OP10-045,OP15-052,OP15-051,OP10-059,OP11-061,OP10-060,OP15-042]
[] Board: [OP15-051]
[] Trash: []
[] Life: 5
[] Hand: [OP05-019,OP15-054,OP15-053,OP15-055,OP15-040,OP08-047,OP15-040,OP10-060,OP15-052,OP15-055,OP10-045,OP15-053,OP10-060,OP09-118,OP15-053,OP10-060,OP15-053,OP15-046,OP15-020]
[] Board: []
[] Trash: []
[] Life: 4
[ReplaySync] RZ1|228|1|OP10-045|0|26|1|19|1|1|0|0|0
[ReplaySync] RZ1|CHK|228|1|26|20|0|4|0|10|0|0|1|0
start action phase for player (0), curr state is PlayerTurn_Action
[] Hand: [OP05-019,OP15-054,OP15-053,OP15-055,OP15-040,OP08-047,OP15-040,OP10-060,OP15-052,OP15-055,OP10-045,OP15-053,OP10-060,OP09-118,OP15-053,OP10-060,OP15-053,OP15-046,OP15-020,OP10-045]
[] Board: []
[] Trash: []
[] Life: 4
[] Hand: [OP10-060,OP10-060,OP15-051,OP15-047,OP15-052,OP15-046,OP15-042,OP07-051,OP14-049,OP15-047,OP10-060,OP15-042,OP10-045,OP15-052,OP15-051,OP10-059,OP11-061,OP10-060,OP15-042]
[] Board: [OP15-051]
[] Trash: []
[] Life: 5
[ReplaySync] RZ1|229|2|OP10-059|0|24|1|19|1|1|0|0|0
[ReplaySync] RZ1|CHK|229|2|24|20|1|5|0|10|0|0|1|0
start action phase for player (1), curr state is PlayerTurn_Action
[] Hand: [OP10-060,OP10-060,OP15-051,OP15-047,OP15-052,OP15-046,OP15-042,OP07-051,OP14-049,OP15-047,OP10-060,OP15-042,OP10-045,OP15-052,OP15-051,OP10-059,OP11-061,OP10-060,OP15-042,OP10-059]
[] Board: [OP15-051]
[] Trash: []
[] Life: 5
[] Hand: [OP05-019,OP15-054,OP15-053,OP15-055,OP15-040,OP08-047,OP15-040,OP10-060,OP15-052,OP15-055,OP10-045,OP15-053,OP10-060,OP09-118,OP15-053,OP10-060,OP15-053,OP15-046,OP15-020,OP10-045]
[] Board: []
[] Trash: []
[] Life: 4
[ReplaySync] RZ1|230|1|OP15-014|0|25|1|20|1|1|0|0|0
[ReplaySync] RZ1|CHK|230|1|25|21|0|4|0|10|0|0|1|0
start action phase for player (0), curr state is PlayerTurn_Action
[] Hand: [OP05-019,OP15-054,OP15-053,OP15-055,OP15-040,OP08-047,OP15-040,OP10-060,OP15-052,OP15-055,OP10-045,OP15-053,OP10-060,OP09-118,OP15-053,OP10-060,OP15-053,OP15-046,OP15-020,OP10-045,OP15-014]
[] Board: []
[] Trash: []
[] Life: 4
[] Hand: [OP10-060,OP10-060,OP15-051,OP15-047,OP15-052,OP15-046,OP15-042,OP07-051,OP14-049,OP15-047,OP10-060,OP15-042,OP10-045,OP15-052,OP15-051,OP10-059,OP11-061,OP10-060,OP15-042,OP10-059]
[] Board: [OP15-051]
[] Trash: []
[] Life: 5
[ReplaySync] RZ1|231|2|OP15-053|0|23|1|20|1|1|0|0|0
[ReplaySync] RZ1|CHK|231|2|23|21|1|5|0|10|0|0|1|0
start action phase for player (1), curr state is PlayerTurn_Action
[] Hand: [OP10-060,OP10-060,OP15-051,OP15-047,OP15-052,OP15-046,OP15-042,OP07-051,OP14-049,OP15-047,OP10-060,OP15-042,OP10-045,OP15-052,OP15-051,OP10-059,OP11-061,OP10-060,OP15-042,OP10-059,OP15-053]
[] Board: [OP15-051]
[] Trash: []
[] Life: 5
[] Hand: [OP05-019,OP15-054,OP15-053,OP15-055,OP15-040,OP08-047,OP15-040,OP10-060,OP15-052,OP15-055,OP10-045,OP15-053,OP10-060,OP09-118,OP15-053,OP10-060,OP15-053,OP15-046,OP15-020,OP10-045,OP15-014]
[] Board: []
[] Trash: []
[] Life: 4
[ReplaySync] RZ1|232|1|OP15-020|0|24|1|21|1|1|0|0|0
[ReplaySync] RZ1|CHK|232|1|24|22|0|4|0|10|0|0|1|0
start action phase for player (0), curr state is PlayerTurn_Action
Clicking hand card
ActivateCardAction
Queue up V3 Action [Fire Fist [<mark><link="OP15-020">OP15-020</link></mark>]]<0>(100)]
Start using only available action
Start Using V3 Action [Fire Fist [<mark><link="OP15-020">OP15-020</link></mark>]]<0>
Check Control Flip
Do V3 Action Step 0
[ReplaySync] RZ1|233|1|Don|5|0|5|0|1|1|1|0|0
[ReplaySync] RZ1|CHK|233|1|24|22|0|4|0|10|0|0|1|0
[ReplaySync] RZ1|234|1|Don|5|1|5|1|1|1|1|0|0
[ReplaySync] RZ1|CHK|234|1|24|22|0|4|0|10|0|0|1|0
[ReplaySync] RZ1|235|1|Don|5|2|5|2|1|1|1|0|0
[ReplaySync] RZ1|CHK|235|1|24|22|0|4|0|10|0|0|1|0
[ReplaySync] RZ1|236|1|Don|5|3|5|3|1|1|1|0|0
[ReplaySync] RZ1|CHK|236|1|24|22|0|4|0|10|0|0|1|0
[ReplaySync] RZ1|237|1|Don|5|4|5|4|1|1|1|0|0
[ReplaySync] RZ1|CHK|237|1|24|22|0|4|0|10|0|0|1|0
[ReplaySync] RZ1|238|1|Don|5|5|5|5|1|1|1|0|0
[ReplaySync] RZ1|CHK|238|1|24|22|0|4|0|10|0|0|1|0
[ReplaySync] RZ1|239|1|Don|5|6|5|6|1|1|1|0|0
[ReplaySync] RZ1|CHK|239|1|24|22|0|4|0|10|0|0|1|0
[ReplaySync] RZ1|240|1|OP15-020|1|21|6|0|1|1|0|0|0
[ReplaySync] RZ1|CHK|240|1|24|21|0|4|0|10|1|0|1|0
Next V3Action Step 1
Clear Prev Targets
1.24a replacement effect check
HandleMouseClickDuringCardAction V3
Add 1 to Target List
No remaining targets, move to next step
V3 Action FULL Targets!
Do V3 Action Step 1
Next V3Action Step 2
Clear Prev Targets
1.24a replacement effect check
HandleMouseClickDuringCardAction V3
Add -220 to Target List
No remaining targets, move to next step
V3 Action FULL Targets!
Do V3 Action Step 2
Next V3Action Step 3
Clear Prev Targets
1.24a replacement effect check
Clicking hand card
HandleMouseClickDuringCardAction V3
Add 140 to Target List
Clicking hand card
HandleMouseClickDuringCardAction V3
Add 490 to Target List
No remaining targets, move to next step
V3 Action FULL Targets!
Do V3 Action Step 3
[ReplaySync] RZ1|241|1|OP15-053|1|14|6|1|1|1|0|0|0
[ReplaySync] RZ1|CHK|241|1|24|20|0|4|0|10|2|0|1|0
[ReplaySync] RZ1|242|1|OP10-060|1|14|6|2|1|1|0|0|0
[ReplaySync] RZ1|CHK|242|1|24|19|0|4|0|10|3|0|1|0
Next V3Action Step 4
Clear Prev Targets
1.24a replacement effect check
HandleMouseClickDuringCardAction V3
Add -220 to Target List
No remaining targets, move to next step
V3 Action FULL Targets!
Do V3 Action Step 4
PLACE IN KO QUEUE
Next V3Action Step 5
Activated event callback
CLEAR SAVE QUEUE
resolve action
ResolvePendingKOs
KO QUEUE HAS 1 CARDS
Queue up onKO actions
[ReplaySync] RZ1|243|2|OP15-051|2|0|6|0|1|1|0|0|0
[ReplaySync] RZ1|CHK|243|2|23|21|0|5|0|10|1|0|1|0
KO Queue, Queue up OnKO
SAVE QUEUE HAS 0 CARDS
trying to active failed ko
switch: PlayerTurn_Action
Reset action phase opp action False opp resolving False
start action phase for player (0), curr state is PlayerTurn_Action
[] Hand: [OP05-019,OP15-054,OP15-053,OP15-055,OP15-040,OP08-047,OP15-040,OP10-060,OP15-052,OP15-055,OP10-045,OP15-053,OP10-060,OP09-118,OP15-053,OP15-046,OP15-020,OP10-045,OP15-014]
[] Board: []
[] Trash: [OP15-020,OP15-053,OP10-060]
[] Life: 4
[] Hand: [OP10-060,OP10-060,OP15-051,OP15-047,OP15-052,OP15-046,OP15-042,OP07-051,OP14-049,OP15-047,OP10-060,OP15-042,OP10-045,OP15-052,OP15-051,OP10-059,OP11-061,OP10-060,OP15-042,OP10-059,OP15-053]
[] Board: []
[] Trash: [OP15-051]
[] Life: 5
[ReplaySync] RZ1|244|2|OP15-053|0|22|1|21|1|1|0|0|0
[ReplaySync] RZ1|CHK|244|2|22|22|0|5|0|10|1|0|1|0
start action phase for player (1), curr state is PlayerTurn_Action
[] Hand: [OP10-060,OP10-060,OP15-051,OP15-047,OP15-052,OP15-046,OP15-042,OP07-051,OP14-049,OP15-047,OP10-060,OP15-042,OP10-045,OP15-052,OP15-051,OP10-059,OP11-061,OP10-060,OP15-042,OP10-059,OP15-053,OP15-053]
[] Board: []
[] Trash: [OP15-051]
[] Life: 5
[] Hand: [OP05-019,OP15-054,OP15-053,OP15-055,OP15-040,OP08-047,OP15-040,OP10-060,OP15-052,OP15-055,OP10-045,OP15-053,OP10-060,OP09-118,OP15-053,OP15-046,OP15-020,OP10-045,OP15-014]
[] Board: []
[] Trash: [OP15-020,OP15-053,OP10-060]
[] Life: 4
[ReplaySync] RZ1|245|1|OP15-046|0|23|1|19|1|1|0|0|0
[ReplaySync] RZ1|CHK|245|1|23|20|0|4|0|10|3|0|1|0
start action phase for player (0), curr state is PlayerTurn_Action
[] Hand: [OP05-019,OP15-054,OP15-053,OP15-055,OP15-040,OP08-047,OP15-040,OP10-060,OP15-052,OP15-055,OP10-045,OP15-053,OP10-060,OP09-118,OP15-053,OP15-046,OP15-020,OP10-045,OP15-014,OP15-046]
[] Board: []
[] Trash: [OP15-020,OP15-053,OP10-060]
[] Life: 4
[] Hand: [OP10-060,OP10-060,OP15-051,OP15-047,OP15-052,OP15-046,OP15-042,OP07-051,OP14-049,OP15-047,OP10-060,OP15-042,OP10-045,OP15-052,OP15-051,OP10-059,OP11-061,OP10-060,OP15-042,OP10-059,OP15-053,OP15-053]
[] Board: []
[] Trash: [OP15-051]
[] Life: 5
[ReplaySync] RZ1|246|2|OP14-049|0|21|1|22|1|1|0|0|0
[ReplaySync] RZ1|CHK|246|2|21|23|0|5|0|10|1|0|1|0
start action phase for player (1), curr state is PlayerTurn_Action
[ReplaySync] RZ1|247|2|Don|5|0|5|0|1|1|1|0|0
[ReplaySync] RZ1|CHK|247|2|21|23|0|5|0|10|1|0|1|0
[ReplaySync] RZ1|248|2|Don|5|1|5|1|1|1|1|0|0
[ReplaySync] RZ1|CHK|248|2|21|23|0|5|0|10|1|0|1|0
[ReplaySync] RZ1|249|2|Don|5|2|5|2|1|1|1|0|0
[ReplaySync] RZ1|CHK|249|2|21|23|0|5|0|10|1|0|1|0
[ReplaySync] RZ1|250|2|OP15-051|1|14|2|0|1|1|0|0|0
[ReplaySync] RZ1|CHK|250|2|21|22|1|5|0|10|1|0|1|0
Reset action phase opp action False opp resolving False
start action phase for player (1), curr state is PlayerTurn_Action
[] Hand: [OP10-060,OP10-060,OP15-051,OP15-047,OP15-052,OP15-046,OP15-042,OP07-051,OP14-049,OP15-047,OP10-060,OP15-042,OP10-045,OP15-052,OP10-059,OP11-061,OP10-060,OP15-042,OP10-059,OP15-053,OP15-053,OP14-049]
[] Board: [OP15-051]
[] Trash: [OP15-051]
[] Life: 5
[] Hand: [OP05-019,OP15-054,OP15-053,OP15-055,OP15-040,OP08-047,OP15-040,OP10-060,OP15-052,OP15-055,OP10-045,OP15-053,OP10-060,OP09-118,OP15-053,OP15-046,OP15-020,OP10-045,OP15-014,OP15-046]
[] Board: []
[] Trash: [OP15-020,OP15-053,OP10-060]
[] Life: 4
[ReplaySync] RZ1|251|1|OP15-040|0|22|1|20|1|1|0|0|0
[ReplaySync] RZ1|CHK|251|1|22|21|0|4|0|10|3|0|1|0
start action phase for player (0), curr state is PlayerTurn_Action
Clicking hand card
ActivateCardAction
Queue up V3 Action [Fire Fist [<mark><link="OP15-020">OP15-020</link></mark>]]<0>(101)]
Start using only available action
Start Using V3 Action [Fire Fist [<mark><link="OP15-020">OP15-020</link></mark>]]<0>
Check Control Flip
Do V3 Action Step 0
[ReplaySync] RZ1|252|1|Don|5|0|5|0|1|1|1|0|0
[ReplaySync] RZ1|CHK|252|1|22|21|0|4|0|10|3|0|1|0
[ReplaySync] RZ1|253|1|Don|5|1|5|1|1|1|1|0|0
[ReplaySync] RZ1|CHK|253|1|22|21|0|4|0|10|3|0|1|0
[ReplaySync] RZ1|254|1|Don|5|2|5|2|1|1|1|0|0
[ReplaySync] RZ1|CHK|254|1|22|21|0|4|0|10|3|0|1|0
[ReplaySync] RZ1|255|1|Don|5|3|5|3|1|1|1|0|0
[ReplaySync] RZ1|CHK|255|1|22|21|0|4|0|10|3|0|1|0
[ReplaySync] RZ1|256|1|Don|5|4|5|4|1|1|1|0|0
[ReplaySync] RZ1|CHK|256|1|22|21|0|4|0|10|3|0|1|0
[ReplaySync] RZ1|257|1|Don|5|5|5|5|1|1|1|0|0
[ReplaySync] RZ1|CHK|257|1|22|21|0|4|0|10|3|0|1|0
[ReplaySync] RZ1|258|1|Don|5|6|5|6|1|1|1|0|0
[ReplaySync] RZ1|CHK|258|1|22|21|0|4|0|10|3|0|1|0
[ReplaySync] RZ1|259|1|OP15-020|1|16|6|3|1|1|0|0|0
[ReplaySync] RZ1|CHK|259|1|22|20|0|4|0|10|4|0|1|0
Next V3Action Step 1
Clear Prev Targets
1.24a replacement effect check
V3 Action FULL Targets!
Do V3 Action Step 1
Next V3Action Step 2
Clear Prev Targets
1.24a replacement effect check
HandleMouseClickDuringCardAction V3
Add -230 to Target List
No remaining targets, move to next step
V3 Action FULL Targets!
Do V3 Action Step 2
Next V3Action Step 3
Clear Prev Targets
1.24a replacement effect check
Internal: JobTempAlloc has allocations that are more than the maximum lifespan of 4 frames old - this is not allowed and likely a leak
To Debug, run app with -diag-job-temp-memory-leak-validation cmd line argument. This will output the callstacks of the leaked allocations.
Internal: JobTempAlloc has allocations that are more than the maximum lifespan of 4 frames old - this is not allowed and likely a leak
To Debug, run app with -diag-job-temp-memory-leak-validation cmd line argument. This will output the callstacks of the leaked allocations.
Internal: deleting an allocation that is older than its permitted lifetime of 4 frames (age = 5)
Internal: deleting an allocation that is older than its permitted lifetime of 4 frames (age = 5)
Internal: deleting an allocation that is older than its permitted lifetime of 4 frames (age = 5)
Internal: deleting an allocation that is older than its permitted lifetime of 4 frames (age = 5)
Internal: deleting an allocation that is older than its permitted lifetime of 4 frames (age = 5)
Internal: deleting an allocation that is older than its permitted lifetime of 4 frames (age = 5)
Internal: deleting an allocation that is older than its permitted lifetime of 4 frames (age = 5)
Internal: deleting an allocation that is older than its permitted lifetime of 4 frames (age = 5)
Internal: deleting an allocation that is older than its permitted lifetime of 4 frames (age = 5)
Internal: deleting an allocation that is older than its permitted lifetime of 4 frames (age = 5)
Internal: deleting an allocation that is older than its permitted lifetime of 4 frames (age = 5)
Internal: deleting an allocation that is older than its permitted lifetime of 4 frames (age = 5)
Internal: deleting an allocation that is older than its permitted lifetime of 4 frames (age = 5)
Internal: deleting an allocation that is older than its permitted lifetime of 4 frames (age = 6)
Internal: deleting an allocation that is older than its permitted lifetime of 4 frames (age = 6)
Internal: deleting an allocation that is older than its permitted lifetime of 4 frames (age = 5)
Internal: deleting an allocation that is older than its permitted lifetime of 4 frames (age = 5)
Internal: JobTempAlloc has allocations that are more than the maximum lifespan of 4 frames old - this is not allowed and likely a leak
To Debug, run app with -diag-job-temp-memory-leak-validation cmd line argument. This will output the callstacks of the leaked allocations.
Internal: deleting an allocation that is older than its permitted lifetime of 4 frames (age = 5)
Internal: deleting an allocation that is older than its permitted lifetime of 4 frames (age = 5)
Internal: deleting an allocation that is older than its permitted lifetime of 4 frames (age = 5)
Internal: deleting an allocation that is older than its permitted lifetime of 4 frames (age = 5)
Internal: deleting an allocation that is older than its permitted lifetime of 4 frames (age = 5)
Internal: deleting an allocation that is older than its permitted lifetime of 4 frames (age = 5)
Internal: JobTempAlloc has allocations that are more than the maximum lifespan of 4 frames old - this is not allowed and likely a leak
To Debug, run app with -diag-job-temp-memory-leak-validation cmd line argument. This will output the callstacks of the leaked allocations.
Internal: deleting an allocation that is older than its permitted lifetime of 4 frames (age = 5)
Internal: deleting an allocation that is older than its permitted lifetime of 4 frames (age = 5)
Internal: deleting an allocation that is older than its permitted lifetime of 4 frames (age = 5)
Internal: deleting an allocation that is older than its permitted lifetime of 4 frames (age = 5)
Internal: deleting an allocation that is older than its permitted lifetime of 4 frames (age = 5)
Internal: deleting an allocation that is older than its permitted lifetime of 4 frames (age = 5)
Internal: deleting an allocation that is older than its permitted lifetime of 4 frames (age = 5)
Internal: deleting an allocation that is older than its permitted lifetime of 4 frames (age = 5)
Internal: deleting an allocation that is older than its permitted lifetime of 4 frames (age = 5)
Internal: deleting an allocation that is older than its permitted lifetime of 4 frames (age = 5)
Internal: JobTempAlloc has allocations that are more than the maximum lifespan of 4 frames old - this is not allowed and likely a leak
To Debug, run app with -diag-job-temp-memory-leak-validation cmd line argument. This will output the callstacks of the leaked allocations.
Internal: deleting an allocation that is older than its permitted lifetime of 4 frames (age = 5)
Internal: deleting an allocation that is older than its permitted lifetime of 4 frames (age = 5)
Internal: deleting an allocation that is older than its permitted lifetime of 4 frames (age = 5)
Internal: JobTempAlloc has allocations that are more than the maximum lifespan of 4 frames old - this is not allowed and likely a leak
To Debug, run app with -diag-job-temp-memory-leak-validation cmd line argument. This will output the callstacks of the leaked allocations.
Internal: deleting an allocation that is older than its permitted lifetime of 4 frames (age = 5)
Internal: deleting an allocation that is older than its permitted lifetime of 4 frames (age = 5)
Internal: deleting an allocation that is older than its permitted lifetime of 4 frames (age = 5)
Internal: deleting an allocation that is older than its permitted lifetime of 4 frames (age = 5)
Internal: deleting an allocation that is older than its permitted lifetime of 4 frames (age = 5)
Internal: deleting an allocation that is older than its permitted lifetime of 4 frames (age = 5)
Internal: deleting an allocation that is older than its permitted lifetime of 4 frames (age = 6)
Internal: deleting an allocation that is older than its permitted lifetime of 4 frames (age = 6)
Internal: deleting an allocation that is older than its permitted lifetime of 4 frames (age = 6)
Internal: deleting an allocation that is older than its permitted lifetime of 4 frames (age = 5)
Internal: deleting an allocation that is older than its permitted lifetime of 4 frames (age = 5)
Internal: deleting an allocation that is older than its permitted lifetime of 4 frames (age = 5)
Internal: deleting an allocation that is older than its permitted lifetime of 4 frames (age = 5)
Internal: deleting an allocation that is older than its permitted lifetime of 4 frames (age = 5)
Internal: deleting an allocation that is older than its permitted lifetime of 4 frames (age = 5)
Internal: deleting an allocation that is older than its permitted lifetime of 4 frames (age = 5)
Internal: deleting an allocation that is older than its permitted lifetime of 4 frames (age = 5)
Internal: JobTempAlloc has allocations that are more than the maximum lifespan of 4 frames old - this is not allowed and likely a leak
To Debug, run app with -diag-job-temp-memory-leak-validation cmd line argument. This will output the callstacks of the leaked allocations.
Internal: deleting an allocation that is older than its permitted lifetime of 4 frames (age = 6)
Internal: deleting an allocation that is older than its permitted lifetime of 4 frames (age = 7)
Internal: deleting an allocation that is older than its permitted lifetime of 4 frames (age = 7)
Internal: deleting an allocation that is older than its permitted lifetime of 4 frames (age = 6)
Internal: deleting an allocation that is older than its permitted lifetime of 4 frames (age = 6)
Internal: deleting an allocation that is older than its permitted lifetime of 4 frames (age = 6)
Internal: deleting an allocation that is older than its permitted lifetime of 4 frames (age = 5)
Internal: deleting an allocation that is older than its permitted lifetime of 4 frames (age = 5)
Internal: deleting an allocation that is older than its permitted lifetime of 4 frames (age = 5)
Internal: JobTempAlloc has allocations that are more than the maximum lifespan of 4 frames old - this is not allowed and likely a leak
To Debug, run app with -diag-job-temp-memory-leak-validation cmd line argument. This will output the callstacks of the leaked allocations.
Internal: deleting an allocation that is older than its permitted lifetime of 4 frames (age = 5)
Internal: deleting an allocation that is older than its permitted lifetime of 4 frames (age = 5)
Internal: JobTempAlloc has allocations that are more than the maximum lifespan of 4 frames old - this is not allowed and likely a leak
To Debug, run app with -diag-job-temp-memory-leak-validation cmd line argument. This will output the callstacks of the leaked allocations.
Internal: deleting an allocation that is older than its permitted lifetime of 4 frames (age = 5)
Internal: deleting an allocation that is older than its permitted lifetime of 4 frames (age = 5)
Internal: deleting an allocation that is older than its permitted lifetime of 4 frames (age = 5)
Internal: JobTempAlloc has allocations that are more than the maximum lifespan of 4 frames old - this is not allowed and likely a leak
To Debug, run app with -diag-job-temp-memory-leak-validation cmd line argument. This will output the callstacks of the leaked allocations.
Internal: deleting an allocation that is older than its permitted lifetime of 4 frames (age = 5)
Internal: deleting an allocation that is older than its permitted lifetime of 4 frames (age = 5)
Internal: deleting an allocation that is older than its permitted lifetime of 4 frames (age = 5)
Internal: deleting an allocation that is older than its permitted lifetime of 4 frames (age = 5)
Internal: deleting an allocation that is older than its permitted lifetime of 4 frames (age = 5)
Internal: deleting an allocation that is older than its permitted lifetime of 4 frames (age = 5)
Internal: deleting an allocation that is older than its permitted lifetime of 4 frames (age = 5)
Internal: deleting an allocation that is older than its permitted lifetime of 4 frames (age = 5)
Internal: deleting an allocation that is older than its permitted lifetime of 4 frames (age = 5)
Internal: JobTempAlloc has allocations that are more than the maximum lifespan of 4 frames old - this is not allowed and likely a leak
To Debug, run app with -diag-job-temp-memory-leak-validation cmd line argument. This will output the callstacks of the leaked allocations.
Internal: deleting an allocation that is older than its permitted lifetime of 4 frames (age = 5)
Internal: deleting an allocation that is older than its permitted lifetime of 4 frames (age = 5)
Internal: deleting an allocation that is older than its permitted lifetime of 4 frames (age = 5)
Internal: JobTempAlloc has allocations that are more than the maximum lifespan of 4 frames old - this is not allowed and likely a leak
To Debug, run app with -diag-job-temp-memory-leak-validation cmd line argument. This will output the callstacks of the leaked allocations.
Internal: JobTempAlloc has allocations that are more than the maximum lifespan of 4 frames old - this is not allowed and likely a leak
To Debug, run app with -diag-job-temp-memory-leak-validation cmd line argument. This will output the callstacks of the leaked allocations.
Internal: deleting an allocation that is older than its permitted lifetime of 4 frames (age = 5)
Internal: deleting an allocation that is older than its permitted lifetime of 4 frames (age = 5)
Internal: deleting an allocation that is older than its permitted lifetime of 4 frames (age = 5)
Internal: deleting an allocation that is older than its permitted lifetime of 4 frames (age = 5)
Internal: deleting an allocation that is older than its permitted lifetime of 4 frames (age = 5)
Internal: deleting an allocation that is older than its permitted lifetime of 4 frames (age = 5)
Internal: deleting an allocation that is older than its permitted lifetime of 4 frames (age = 5)
Internal: JobTempAlloc has allocations that are more than the maximum lifespan of 4 frames old - this is not allowed and likely a leak
To Debug, run app with -diag-job-temp-memory-leak-validation cmd line argument. This will output the callstacks of the leaked allocations.
Internal: deleting an allocation that is older than its permitted lifetime of 4 frames (age = 5)
Internal: deleting an allocation that is older than its permitted lifetime of 4 frames (age = 5)
Internal: deleting an allocation that is older than its permitted lifetime of 4 frames (age = 6)
Internal: deleting an allocation that is older than its permitted lifetime of 4 frames (age = 6)
Internal: deleting an allocation that is older than its permitted lifetime of 4 frames (age = 6)
Internal: deleting an allocation that is older than its permitted lifetime of 4 frames (age = 5)
Internal: deleting an allocation that is older than its permitted lifetime of 4 frames (age = 5)
Internal: deleting an allocation that is older than its permitted lifetime of 4 frames (age = 5)
Internal: deleting an allocation that is older than its permitted lifetime of 4 frames (age = 5)
Internal: deleting an allocation that is older than its permitted lifetime of 4 frames (age = 5)
Internal: JobTempAlloc has allocations that are more than the maximum lifespan of 4 frames old - this is not allowed and likely a leak
To Debug, run app with -diag-job-temp-memory-leak-validation cmd line argument. This will output the callstacks of the leaked allocations.
Internal: deleting an allocation that is older than its permitted lifetime of 4 frames (age = 5)
Internal: deleting an allocation that is older than its permitted lifetime of 4 frames (age = 5)
Internal: deleting an allocation that is older than its permitted lifetime of 4 frames (age = 5)
Internal: JobTempAlloc has allocations that are more than the maximum lifespan of 4 frames old - this is not allowed and likely a leak
To Debug, run app with -diag-job-temp-memory-leak-validation cmd line argument. This will output the callstacks of the leaked allocations.
Internal: deleting an allocation that is older than its permitted lifetime of 4 frames (age = 5)
Internal: deleting an allocation that is older than its permitted lifetime of 4 frames (age = 5)
Internal: deleting an allocation that is older than its permitted lifetime of 4 frames (age = 5)
Internal: deleting an allocation that is older than its permitted lifetime of 4 frames (age = 5)
Internal: deleting an allocation that is older than its permitted lifetime of 4 frames (age = 5)
Internal: deleting an allocation that is older than its permitted lifetime of 4 frames (age = 5)
Internal: deleting an allocation that is older than its permitted lifetime of 4 frames (age = 5)
Internal: deleting an allocation that is older than its permitted lifetime of 4 frames (age = 5)
Internal: deleting an allocation that is older than its permitted lifetime of 4 frames (age = 5)
Internal: deleting an allocation that is older than its permitted lifetime of 4 frames (age = 6)
Internal: deleting an allocation that is older than its permitted lifetime of 4 frames (age = 6)
Internal: deleting an allocation that is older than its permitted lifetime of 4 frames (age = 6)
Internal: JobTempAlloc has allocations that are more than the maximum lifespan of 4 frames old - this is not allowed and likely a leak
To Debug, run app with -diag-job-temp-memory-leak-validation cmd line argument. This will output the callstacks of the leaked allocations.
Internal: deleting an allocation that is older than its permitted lifetime of 4 frames (age = 5)
Internal: deleting an allocation that is older than its permitted lifetime of 4 frames (age = 6)
Internal: deleting an allocation that is older than its permitted lifetime of 4 frames (age = 6)
Internal: deleting an allocation that is older than its permitted lifetime of 4 frames (age = 5)
Internal: deleting an allocation that is older than its permitted lifetime of 4 frames (age = 5)
Internal: deleting an allocation that is older than its permitted lifetime of 4 frames (age = 5)
Internal: JobTempAlloc has allocations that are more than the maximum lifespan of 4 frames old - this is not allowed and likely a leak
To Debug, run app with -diag-job-temp-memory-leak-validation cmd line argument. This will output the callstacks of the leaked allocations.
Internal: deleting an allocation that is older than its permitted lifetime of 4 frames (age = 5)
Internal: deleting an allocation that is older than its permitted lifetime of 4 frames (age = 5)
Internal: deleting an allocation that is older than its permitted lifetime of 4 frames (age = 5)
Internal: JobTempAlloc has allocations that are more than the maximum lifespan of 4 frames old - this is not allowed and likely a leak
To Debug, run app with -diag-job-temp-memory-leak-validation cmd line argument. This will output the callstacks of the leaked allocations.
Internal: deleting an allocation that is older than its permitted lifetime of 4 frames (age = 6)
Internal: deleting an allocation that is older than its permitted lifetime of 4 frames (age = 6)
Internal: deleting an allocation that is older than its permitted lifetime of 4 frames (age = 6)
Internal: JobTempAlloc has allocations that are more than the maximum lifespan of 4 frames old - this is not allowed and likely a leak
To Debug, run app with -diag-job-temp-memory-leak-validation cmd line argument. This will output the callstacks of the leaked allocations.
Internal: deleting an allocation that is older than its permitted lifetime of 4 frames (age = 6)
Internal: deleting an allocation that is older than its permitted lifetime of 4 frames (age = 6)
Internal: deleting an allocation that is older than its permitted lifetime of 4 frames (age = 6)
Internal: deleting an allocation that is older than its permitted lifetime of 4 frames (age = 5)
Internal: deleting an allocation that is older than its permitted lifetime of 4 frames (age = 5)
Internal: deleting an allocation that is older than its permitted lifetime of 4 frames (age = 5)
Internal: JobTempAlloc has allocations that are more than the maximum lifespan of 4 frames old - this is not allowed and likely a leak
To Debug, run app with -diag-job-temp-memory-leak-validation cmd line argument. This will output the callstacks of the leaked allocations.
Internal: deleting an allocation that is older than its permitted lifetime of 4 frames (age = 7)
Internal: deleting an allocation that is older than its permitted lifetime of 4 frames (age = 7)
Internal: deleting an allocation that is older than its permitted lifetime of 4 frames (age = 7)
Internal: deleting an allocation that is older than its permitted lifetime of 4 frames (age = 6)
Internal: deleting an allocation that is older than its permitted lifetime of 4 frames (age = 6)
Internal: deleting an allocation that is older than its permitted lifetime of 4 frames (age = 6)
Internal: deleting an allocation that is older than its permitted lifetime of 4 frames (age = 5)
Internal: deleting an allocation that is older than its permitted lifetime of 4 frames (age = 5)
Internal: JobTempAlloc has allocations that are more than the maximum lifespan of 4 frames old - this is not allowed and likely a leak
To Debug, run app with -diag-job-temp-memory-leak-validation cmd line argument. This will output the callstacks of the leaked allocations.
Internal: deleting an allocation that is older than its permitted lifetime of 4 frames (age = 5)
Internal: deleting an allocation that is older than its permitted lifetime of 4 frames (age = 5)
Internal: deleting an allocation that is older than its permitted lifetime of 4 frames (age = 5)
Internal: deleting an allocation that is older than its permitted lifetime of 4 frames (age = 5)
Internal: deleting an allocation that is older than its permitted lifetime of 4 frames (age = 5)
Internal: JobTempAlloc has allocations that are more than the maximum lifespan of 4 frames old - this is not allowed and likely a leak
To Debug, run app with -diag-job-temp-memory-leak-validation cmd line argument. This will output the callstacks of the leaked allocations.
Internal: deleting an allocation that is older than its permitted lifetime of 4 frames (age = 5)
Internal: deleting an allocation that is older than its permitted lifetime of 4 frames (age = 5)
Internal: deleting an allocation that is older than its permitted lifetime of 4 frames (age = 5)
Internal: deleting an allocation that is older than its permitted lifetime of 4 frames (age = 6)
Internal: deleting an allocation that is older than its permitted lifetime of 4 frames (age = 6)
Internal: deleting an allocation that is older than its permitted lifetime of 4 frames (age = 6)
Internal: deleting an allocation that is older than its permitted lifetime of 4 frames (age = 5)
Internal: deleting an allocation that is older than its permitted lifetime of 4 frames (age = 5)
Internal: deleting an allocation that is older than its permitted lifetime of 4 frames (age = 5)
Internal: deleting an allocation that is older than its permitted lifetime of 4 frames (age = 5)
Internal: deleting an allocation that is older than its permitted lifetime of 4 frames (age = 5)
Internal: deleting an allocation that is older than its permitted lifetime of 4 frames (age = 5)
Internal: deleting an allocation that is older than its permitted lifetime of 4 frames (age = 5)
Internal: deleting an allocation that is older than its permitted lifetime of 4 frames (age = 5)
Internal: JobTempAlloc has allocations that are more than the maximum lifespan of 4 frames old - this is not allowed and likely a leak
To Debug, run app with -diag-job-temp-memory-leak-validation cmd line argument. This will output the callstacks of the leaked allocations.
Internal: deleting an allocation that is older than its permitted lifetime of 4 frames (age = 7)
Internal: deleting an allocation that is older than its permitted lifetime of 4 frames (age = 7)
Internal: deleting an allocation that is older than its permitted lifetime of 4 frames (age = 7)
Internal: deleting an allocation that is older than its permitted lifetime of 4 frames (age = 6)
Internal: deleting an allocation that is older than its permitted lifetime of 4 frames (age = 6)
Internal: deleting an allocation that is older than its permitted lifetime of 4 frames (age = 6)
Internal: deleting an allocation that is older than its permitted lifetime of 4 frames (age = 5)
Internal: deleting an allocation that is older than its permitted lifetime of 4 frames (age = 5)
Internal: deleting an allocation that is older than its permitted lifetime of 4 frames (age = 5)
Internal: deleting an allocation that is older than its permitted lifetime of 4 frames (age = 7)
Internal: deleting an allocation that is older than its permitted lifetime of 4 frames (age = 7)
Internal: deleting an allocation that is older than its permitted lifetime of 4 frames (age = 7)
Internal: deleting an allocation that is older than its permitted lifetime of 4 frames (age = 6)
Internal: deleting an allocation that is older than its permitted lifetime of 4 frames (age = 6)
Internal: deleting an allocation that is older than its permitted lifetime of 4 frames (age = 6)
Internal: deleting an allocation that is older than its permitted lifetime of 4 frames (age = 5)
Internal: deleting an allocation that is older than its permitted lifetime of 4 frames (age = 5)
Internal: deleting an allocation that is older than its permitted lifetime of 4 frames (age = 5)
Internal: deleting an allocation that is older than its permitted lifetime of 4 frames (age = 5)
Internal: deleting an allocation that is older than its permitted lifetime of 4 frames (age = 5)
Internal: deleting an allocation that is older than its permitted lifetime of 4 frames (age = 5)
Internal: JobTempAlloc has allocations that are more than the maximum lifespan of 4 frames old - this is not allowed and likely a leak
To Debug, run app with -diag-job-temp-memory-leak-validation cmd line argument. This will output the callstacks of the leaked allocations.
Internal: JobTempAlloc has allocations that are more than the maximum lifespan of 4 frames old - this is not allowed and likely a leak
To Debug, run app with -diag-job-temp-memory-leak-validation cmd line argument. This will output the callstacks of the leaked allocations.
Internal: deleting an allocation that is older than its permitted lifetime of 4 frames (age = 5)
Internal: deleting an allocation that is older than its permitted lifetime of 4 frames (age = 5)
Internal: deleting an allocation that is older than its permitted lifetime of 4 frames (age = 5)
Internal: JobTempAlloc has allocations that are more than the maximum lifespan of 4 frames old - this is not allowed and likely a leak
To Debug, run app with -diag-job-temp-memory-leak-validation cmd line argument. This will output the callstacks of the leaked allocations.
Internal: deleting an allocation that is older than its permitted lifetime of 4 frames (age = 5)
Internal: deleting an allocation that is older than its permitted lifetime of 4 frames (age = 5)
Internal: deleting an allocation that is older than its permitted lifetime of 4 frames (age = 5)
Internal: JobTempAlloc has allocations that are more than the maximum lifespan of 4 frames old - this is not allowed and likely a leak
To Debug, run app with -diag-job-temp-memory-leak-validation cmd line argument. This will output the callstacks of the leaked allocations.
Internal: deleting an allocation that is older than its permitted lifetime of 4 frames (age = 6)
Internal: deleting an allocation that is older than its permitted lifetime of 4 frames (age = 6)
Internal: deleting an allocation that is older than its permitted lifetime of 4 frames (age = 6)
Internal: deleting an allocation that is older than its permitted lifetime of 4 frames (age = 5)
Internal: deleting an allocation that is older than its permitted lifetime of 4 frames (age = 5)
Internal: deleting an allocation that is older than its permitted lifetime of 4 frames (age = 5)
Internal: JobTempAlloc has allocations that are more than the maximum lifespan of 4 frames old - this is not allowed and likely a leak
To Debug, run app with -diag-job-temp-memory-leak-validation cmd line argument. This will output the callstacks of the leaked allocations.
Internal: deleting an allocation that is older than its permitted lifetime of 4 frames (age = 6)
Internal: deleting an allocation that is older than its permitted lifetime of 4 frames (age = 6)
Internal: deleting an allocation that is older than its permitted lifetime of 4 frames (age = 6)
Internal: deleting an allocation that is older than its permitted lifetime of 4 frames (age = 5)
Internal: deleting an allocation that is older than its permitted lifetime of 4 frames (age = 5)
Internal: deleting an allocation that is older than its permitted lifetime of 4 frames (age = 5)
Internal: deleting an allocation that is older than its permitted lifetime of 4 frames (age = 5)
Internal: deleting an allocation that is older than its permitted lifetime of 4 frames (age = 5)
Internal: JobTempAlloc has allocations that are more than the maximum lifespan of 4 frames old - this is not allowed and likely a leak
To Debug, run app with -diag-job-temp-memory-leak-validation cmd line argument. This will output the callstacks of the leaked allocations.
Internal: deleting an allocation that is older than its permitted lifetime of 4 frames (age = 5)
Internal: deleting an allocation that is older than its permitted lifetime of 4 frames (age = 5)
Internal: deleting an allocation that is older than its permitted lifetime of 4 frames (age = 5)
Internal: deleting an allocation that is older than its permitted lifetime of 4 frames (age = 5)
Internal: deleting an allocation that is older than its permitted lifetime of 4 frames (age = 5)
Internal: deleting an allocation that is older than its permitted lifetime of 4 frames (age = 5)
Internal: JobTempAlloc has allocations that are more than the maximum lifespan of 4 frames old - this is not allowed and likely a leak
To Debug, run app with -diag-job-temp-memory-leak-validation cmd line argument. This will output the callstacks of the leaked allocations.
Internal: deleting an allocation that is older than its permitted lifetime of 4 frames (age = 6)
Internal: deleting an allocation that is older than its permitted lifetime of 4 frames (age = 7)
Internal: deleting an allocation that is older than its permitted lifetime of 4 frames (age = 7)
Internal: deleting an allocation that is older than its permitted lifetime of 4 frames (age = 5)
Internal: deleting an allocation that is older than its permitted lifetime of 4 frames (age = 6)
Internal: deleting an allocation that is older than its permitted lifetime of 4 frames (age = 6)
Internal: deleting an allocation that is older than its permitted lifetime of 4 frames (age = 5)
Internal: deleting an allocation that is older than its permitted lifetime of 4 frames (age = 5)
Internal: JobTempAlloc has allocations that are more than the maximum lifespan of 4 frames old - this is not allowed and likely a leak
To Debug, run app with -diag-job-temp-memory-leak-validation cmd line argument. This will output the callstacks of the leaked allocations.
Internal: deleting an allocation that is older than its permitted lifetime of 4 frames (age = 5)
Internal: deleting an allocation that is older than its permitted lifetime of 4 frames (age = 5)
Internal: deleting an allocation that is older than its permitted lifetime of 4 frames (age = 5)
Internal: deleting an allocation that is older than its permitted lifetime of 4 frames (age = 5)
Internal: deleting an allocation that is older than its permitted lifetime of 4 frames (age = 5)
Internal: JobTempAlloc has allocations that are more than the maximum lifespan of 4 frames old - this is not allowed and likely a leak
To Debug, run app with -diag-job-temp-memory-leak-validation cmd line argument. This will output the callstacks of the leaked allocations.
Internal: deleting an allocation that is older than its permitted lifetime of 4 frames (age = 5)
Internal: deleting an allocation that is older than its permitted lifetime of 4 frames (age = 5)
Internal: JobTempAlloc has allocations that are more than the maximum lifespan of 4 frames old - this is not allowed and likely a leak
To Debug, run app with -diag-job-temp-memory-leak-validation cmd line argument. This will output the callstacks of the leaked allocations.
Internal: deleting an allocation that is older than its permitted lifetime of 4 frames (age = 5)
Internal: deleting an allocation that is older than its permitted lifetime of 4 frames (age = 6)
Internal: deleting an allocation that is older than its permitted lifetime of 4 frames (age = 6)
Internal: JobTempAlloc has allocations that are more than the maximum lifespan of 4 frames old - this is not allowed and likely a leak
To Debug, run app with -diag-job-temp-memory-leak-validation cmd line argument. This will output the callstacks of the leaked allocations.
Internal: deleting an allocation that is older than its permitted lifetime of 4 frames (age = 6)
Internal: deleting an allocation that is older than its permitted lifetime of 4 frames (age = 6)
Internal: deleting an allocation that is older than its permitted lifetime of 4 frames (age = 6)
Internal: deleting an allocation that is older than its permitted lifetime of 4 frames (age = 5)
Internal: deleting an allocation that is older than its permitted lifetime of 4 frames (age = 5)
Internal: deleting an allocation that is older than its permitted lifetime of 4 frames (age = 5)
Internal: JobTempAlloc has allocations that are more than the maximum lifespan of 4 frames old - this is not allowed and likely a leak
To Debug, run app with -diag-job-temp-memory-leak-validation cmd line argument. This will output the callstacks of the leaked allocations.
Internal: deleting an allocation that is older than its permitted lifetime of 4 frames (age = 5)
Internal: deleting an allocation that is older than its permitted lifetime of 4 frames (age = 5)
Internal: deleting an allocation that is older than its permitted lifetime of 4 frames (age = 5)
Internal: deleting an allocation that is older than its permitted lifetime of 4 frames (age = 5)
Internal: deleting an allocation that is older than its permitted lifetime of 4 frames (age = 5)
Internal: deleting an allocation that is older than its permitted lifetime of 4 frames (age = 5)
Internal: deleting an allocation that is older than its permitted lifetime of 4 frames (age = 5)
Internal: deleting an allocation that is older than its permitted lifetime of 4 frames (age = 5)
Internal: deleting an allocation that is older than its permitted lifetime of 4 frames (age = 5)
Internal: deleting an allocation that is older than its permitted lifetime of 4 frames (age = 5)
Internal: deleting an allocation that is older than its permitted lifetime of 4 frames (age = 5)
Internal: deleting an allocation that is older than its permitted lifetime of 4 frames (age = 5)
Internal: deleting an allocation that is older than its permitted lifetime of 4 frames (age = 5)
Internal: deleting an allocation that is older than its permitted lifetime of 4 frames (age = 5)
Internal: deleting an allocation that is older than its permitted lifetime of 4 frames (age = 5)
Internal: JobTempAlloc has allocations that are more than the maximum lifespan of 4 frames old - this is not allowed and likely a leak
To Debug, run app with -diag-job-temp-memory-leak-validation cmd line argument. This will output the callstacks of the leaked allocations.
Internal: deleting an allocation that is older than its permitted lifetime of 4 frames (age = 6)
Internal: deleting an allocation that is older than its permitted lifetime of 4 frames (age = 6)
Internal: deleting an allocation that is older than its permitted lifetime of 4 frames (age = 6)
Internal: deleting an allocation that is older than its permitted lifetime of 4 frames (age = 5)
Internal: deleting an allocation that is older than its permitted lifetime of 4 frames (age = 5)
Internal: deleting an allocation that is older than its permitted lifetime of 4 frames (age = 5)
Internal: deleting an allocation that is older than its permitted lifetime of 4 frames (age = 5)
Internal: deleting an allocation that is older than its permitted lifetime of 4 frames (age = 5)
Internal: deleting an allocation that is older than its permitted lifetime of 4 frames (age = 5)
Internal: deleting an allocation that is older than its permitted lifetime of 4 frames (age = 5)
Internal: deleting an allocation that is older than its permitted lifetime of 4 frames (age = 5)
Internal: deleting an allocation that is older than its permitted lifetime of 4 frames (age = 5)
Internal: deleting an allocation that is older than its permitted lifetime of 4 frames (age = 5)
Internal: deleting an allocation that is older than its permitted lifetime of 4 frames (age = 6)
Internal: deleting an allocation that is older than its permitted lifetime of 4 frames (age = 6)
Internal: deleting an allocation that is older than its permitted lifetime of 4 frames (age = 5)
Internal: deleting an allocation that is older than its permitted lifetime of 4 frames (age = 5)
Internal: deleting an allocation that is older than its permitted lifetime of 4 frames (age = 5)
Internal: deleting an allocation that is older than its permitted lifetime of 4 frames (age = 5)
Internal: deleting an allocation that is older than its permitted lifetime of 4 frames (age = 5)
Internal: deleting an allocation that is older than its permitted lifetime of 4 frames (age = 5)
Internal: deleting an allocation that is older than its permitted lifetime of 4 frames (age = 5)
Internal: deleting an allocation that is older than its permitted lifetime of 4 frames (age = 5)
Internal: deleting an allocation that is older than its permitted lifetime of 4 frames (age = 5)
Internal: deleting an allocation that is older than its permitted lifetime of 4 frames (age = 6)
Internal: deleting an allocation that is older than its permitted lifetime of 4 frames (age = 6)
Internal: deleting an allocation that is older than its permitted lifetime of 4 frames (age = 6)
Internal: deleting an allocation that is older than its permitted lifetime of 4 frames (age = 5)
Internal: deleting an allocation that is older than its permitted lifetime of 4 frames (age = 5)
Internal: deleting an allocation that is older than its permitted lifetime of 4 frames (age = 5)
Internal: deleting an allocation that is older than its permitted lifetime of 4 frames (age = 5)
Internal: deleting an allocation that is older than its permitted lifetime of 4 frames (age = 5)
Internal: JobTempAlloc has allocations that are more than the maximum lifespan of 4 frames old - this is not allowed and likely a leak
To Debug, run app with -diag-job-temp-memory-leak-validation cmd line argument. This will output the callstacks of the leaked allocations.
Internal: JobTempAlloc has allocations that are more than the maximum lifespan of 4 frames old - this is not allowed and likely a leak
To Debug, run app with -diag-job-temp-memory-leak-validation cmd line argument. This will output the callstacks of the leaked allocations.
Internal: deleting an allocation that is older than its permitted lifetime of 4 frames (age = 5)
Internal: deleting an allocation that is older than its permitted lifetime of 4 frames (age = 5)
Internal: deleting an allocation that is older than its permitted lifetime of 4 frames (age = 5)
Internal: JobTempAlloc has allocations that are more than the maximum lifespan of 4 frames old - this is not allowed and likely a leak
To Debug, run app with -diag-job-temp-memory-leak-validation cmd line argument. This will output the callstacks of the leaked allocations.
Internal: deleting an allocation that is older than its permitted lifetime of 4 frames (age = 5)
Internal: deleting an allocation that is older than its permitted lifetime of 4 frames (age = 5)
Internal: deleting an allocation that is older than its permitted lifetime of 4 frames (age = 5)
Internal: deleting an allocation that is older than its permitted lifetime of 4 frames (age = 5)
Internal: deleting an allocation that is older than its permitted lifetime of 4 frames (age = 5)
Internal: deleting an allocation that is older than its permitted lifetime of 4 frames (age = 5)
Internal: deleting an allocation that is older than its permitted lifetime of 4 frames (age = 5)
Internal: deleting an allocation that is older than its permitted lifetime of 4 frames (age = 5)
Internal: deleting an allocation that is older than its permitted lifetime of 4 frames (age = 5)
Internal: JobTempAlloc has allocations that are more than the maximum lifespan of 4 frames old - this is not allowed and likely a leak
To Debug, run app with -diag-job-temp-memory-leak-validation cmd line argument. This will output the callstacks of the leaked allocations.
Internal: deleting an allocation that is older than its permitted lifetime of 4 frames (age = 5)
Internal: deleting an allocation that is older than its permitted lifetime of 4 frames (age = 5)
Internal: deleting an allocation that is older than its permitted lifetime of 4 frames (age = 5)
Internal: deleting an allocation that is older than its permitted lifetime of 4 frames (age = 5)
Internal: deleting an allocation that is older than its permitted lifetime of 4 frames (age = 5)
Internal: deleting an allocation that is older than its permitted lifetime of 4 frames (age = 5)
Internal: deleting an allocation that is older than its permitted lifetime of 4 frames (age = 5)
Internal: deleting an allocation that is older than its permitted lifetime of 4 frames (age = 5)
Internal: deleting an allocation that is older than its permitted lifetime of 4 frames (age = 5)
Internal: deleting an allocation that is older than its permitted lifetime of 4 frames (age = 5)
Internal: deleting an allocation that is older than its permitted lifetime of 4 frames (age = 5)
Internal: deleting an allocation that is older than its permitted lifetime of 4 frames (age = 5)
Internal: deleting an allocation that is older than its permitted lifetime of 4 frames (age = 5)
Internal: deleting an allocation that is older than its permitted lifetime of 4 frames (age = 5)
Internal: JobTempAlloc has allocations that are more than the maximum lifespan of 4 frames old - this is not allowed and likely a leak
To Debug, run app with -diag-job-temp-memory-leak-validation cmd line argument. This will output the callstacks of the leaked allocations.
Internal: JobTempAlloc has allocations that are more than the maximum lifespan of 4 frames old - this is not allowed and likely a leak
To Debug, run app with -diag-job-temp-memory-leak-validation cmd line argument. This will output the callstacks of the leaked allocations.
Internal: deleting an allocation that is older than its permitted lifetime of 4 frames (age = 5)
Internal: deleting an allocation that is older than its permitted lifetime of 4 frames (age = 5)
Internal: deleting an allocation that is older than its permitted lifetime of 4 frames (age = 5)
Internal: JobTempAlloc has allocations that are more than the maximum lifespan of 4 frames old - this is not allowed and likely a leak
To Debug, run app with -diag-job-temp-memory-leak-validation cmd line argument. This will output the callstacks of the leaked allocations.
Internal: deleting an allocation that is older than its permitted lifetime of 4 frames (age = 5)
Internal: deleting an allocation that is older than its permitted lifetime of 4 frames (age = 5)
Internal: deleting an allocation that is older than its permitted lifetime of 4 frames (age = 5)
Internal: deleting an allocation that is older than its permitted lifetime of 4 frames (age = 5)
Internal: deleting an allocation that is older than its permitted lifetime of 4 frames (age = 5)
Internal: deleting an allocation that is older than its permitted lifetime of 4 frames (age = 5)
Internal: deleting an allocation that is older than its permitted lifetime of 4 frames (age = 5)
Internal: deleting an allocation that is older than its permitted lifetime of 4 frames (age = 5)
Internal: deleting an allocation that is older than its permitted lifetime of 4 frames (age = 5)
Internal: deleting an allocation that is older than its permitted lifetime of 4 frames (age = 5)
Internal: deleting an allocation that is older than its permitted lifetime of 4 frames (age = 5)
Internal: deleting an allocation that is older than its permitted lifetime of 4 frames (age = 5)
Internal: JobTempAlloc has allocations that are more than the maximum lifespan of 4 frames old - this is not allowed and likely a leak
To Debug, run app with -diag-job-temp-memory-leak-validation cmd line argument. This will output the callstacks of the leaked allocations.
Internal: deleting an allocation that is older than its permitted lifetime of 4 frames (age = 5)
Internal: deleting an allocation that is older than its permitted lifetime of 4 frames (age = 5)
Internal: deleting an allocation that is older than its permitted lifetime of 4 frames (age = 5)
Internal: deleting an allocation that is older than its permitted lifetime of 4 frames (age = 5)
Internal: deleting an allocation that is older than its permitted lifetime of 4 frames (age = 5)
Internal: JobTempAlloc has allocations that are more than the maximum lifespan of 4 frames old - this is not allowed and likely a leak
To Debug, run app with -diag-job-temp-memory-leak-validation cmd line argument. This will output the callstacks of the leaked allocations.
Internal: deleting an allocation that is older than its permitted lifetime of 4 frames (age = 5)
Internal: deleting an allocation that is older than its permitted lifetime of 4 frames (age = 5)
Internal: deleting an allocation that is older than its permitted lifetime of 4 frames (age = 5)
Internal: deleting an allocation that is older than its permitted lifetime of 4 frames (age = 5)
Internal: deleting an allocation that is older than its permitted lifetime of 4 frames (age = 5)
Internal: deleting an allocation that is older than its permitted lifetime of 4 frames (age = 5)
Internal: deleting an allocation that is older than its permitted lifetime of 4 frames (age = 5)
Internal: deleting an allocation that is older than its permitted lifetime of 4 frames (age = 5)
Internal: deleting an allocation that is older than its permitted lifetime of 4 frames (age = 5)
Internal: deleting an allocation that is older than its permitted lifetime of 4 frames (age = 5)
Internal: deleting an allocation that is older than its permitted lifetime of 4 frames (age = 5)
Internal: deleting an allocation that is older than its permitted lifetime of 4 frames (age = 5)
Internal: deleting an allocation that is older than its permitted lifetime of 4 frames (age = 5)
Internal: deleting an allocation that is older than its permitted lifetime of 4 frames (age = 5)
Internal: deleting an allocation that is older than its permitted lifetime of 4 frames (age = 5)
Internal: deleting an allocation that is older than its permitted lifetime of 4 frames (age = 5)
Internal: deleting an allocation that is older than its permitted lifetime of 4 frames (age = 5)
Internal: deleting an allocation that is older than its permitted lifetime of 4 frames (age = 5)
Internal: deleting an allocation that is older than its permitted lifetime of 4 frames (age = 5)
Internal: deleting an allocation that is older than its permitted lifetime of 4 frames (age = 5)
Internal: deleting an allocation that is older than its permitted lifetime of 4 frames (age = 5)
Internal: deleting an allocation that is older than its permitted lifetime of 4 frames (age = 5)
Internal: JobTempAlloc has allocations that are more than the maximum lifespan of 4 frames old - this is not allowed and likely a leak
To Debug, run app with -diag-job-temp-memory-leak-validation cmd line argument. This will output the callstacks of the leaked allocations.
Internal: deleting an allocation that is older than its permitted lifetime of 4 frames (age = 5)
Internal: deleting an allocation that is older than its permitted lifetime of 4 frames (age = 5)
Internal: deleting an allocation that is older than its permitted lifetime of 4 frames (age = 5)
Internal: deleting an allocation that is older than its permitted lifetime of 4 frames (age = 5)
Internal: deleting an allocation that is older than its permitted lifetime of 4 frames (age = 5)
Internal: deleting an allocation that is older than its permitted lifetime of 4 frames (age = 5)
Internal: JobTempAlloc has allocations that are more than the maximum lifespan of 4 frames old - this is not allowed and likely a leak
To Debug, run app with -diag-job-temp-memory-leak-validation cmd line argument. This will output the callstacks of the leaked allocations.
Internal: deleting an allocation that is older than its permitted lifetime of 4 frames (age = 5)
Internal: deleting an allocation that is older than its permitted lifetime of 4 frames (age = 5)
Internal: JobTempAlloc has allocations that are more than the maximum lifespan of 4 frames old - this is not allowed and likely a leak
To Debug, run app with -diag-job-temp-memory-leak-validation cmd line argument. This will output the callstacks of the leaked allocations.
Internal: deleting an allocation that is older than its permitted lifetime of 4 frames (age = 5)
Internal: deleting an allocation that is older than its permitted lifetime of 4 frames (age = 5)
Internal: JobTempAlloc has allocations that are more than the maximum lifespan of 4 frames old - this is not allowed and likely a leak
To Debug, run app with -diag-job-temp-memory-leak-validation cmd line argument. This will output the callstacks of the leaked allocations.
Internal: deleting an allocation that is older than its permitted lifetime of 4 frames (age = 6)
Internal: deleting an allocation that is older than its permitted lifetime of 4 frames (age = 7)
Internal: deleting an allocation that is older than its permitted lifetime of 4 frames (age = 7)
Internal: deleting an allocation that is older than its permitted lifetime of 4 frames (age = 5)
Internal: deleting an allocation that is older than its permitted lifetime of 4 frames (age = 6)
Internal: deleting an allocation that is older than its permitted lifetime of 4 frames (age = 6)
Internal: deleting an allocation that is older than its permitted lifetime of 4 frames (age = 5)
Internal: deleting an allocation that is older than its permitted lifetime of 4 frames (age = 5)
Internal: JobTempAlloc has allocations that are more than the maximum lifespan of 4 frames old - this is not allowed and likely a leak
To Debug, run app with -diag-job-temp-memory-leak-validation cmd line argument. This will output the callstacks of the leaked allocations.
Internal: deleting an allocation that is older than its permitted lifetime of 4 frames (age = 5)
Internal: deleting an allocation that is older than its permitted lifetime of 4 frames (age = 5)
Internal: deleting an allocation that is older than its permitted lifetime of 4 frames (age = 5)
Internal: deleting an allocation that is older than its permitted lifetime of 4 frames (age = 5)
Internal: deleting an allocation that is older than its permitted lifetime of 4 frames (age = 5)
Internal: JobTempAlloc has allocations that are more than the maximum lifespan of 4 frames old - this is not allowed and likely a leak
To Debug, run app with -diag-job-temp-memory-leak-validation cmd line argument. This will output the callstacks of the leaked allocations.
Internal: deleting an allocation that is older than its permitted lifetime of 4 frames (age = 5)
Internal: deleting an allocation that is older than its permitted lifetime of 4 frames (age = 5)
Internal: deleting an allocation that is older than its permitted lifetime of 4 frames (age = 5)
Internal: deleting an allocation that is older than its permitted lifetime of 4 frames (age = 5)
Internal: deleting an allocation that is older than its permitted lifetime of 4 frames (age = 5)
Internal: JobTempAlloc has allocations that are more than the maximum lifespan of 4 frames old - this is not allowed and likely a leak
To Debug, run app with -diag-job-temp-memory-leak-validation cmd line argument. This will output the callstacks of the leaked allocations.
Internal: deleting an allocation that is older than its permitted lifetime of 4 frames (age = 5)
Internal: deleting an allocation that is older than its permitted lifetime of 4 frames (age = 5)
Internal: deleting an allocation that is older than its permitted lifetime of 4 frames (age = 5)
Internal: deleting an allocation that is older than its permitted lifetime of 4 frames (age = 5)
Internal: deleting an allocation that is older than its permitted lifetime of 4 frames (age = 5)
Internal: deleting an allocation that is older than its permitted lifetime of 4 frames (age = 5)
Internal: deleting an allocation that is older than its permitted lifetime of 4 frames (age = 5)
Internal: deleting an allocation that is older than its permitted lifetime of 4 frames (age = 5)
Internal: deleting an allocation that is older than its permitted lifetime of 4 frames (age = 5)
Internal: JobTempAlloc has allocations that are more than the maximum lifespan of 4 frames old - this is not allowed and likely a leak
To Debug, run app with -diag-job-temp-memory-leak-validation cmd line argument. This will output the callstacks of the leaked allocations.
Internal: deleting an allocation that is older than its permitted lifetime of 4 frames (age = 5)
Internal: deleting an allocation that is older than its permitted lifetime of 4 frames (age = 5)
Internal: deleting an allocation that is older than its permitted lifetime of 4 frames (age = 5)
Internal: deleting an allocation that is older than its permitted lifetime of 4 frames (age = 5)
Internal: deleting an allocation that is older than its permitted lifetime of 4 frames (age = 5)
Internal: deleting an allocation that is older than its permitted lifetime of 4 frames (age = 5)
Internal: deleting an allocation that is older than its permitted lifetime of 4 frames (age = 5)
Internal: deleting an allocation that is older than its permitted lifetime of 4 frames (age = 5)
Internal: JobTempAlloc has allocations that are more than the maximum lifespan of 4 frames old - this is not allowed and likely a leak
To Debug, run app with -diag-job-temp-memory-leak-validation cmd line argument. This will output the callstacks of the leaked allocations.
Internal: JobTempAlloc has allocations that are more than the maximum lifespan of 4 frames old - this is not allowed and likely a leak
To Debug, run app with -diag-job-temp-memory-leak-validation cmd line argument. This will output the callstacks of the leaked allocations.
Internal: deleting an allocation that is older than its permitted lifetime of 4 frames (age = 6)
Internal: deleting an allocation that is older than its permitted lifetime of 4 frames (age = 6)
Internal: deleting an allocation that is older than its permitted lifetime of 4 frames (age = 6)
Internal: deleting an allocation that is older than its permitted lifetime of 4 frames (age = 5)
Internal: deleting an allocation that is older than its permitted lifetime of 4 frames (age = 5)
Internal: deleting an allocation that is older than its permitted lifetime of 4 frames (age = 5)
Internal: JobTempAlloc has allocations that are more than the maximum lifespan of 4 frames old - this is not allowed and likely a leak
To Debug, run app with -diag-job-temp-memory-leak-validation cmd line argument. This will output the callstacks of the leaked allocations.
Internal: deleting an allocation that is older than its permitted lifetime of 4 frames (age = 5)
Internal: deleting an allocation that is older than its permitted lifetime of 4 frames (age = 5)
Internal: deleting an allocation that is older than its permitted lifetime of 4 frames (age = 5)
Internal: deleting an allocation that is older than its permitted lifetime of 4 frames (age = 5)
Internal: deleting an allocation that is older than its permitted lifetime of 4 frames (age = 5)
Internal: deleting an allocation that is older than its permitted lifetime of 4 frames (age = 5)
Internal: JobTempAlloc has allocations that are more than the maximum lifespan of 4 frames old - this is not allowed and likely a leak
To Debug, run app with -diag-job-temp-memory-leak-validation cmd line argument. This will output the callstacks of the leaked allocations.
Internal: JobTempAlloc has allocations that are more than the maximum lifespan of 4 frames old - this is not allowed and likely a leak
To Debug, run app with -diag-job-temp-memory-leak-validation cmd line argument. This will output the callstacks of the leaked allocations.
End active action early V3
Active V3 action did SOMETHING, check for event procs
Activated event callback
ResolvePendingKOs
KO QUEUE HAS 0 CARDS
SAVE QUEUE HAS 0 CARDS
trying to active failed ko
CLEAR SAVE QUEUE
ResolvePendingKOs
KO QUEUE HAS 0 CARDS
SAVE QUEUE HAS 0 CARDS
trying to active failed ko
Reset action phase opp action False opp resolving False
start action phase for player (0), curr state is PlayerTurn_Action
Clicking hand card
[ReplaySync] RZ1|260|1|Don|5|7|5|7|1|1|1|0|0
[ReplaySync] RZ1|CHK|260|1|22|20|0|4|0|10|4|0|1|0
[ReplaySync] RZ1|261|1|OP15-040|1|19|2|0|1|1|0|0|0
[ReplaySync] RZ1|CHK|261|1|22|19|1|4|0|10|4|0|1|0
Queue up V3 Action [Viola [<mark><link="OP15-040">OP15-040</link></mark>]]<0>(102)]
Reset action phase opp action False opp resolving False
start action phase for player (0), curr state is PlayerTurn_Action
Start using only available action
Start Using V3 Action [Viola [<mark><link="OP15-040">OP15-040</link></mark>]]<0>
Check Control Flip
Do V3 Action Step 0
Next V3Action Step 1
Clear Prev Targets
1.24a replacement effect check
HandleMouseClickDuringCardAction V3
Add 430 to Target List
No remaining targets, move to next step
V3 Action FULL Targets!
Do V3 Action Step 1
[ReplaySync] RZ1|262|1|OP15-054|0|19|1|19|1|1|0|0|0
[ReplaySync] RZ1|CHK|262|1|21|20|1|4|0|10|4|0|1|0
Next V3Action Step 2
Clear Prev Targets
1.24a replacement effect check
[ReplaySync] RZ1|263|1|OP10-060|0|20|0|0|0|0|0|0|0
[ReplaySync] RZ1|CHK|263|1|21|20|1|4|0|10|4|0|1|0
[ReplaySync] RZ1|264|1|OP15-054|0|20|0|0|0|0|0|0|0
[ReplaySync] RZ1|CHK|264|1|21|20|1|4|0|10|4|0|1|0
V3 Action FULL Targets!
Do V3 Action Step 2
Next V3Action Step 3
CLEAR SAVE QUEUE
resolve action
ResolvePendingKOs
KO QUEUE HAS 0 CARDS
SAVE QUEUE HAS 0 CARDS
trying to active failed ko
switch: PlayerTurn_Action
Reset action phase opp action False opp resolving False
start action phase for player (0), curr state is PlayerTurn_Action
[] Hand: [OP05-019,OP15-054,OP15-053,OP15-055,OP15-040,OP08-047,OP15-040,OP10-060,OP15-052,OP15-055,OP10-045,OP15-053,OP10-060,OP09-118,OP15-053,OP15-046,OP10-045,OP15-014,OP15-046,OP15-054]
[] Board: [OP15-040]
[] Trash: [OP15-020,OP15-053,OP10-060,OP15-020]
[] Life: 4
[] Hand: [OP10-060,OP10-060,OP15-051,OP15-047,OP15-052,OP15-046,OP15-042,OP07-051,OP14-049,OP15-047,OP10-060,OP15-042,OP10-045,OP15-052,OP10-059,OP11-061,OP10-060,OP15-042,OP10-059,OP15-053,OP15-053,OP14-049]
[] Board: [OP15-051]
[] Trash: [OP15-051]
[] Life: 5
[ReplaySync] RZ1|265|2|OP15-040|0|20|1|22|1|1|0|0|0
[ReplaySync] RZ1|CHK|265|2|20|23|1|5|0|10|1|0|1|0
start action phase for player (1), curr state is PlayerTurn_Action
[ReplaySync] RZ1|266|2|Don|5|0|5|0|1|1|1|0|0
[ReplaySync] RZ1|CHK|266|2|20|23|1|5|0|10|1|0|1|0
[ReplaySync] RZ1|267|2|Don|5|1|5|1|1|1|1|0|0
[ReplaySync] RZ1|CHK|267|2|20|23|1|5|0|10|1|0|1|0
[ReplaySync] RZ1|268|2|Don|5|2|5|2|1|1|1|0|0
[ReplaySync] RZ1|CHK|268|2|20|23|1|5|0|10|1|0|1|0
[ReplaySync] RZ1|269|2|Don|5|3|5|3|1|1|1|0|0
[ReplaySync] RZ1|CHK|269|2|20|23|1|5|0|10|1|0|1|0
[ReplaySync] RZ1|270|2|Don|5|4|5|4|1|1|1|0|0
[ReplaySync] RZ1|CHK|270|2|20|23|1|5|0|10|1|0|1|0
[ReplaySync] RZ1|271|2|Don|5|5|5|5|1|1|1|0|0
[ReplaySync] RZ1|CHK|271|2|20|23|1|5|0|10|1|0|1|0
[ReplaySync] RZ1|272|2|Don|5|6|5|6|1|1|1|0|0
[ReplaySync] RZ1|CHK|272|2|20|23|1|5|0|10|1|0|1|0
[ReplaySync] RZ1|273|2|Don|5|7|5|7|1|1|1|0|0
[ReplaySync] RZ1|CHK|273|2|20|23|1|5|0|10|1|0|1|0
[ReplaySync] RZ1|274|2|OP14-049|1|8|2|1|1|1|0|0|0
[ReplaySync] RZ1|CHK|274|2|20|22|2|5|0|10|1|0|1|0
Queue up V3 Action [Jinbe [<mark><link="OP14-049">OP14-049</link></mark>]]<1>(103)]
Reset action phase opp action False opp resolving False
start action phase for player (1), curr state is PlayerTurn_Action
Start using only available action
Start Using V3 Action [Jinbe [<mark><link="OP14-049">OP14-049</link></mark>]]<1>
Check Control Flip
V3 Action FULL Targets!
Do V3 Action Step 0
[ReplaySync] RZ1|275|2|Don|5|8|5|8|1|1|1|0|0
[ReplaySync] RZ1|CHK|275|2|20|22|2|5|0|10|1|0|1|0
[ReplaySync] RZ1|276|2|Don|5|9|5|9|1|1|1|0|0
[ReplaySync] RZ1|CHK|276|2|20|22|2|5|0|10|1|0|1|0
Next V3Action Step 1
Clear Prev Targets
1.24a replacement effect check
Do V3 Action Step 1
[ReplaySync] RZ1|277|2|OP15-051|0|19|1|22|1|1|0|0|0
[ReplaySync] RZ1|CHK|277|2|19|23|2|5|0|10|1|0|1|0
[ReplaySync] RZ1|278|2|OP15-042|0|18|1|23|1|1|0|0|0
[ReplaySync] RZ1|CHK|278|2|18|24|2|5|0|10|1|0|1|0
Next V3Action Step 2
Clear Prev Targets
1.24a replacement effect check
HandleMouseClickDuringCardAction V3
HandleMouseClickDuringCardAction V3
HandleMouseClickDuringCardAction V3
V3 Action FULL Targets!
Do V3 Action Step 2
Next V3Action Step 3
CLEAR SAVE QUEUE
resolve action
ResolvePendingKOs
KO QUEUE HAS 0 CARDS
SAVE QUEUE HAS 0 CARDS
trying to active failed ko
switch: PlayerTurn_Action
Reset action phase opp action False opp resolving False
start action phase for player (1), curr state is PlayerTurn_Action
[] Hand: [OP10-060,OP10-060,OP15-051,OP15-047,OP15-052,OP15-046,OP15-042,OP07-051,OP15-047,OP10-060,OP15-042,OP10-045,OP15-052,OP10-059,OP11-061,OP10-060,OP15-042,OP10-059,OP15-053,OP15-053,OP14-049,OP15-040,OP15-051,OP15-042]
[] Board: [OP15-051,OP14-049]
[] Trash: [OP15-051]
[] Life: 5
[] Hand: [OP05-019,OP15-054,OP15-053,OP15-055,OP15-040,OP08-047,OP15-040,OP10-060,OP15-052,OP15-055,OP10-045,OP15-053,OP10-060,OP09-118,OP15-053,OP15-046,OP10-045,OP15-014,OP15-046,OP15-054]
[] Board: [OP15-040]
[] Trash: [OP15-020,OP15-053,OP10-060,OP15-020]
[] Life: 4
[ReplaySync] RZ1|279|1|OP08-047|0|20|1|20|1|1|0|0|0
[ReplaySync] RZ1|CHK|279|1|20|21|1|4|0|10|4|0|1|0
start action phase for player (0), curr state is PlayerTurn_Action
[] Hand: [OP05-019,OP15-054,OP15-053,OP15-055,OP15-040,OP08-047,OP15-040,OP10-060,OP15-052,OP15-055,OP10-045,OP15-053,OP10-060,OP09-118,OP15-053,OP15-046,OP10-045,OP15-014,OP15-046,OP15-054,OP08-047]
[] Board: [OP15-040]
[] Trash: [OP15-020,OP15-053,OP10-060,OP15-020]
[] Life: 4
[] Hand: [OP10-060,OP10-060,OP15-051,OP15-047,OP15-052,OP15-046,OP15-042,OP07-051,OP15-047,OP10-060,OP15-042,OP10-045,OP15-052,OP10-059,OP11-061,OP10-060,OP15-042,OP10-059,OP15-053,OP15-053,OP14-049,OP15-040,OP15-051,OP15-042]
[] Board: [OP15-051,OP14-049]
[] Trash: [OP15-051]
[] Life: 5
[ReplaySync] RZ1|280|2|OP07-051|0|17|1|24|1|1|0|0|0
[ReplaySync] RZ1|CHK|280|2|17|25|2|5|0|10|1|0|1|0
start action phase for player (1), curr state is PlayerTurn_Action
[ReplaySync] RZ1|281|2|Don|5|0|5|0|1|1|1|0|0
[ReplaySync] RZ1|CHK|281|2|17|25|2|5|0|10|1|0|1|0
[ReplaySync] RZ1|282|2|Don|5|1|5|1|1|1|1|0|0
[ReplaySync] RZ1|CHK|282|2|17|25|2|5|0|10|1|0|1|0
[ReplaySync] RZ1|283|2|Don|5|2|5|2|1|1|1|0|0
[ReplaySync] RZ1|CHK|283|2|17|25|2|5|0|10|1|0|1|0
[ReplaySync] RZ1|284|2|Don|5|3|5|3|1|1|1|0|0
[ReplaySync] RZ1|CHK|284|2|17|25|2|5|0|10|1|0|1|0
[ReplaySync] RZ1|285|2|Don|5|4|5|4|1|1|1|0|0
[ReplaySync] RZ1|CHK|285|2|17|25|2|5|0|10|1|0|1|0
[ReplaySync] RZ1|286|2|Don|5|5|5|5|1|1|1|0|0
[ReplaySync] RZ1|CHK|286|2|17|25|2|5|0|10|1|0|1|0
[ReplaySync] RZ1|287|2|OP07-051|1|24|2|2|1|1|0|0|0
[ReplaySync] RZ1|CHK|287|2|17|24|3|5|0|10|1|0|1|0
Queue up V3 Action [Boa Hancock [<mark><link="OP07-051">OP07-051</link></mark>]]<0>(104)]
Reset action phase opp action False opp resolving False
start action phase for player (1), curr state is PlayerTurn_Action
Start using only available action
Start Using V3 Action [Boa Hancock [<mark><link="OP07-051">OP07-051</link></mark>]]<0>
Check Control Flip
HandleMouseClickDuringCardAction V3
Add 50 to Target List
No remaining targets, move to next step
V3 Action FULL Targets!
Do V3 Action Step 0
Next V3Action Step 1
Clear Prev Targets
1.24a replacement effect check
HandleMouseClickDuringCardAction V3
Add 50 to Target List
No remaining targets, move to next step
V3 Action FULL Targets!
Do V3 Action Step 1
[ReplaySync] RZ1|288|1|OP15-040|2|0|0|0|0|0|0|0|0
[ReplaySync] RZ1|CHK|288|1|21|21|0|4|0|10|4|0|1|0
Next V3Action Step 2
CLEAR SAVE QUEUE
resolve action
ResolvePendingKOs
KO QUEUE HAS 0 CARDS
SAVE QUEUE HAS 0 CARDS
trying to active failed ko
switch: PlayerTurn_Action
Reset action phase opp action False opp resolving False
start action phase for player (1), curr state is PlayerTurn_Action
[] Hand: [OP10-060,OP10-060,OP15-051,OP15-047,OP15-052,OP15-046,OP15-042,OP07-051,OP15-047,OP10-060,OP15-042,OP10-045,OP15-052,OP10-059,OP11-061,OP10-060,OP15-042,OP10-059,OP15-053,OP15-053,OP14-049,OP15-040,OP15-051,OP15-042]
[] Board: [OP15-051,OP14-049,OP07-051]
[] Trash: [OP15-051]
[] Life: 5
[] Hand: [OP05-019,OP15-054,OP15-053,OP15-055,OP15-040,OP08-047,OP15-040,OP10-060,OP15-052,OP15-055,OP10-045,OP15-053,OP10-060,OP09-118,OP15-053,OP15-046,OP10-045,OP15-014,OP15-046,OP15-054,OP08-047]
[] Board: []
[] Trash: [OP15-020,OP15-053,OP10-060,OP15-020]
[] Life: 4
[ReplaySync] RZ1|289|1|OP15-019|0|20|1|21|1|1|0|0|0
[ReplaySync] RZ1|CHK|289|1|20|22|0|4|0|10|4|0|1|0
start action phase for player (0), curr state is PlayerTurn_Action
Clicking hand card
[ReplaySync] RZ1|290|1|Don|5|0|5|0|1|1|1|0|0
[ReplaySync] RZ1|CHK|290|1|20|22|0|4|0|10|4|0|1|0
[ReplaySync] RZ1|291|1|Don|5|1|5|1|1|1|1|0|0
[ReplaySync] RZ1|CHK|291|1|20|22|0|4|0|10|4|0|1|0
[ReplaySync] RZ1|292|1|Don|5|2|5|2|1|1|1|0|0
[ReplaySync] RZ1|CHK|292|1|20|22|0|4|0|10|4|0|1|0
[ReplaySync] RZ1|293|1|Don|5|3|5|3|1|1|1|0|0
[ReplaySync] RZ1|CHK|293|1|20|22|0|4|0|10|4|0|1|0
[ReplaySync] RZ1|294|1|OP10-045|1|16|2|0|1|1|0|0|0
[ReplaySync] RZ1|CHK|294|1|20|21|1|4|0|10|4|0|1|0
Reset action phase opp action False opp resolving False
start action phase for player (0), curr state is PlayerTurn_Action
[] Hand: [OP05-019,OP15-054,OP15-053,OP15-055,OP15-040,OP08-047,OP15-040,OP10-060,OP15-052,OP15-055,OP10-045,OP15-053,OP10-060,OP09-118,OP15-053,OP15-046,OP15-014,OP15-046,OP15-054,OP08-047,OP15-019]
[] Board: [OP10-045]
[] Trash: [OP15-020,OP15-053,OP10-060,OP15-020]
[] Life: 4
[] Hand: [OP10-060,OP10-060,OP15-051,OP15-047,OP15-052,OP15-046,OP15-042,OP07-051,OP15-047,OP10-060,OP15-042,OP10-045,OP15-052,OP10-059,OP11-061,OP10-060,OP15-042,OP10-059,OP15-053,OP15-053,OP14-049,OP15-040,OP15-051,OP15-042]
[] Board: [OP15-051,OP14-049,OP07-051]
[] Trash: [OP15-051]
[] Life: 5
[ReplaySync] RZ1|295|2|OP15-053|0|16|1|24|1|1|0|0|0
[ReplaySync] RZ1|CHK|295|2|16|25|3|5|0|10|1|0|1|0
start action phase for player (1), curr state is PlayerTurn_Action
[] Hand: [OP10-060,OP10-060,OP15-051,OP15-047,OP15-052,OP15-046,OP15-042,OP07-051,OP15-047,OP10-060,OP15-042,OP10-045,OP15-052,OP10-059,OP11-061,OP10-060,OP15-042,OP10-059,OP15-053,OP15-053,OP14-049,OP15-040,OP15-051,OP15-042,OP15-053]
[] Board: [OP15-051,OP14-049,OP07-051]
[] Trash: [OP15-051]
[] Life: 5
[] Hand: [OP05-019,OP15-054,OP15-053,OP15-055,OP15-040,OP08-047,OP15-040,OP10-060,OP15-052,OP15-055,OP10-045,OP15-053,OP10-060,OP09-118,OP15-053,OP15-046,OP15-014,OP15-046,OP15-054,OP08-047,OP15-019]
[] Board: [OP10-045]
[] Trash: [OP15-020,OP15-053,OP10-060,OP15-020]
[] Life: 4
[ReplaySync] RZ1|296|1|OP15-052|0|19|1|21|1|1|0|0|0
[ReplaySync] RZ1|CHK|296|1|19|22|1|4|0|10|4|0|1|0
start action phase for player (0), curr state is PlayerTurn_Action
Clicking hand card
ActivateCardAction
Queue up V3 Action [Barrier Bulls [<mark><link="OP15-019">OP15-019</link></mark>]]<0>(105)]
Start using only available action
Start Using V3 Action [Barrier Bulls [<mark><link="OP15-019">OP15-019</link></mark>]]<0>
Check Control Flip
Do V3 Action Step 0
[ReplaySync] RZ1|297|1|Don|5|0|5|0|1|1|1|0|0
[ReplaySync] RZ1|CHK|297|1|19|22|1|4|0|10|4|0|1|0
[ReplaySync] RZ1|298|1|Don|5|1|5|1|1|1|1|0|0
[ReplaySync] RZ1|CHK|298|1|19|22|1|4|0|10|4|0|1|0
[ReplaySync] RZ1|299|1|Don|5|2|5|2|1|1|1|0|0
[ReplaySync] RZ1|CHK|299|1|19|22|1|4|0|10|4|0|1|0
[ReplaySync] RZ1|300|1|OP15-019|1|20|6|4|1|1|0|0|0
[ReplaySync] RZ1|CHK|300|1|19|21|1|4|0|10|5|0|1|0
Next V3Action Step 1
Clear Prev Targets
1.24a replacement effect check
Do V3 Action Step 1
[ReplaySync] RZ1|301|1|OP15-020|0|18|1|21|1|1|0|0|0
[ReplaySync] RZ1|CHK|301|1|18|22|1|4|0|10|5|0|1|0
Next V3Action Step 2
Clear Prev Targets
1.24a replacement effect check
Do V3 Action Step 2
Next V3Action Step 3
Activated event callback
CLEAR SAVE QUEUE
resolve action
ResolvePendingKOs
KO QUEUE HAS 0 CARDS
SAVE QUEUE HAS 0 CARDS
trying to active failed ko
switch: PlayerTurn_Action
Reset action phase opp action False opp resolving False
start action phase for player (0), curr state is PlayerTurn_Action
Queue up V3 Action [Cavendish [<mark><link="OP10-045">OP10-045</link></mark>]]<0>(106)]
Check OpponentAttack BeforeBlocker Actions
Start using only available action
Start Using V3 Action [Cavendish [<mark><link="OP10-045">OP10-045</link></mark>]]<0>
Check Control Flip
Do V3 Action Step 0
[ReplaySync] RZ1|302|1|OP15-046|0|17|1|22|1|1|0|0|0
[ReplaySync] RZ1|CHK|302|1|17|23|1|4|0|10|5|0|1|0
[ReplaySync] RZ1|303|1|OP15-055|0|16|1|23|1|1|0|0|0
[ReplaySync] RZ1|CHK|303|1|16|24|1|4|0|10|5|0|1|0
Next V3Action Step 1
Clear Prev Targets
1.24a replacement effect check
Clicking hand card
HandleMouseClickDuringCardAction V3
Add 20 to Target List
No remaining targets, move to next step
V3 Action FULL Targets!
Do V3 Action Step 1
[ReplaySync] RZ1|304|1|OP15-014|1|16|6|5|1|1|0|0|0
[ReplaySync] RZ1|CHK|304|1|16|23|1|4|0|10|6|0|1|0
Next V3Action Step 2
CLEAR SAVE QUEUE
resolve action
ResolvePendingKOs
KO QUEUE HAS 0 CARDS
SAVE QUEUE HAS 0 CARDS
trying to active failed ko
switch: Attack_WaitOnBlocker
iPlayerTurn = iPlayerAction
Check pending after attack action
Done check pending after attack action
No Blocker
[ReplaySync] RZ1|305|2|OP15-053|1|24|6|1|1|1|0|0|0
[ReplaySync] RZ1|CHK|305|2|16|24|3|5|0|10|2|0|1|0
[ReplaySync] RZ1|306|2|OP15-040|1|21|6|2|1|1|0|0|0
[ReplaySync] RZ1|CHK|306|2|16|23|3|5|0|10|3|0|1|0
checking for failed ko effects
Check for EndBattle Effects
Reset action phase opp action False opp resolving False
start action phase for player (0), curr state is PlayerTurn_Action
Internal: deleting an allocation that is older than its permitted lifetime of 4 frames (age = 5)
Internal: deleting an allocation that is older than its permitted lifetime of 4 frames (age = 5)
Internal: deleting an allocation that is older than its permitted lifetime of 4 frames (age = 5)
Internal: deleting an allocation that is older than its permitted lifetime of 4 frames (age = 5)
Internal: deleting an allocation that is older than its permitted lifetime of 4 frames (age = 5)
Internal: deleting an allocation that is older than its permitted lifetime of 4 frames (age = 5)
Internal: deleting an allocation that is older than its permitted lifetime of 4 frames (age = 5)
Internal: deleting an allocation that is older than its permitted lifetime of 4 frames (age = 5)
Internal: deleting an allocation that is older than its permitted lifetime of 4 frames (age = 5)
Internal: deleting an allocation that is older than its permitted lifetime of 4 frames (age = 5)
Internal: deleting an allocation that is older than its permitted lifetime of 4 frames (age = 5)
Internal: deleting an allocation that is older than its permitted lifetime of 4 frames (age = 5)
Internal: deleting an allocation that is older than its permitted lifetime of 4 frames (age = 5)
Internal: deleting an allocation that is older than its permitted lifetime of 4 frames (age = 5)
Internal: deleting an allocation that is older than its permitted lifetime of 4 frames (age = 5)
Internal: deleting an allocation that is older than its permitted lifetime of 4 frames (age = 5)
Internal: deleting an allocation that is older than its permitted lifetime of 4 frames (age = 5)
Internal: deleting an allocation that is older than its permitted lifetime of 4 frames (age = 5)
Internal: deleting an allocation that is older than its permitted lifetime of 4 frames (age = 5)
Internal: deleting an allocation that is older than its permitted lifetime of 4 frames (age = 5)
Internal: deleting an allocation that is older than its permitted lifetime of 4 frames (age = 5)
Internal: deleting an allocation that is older than its permitted lifetime of 4 frames (age = 5)
Internal: deleting an allocation that is older than its permitted lifetime of 4 frames (age = 6)
Internal: deleting an allocation that is older than its permitted lifetime of 4 frames (age = 6)
Internal: deleting an allocation that is older than its permitted lifetime of 4 frames (age = 6)
Internal: deleting an allocation that is older than its permitted lifetime of 4 frames (age = 6)
Internal: deleting an allocation that is older than its permitted lifetime of 4 frames (age = 6)
Internal: deleting an allocation that is older than its permitted lifetime of 4 frames (age = 6)
Internal: deleting an allocation that is older than its permitted lifetime of 4 frames (age = 5)
Internal: deleting an allocation that is older than its permitted lifetime of 4 frames (age = 5)
Internal: deleting an allocation that is older than its permitted lifetime of 4 frames (age = 5)
Internal: deleting an allocation that is older than its permitted lifetime of 4 frames (age = 5)
Internal: deleting an allocation that is older than its permitted lifetime of 4 frames (age = 5)
Internal: deleting an allocation that is older than its permitted lifetime of 4 frames (age = 5)
Internal: deleting an allocation that is older than its permitted lifetime of 4 frames (age = 5)
Internal: deleting an allocation that is older than its permitted lifetime of 4 frames (age = 5)
Internal: deleting an allocation that is older than its permitted lifetime of 4 frames (age = 5)
Internal: deleting an allocation that is older than its permitted lifetime of 4 frames (age = 5)
Internal: deleting an allocation that is older than its permitted lifetime of 4 frames (age = 6)
Internal: deleting an allocation that is older than its permitted lifetime of 4 frames (age = 6)
Internal: deleting an allocation that is older than its permitted lifetime of 4 frames (age = 6)
Internal: deleting an allocation that is older than its permitted lifetime of 4 frames (age = 6)
Internal: deleting an allocation that is older than its permitted lifetime of 4 frames (age = 6)
Internal: deleting an allocation that is older than its permitted lifetime of 4 frames (age = 6)
Internal: deleting an allocation that is older than its permitted lifetime of 4 frames (age = 5)
Internal: deleting an allocation that is older than its permitted lifetime of 4 frames (age = 5)
Internal: deleting an allocation that is older than its permitted lifetime of 4 frames (age = 5)
Internal: deleting an allocation that is older than its permitted lifetime of 4 frames (age = 5)
Internal: deleting an allocation that is older than its permitted lifetime of 4 frames (age = 5)
Internal: deleting an allocation that is older than its permitted lifetime of 4 frames (age = 5)
Internal: deleting an allocation that is older than its permitted lifetime of 4 frames (age = 5)
Internal: deleting an allocation that is older than its permitted lifetime of 4 frames (age = 6)
Internal: deleting an allocation that is older than its permitted lifetime of 4 frames (age = 6)
Internal: deleting an allocation that is older than its permitted lifetime of 4 frames (age = 5)
Internal: deleting an allocation that is older than its permitted lifetime of 4 frames (age = 6)
Internal: deleting an allocation that is older than its permitted lifetime of 4 frames (age = 6)
Internal: deleting an allocation that is older than its permitted lifetime of 4 frames (age = 5)
Internal: deleting an allocation that is older than its permitted lifetime of 4 frames (age = 5)
Internal: deleting an allocation that is older than its permitted lifetime of 4 frames (age = 5)
Internal: deleting an allocation that is older than its permitted lifetime of 4 frames (age = 5)
Internal: deleting an allocation that is older than its permitted lifetime of 4 frames (age = 6)
Internal: deleting an allocation that is older than its permitted lifetime of 4 frames (age = 6)
Internal: deleting an allocation that is older than its permitted lifetime of 4 frames (age = 6)
Internal: deleting an allocation that is older than its permitted lifetime of 4 frames (age = 6)
Internal: deleting an allocation that is older than its permitted lifetime of 4 frames (age = 6)
Internal: deleting an allocation that is older than its permitted lifetime of 4 frames (age = 6)
Internal: deleting an allocation that is older than its permitted lifetime of 4 frames (age = 5)
Internal: deleting an allocation that is older than its permitted lifetime of 4 frames (age = 5)
Internal: deleting an allocation that is older than its permitted lifetime of 4 frames (age = 5)
Internal: deleting an allocation that is older than its permitted lifetime of 4 frames (age = 5)
Internal: deleting an allocation that is older than its permitted lifetime of 4 frames (age = 5)
Internal: deleting an allocation that is older than its permitted lifetime of 4 frames (age = 5)
Internal: deleting an allocation that is older than its permitted lifetime of 4 frames (age = 5)
Internal: deleting an allocation that is older than its permitted lifetime of 4 frames (age = 5)
Internal: deleting an allocation that is older than its permitted lifetime of 4 frames (age = 5)
Internal: deleting an allocation that is older than its permitted lifetime of 4 frames (age = 5)
Internal: deleting an allocation that is older than its permitted lifetime of 4 frames (age = 5)
Internal: deleting an allocation that is older than its permitted lifetime of 4 frames (age = 6)
Internal: deleting an allocation that is older than its permitted lifetime of 4 frames (age = 6)
Internal: deleting an allocation that is older than its permitted lifetime of 4 frames (age = 6)
Internal: deleting an allocation that is older than its permitted lifetime of 4 frames (age = 6)
Internal: deleting an allocation that is older than its permitted lifetime of 4 frames (age = 6)
Internal: deleting an allocation that is older than its permitted lifetime of 4 frames (age = 6)
Internal: deleting an allocation that is older than its permitted lifetime of 4 frames (age = 5)
Internal: deleting an allocation that is older than its permitted lifetime of 4 frames (age = 5)
Internal: deleting an allocation that is older than its permitted lifetime of 4 frames (age = 5)
Internal: deleting an allocation that is older than its permitted lifetime of 4 frames (age = 5)
Internal: deleting an allocation that is older than its permitted lifetime of 4 frames (age = 5)
Internal: deleting an allocation that is older than its permitted lifetime of 4 frames (age = 6)
Internal: deleting an allocation that is older than its permitted lifetime of 4 frames (age = 6)
Internal: deleting an allocation that is older than its permitted lifetime of 4 frames (age = 6)
Internal: deleting an allocation that is older than its permitted lifetime of 4 frames (age = 5)
Internal: deleting an allocation that is older than its permitted lifetime of 4 frames (age = 6)
Internal: deleting an allocation that is older than its permitted lifetime of 4 frames (age = 6)
Internal: deleting an allocation that is older than its permitted lifetime of 4 frames (age = 5)
Internal: deleting an allocation that is older than its permitted lifetime of 4 frames (age = 5)
Internal: deleting an allocation that is older than its permitted lifetime of 4 frames (age = 5)
Internal: deleting an allocation that is older than its permitted lifetime of 4 frames (age = 5)
Internal: deleting an allocation that is older than its permitted lifetime of 4 frames (age = 5)
Internal: deleting an allocation that is older than its permitted lifetime of 4 frames (age = 6)
Internal: deleting an allocation that is older than its permitted lifetime of 4 frames (age = 6)
Internal: deleting an allocation that is older than its permitted lifetime of 4 frames (age = 6)
Internal: deleting an allocation that is older than its permitted lifetime of 4 frames (age = 5)
Internal: deleting an allocation that is older than its permitted lifetime of 4 frames (age = 6)
Internal: deleting an allocation that is older than its permitted lifetime of 4 frames (age = 6)
Internal: deleting an allocation that is older than its permitted lifetime of 4 frames (age = 5)
Internal: deleting an allocation that is older than its permitted lifetime of 4 frames (age = 5)
Internal: deleting an allocation that is older than its permitted lifetime of 4 frames (age = 5)
Internal: deleting an allocation that is older than its permitted lifetime of 4 frames (age = 5)
Internal: deleting an allocation that is older than its permitted lifetime of 4 frames (age = 5)
Internal: deleting an allocation that is older than its permitted lifetime of 4 frames (age = 6)
Internal: deleting an allocation that is older than its permitted lifetime of 4 frames (age = 6)
Internal: deleting an allocation that is older than its permitted lifetime of 4 frames (age = 6)
Internal: deleting an allocation that is older than its permitted lifetime of 4 frames (age = 6)
Internal: deleting an allocation that is older than its permitted lifetime of 4 frames (age = 6)
Internal: deleting an allocation that is older than its permitted lifetime of 4 frames (age = 6)
Internal: deleting an allocation that is older than its permitted lifetime of 4 frames (age = 5)
Internal: deleting an allocation that is older than its permitted lifetime of 4 frames (age = 5)
Internal: deleting an allocation that is older than its permitted lifetime of 4 frames (age = 5)
Internal: deleting an allocation that is older than its permitted lifetime of 4 frames (age = 5)
Internal: deleting an allocation that is older than its permitted lifetime of 4 frames (age = 5)
Internal: deleting an allocation that is older than its permitted lifetime of 4 frames (age = 6)
Internal: deleting an allocation that is older than its permitted lifetime of 4 frames (age = 6)
Internal: deleting an allocation that is older than its permitted lifetime of 4 frames (age = 6)
Internal: deleting an allocation that is older than its permitted lifetime of 4 frames (age = 5)
Internal: deleting an allocation that is older than its permitted lifetime of 4 frames (age = 6)
Internal: deleting an allocation that is older than its permitted lifetime of 4 frames (age = 6)
Internal: deleting an allocation that is older than its permitted lifetime of 4 frames (age = 5)
Internal: deleting an allocation that is older than its permitted lifetime of 4 frames (age = 5)
Internal: deleting an allocation that is older than its permitted lifetime of 4 frames (age = 5)
Internal: deleting an allocation that is older than its permitted lifetime of 4 frames (age = 5)
Internal: deleting an allocation that is older than its permitted lifetime of 4 frames (age = 5)
Internal: deleting an allocation that is older than its permitted lifetime of 4 frames (age = 6)
Internal: deleting an allocation that is older than its permitted lifetime of 4 frames (age = 6)
Internal: deleting an allocation that is older than its permitted lifetime of 4 frames (age = 6)
Internal: deleting an allocation that is older than its permitted lifetime of 4 frames (age = 5)
Internal: deleting an allocation that is older than its permitted lifetime of 4 frames (age = 6)
Internal: deleting an allocation that is older than its permitted lifetime of 4 frames (age = 6)
Internal: deleting an allocation that is older than its permitted lifetime of 4 frames (age = 5)
Internal: deleting an allocation that is older than its permitted lifetime of 4 frames (age = 5)
Internal: deleting an allocation that is older than its permitted lifetime of 4 frames (age = 5)
Internal: deleting an allocation that is older than its permitted lifetime of 4 frames (age = 5)
Internal: deleting an allocation that is older than its permitted lifetime of 4 frames (age = 5)
Internal: deleting an allocation that is older than its permitted lifetime of 4 frames (age = 5)
Internal: deleting an allocation that is older than its permitted lifetime of 4 frames (age = 6)
Internal: deleting an allocation that is older than its permitted lifetime of 4 frames (age = 6)
Internal: deleting an allocation that is older than its permitted lifetime of 4 frames (age = 6)
Internal: deleting an allocation that is older than its permitted lifetime of 4 frames (age = 5)
Internal: deleting an allocation that is older than its permitted lifetime of 4 frames (age = 6)
Internal: deleting an allocation that is older than its permitted lifetime of 4 frames (age = 6)
Internal: deleting an allocation that is older than its permitted lifetime of 4 frames (age = 5)
Internal: deleting an allocation that is older than its permitted lifetime of 4 frames (age = 5)
Internal: deleting an allocation that is older than its permitted lifetime of 4 frames (age = 5)
Internal: deleting an allocation that is older than its permitted lifetime of 4 frames (age = 5)
Internal: deleting an allocation that is older than its permitted lifetime of 4 frames (age = 5)
Internal: deleting an allocation that is older than its permitted lifetime of 4 frames (age = 6)
Internal: deleting an allocation that is older than its permitted lifetime of 4 frames (age = 6)
Internal: deleting an allocation that is older than its permitted lifetime of 4 frames (age = 6)
Internal: deleting an allocation that is older than its permitted lifetime of 4 frames (age = 5)
Internal: deleting an allocation that is older than its permitted lifetime of 4 frames (age = 6)
Internal: deleting an allocation that is older than its permitted lifetime of 4 frames (age = 6)
Internal: deleting an allocation that is older than its permitted lifetime of 4 frames (age = 5)
Internal: deleting an allocation that is older than its permitted lifetime of 4 frames (age = 5)
Internal: deleting an allocation that is older than its permitted lifetime of 4 frames (age = 5)
Internal: deleting an allocation that is older than its permitted lifetime of 4 frames (age = 5)
Internal: deleting an allocation that is older than its permitted lifetime of 4 frames (age = 5)
Internal: deleting an allocation that is older than its permitted lifetime of 4 frames (age = 6)
Internal: deleting an allocation that is older than its permitted lifetime of 4 frames (age = 6)
Internal: deleting an allocation that is older than its permitted lifetime of 4 frames (age = 6)
Internal: deleting an allocation that is older than its permitted lifetime of 4 frames (age = 5)
Internal: deleting an allocation that is older than its permitted lifetime of 4 frames (age = 6)
Internal: deleting an allocation that is older than its permitted lifetime of 4 frames (age = 6)
Internal: deleting an allocation that is older than its permitted lifetime of 4 frames (age = 5)
Internal: deleting an allocation that is older than its permitted lifetime of 4 frames (age = 5)
Internal: deleting an allocation that is older than its permitted lifetime of 4 frames (age = 5)
Internal: deleting an allocation that is older than its permitted lifetime of 4 frames (age = 5)
Internal: deleting an allocation that is older than its permitted lifetime of 4 frames (age = 5)
Internal: deleting an allocation that is older than its permitted lifetime of 4 frames (age = 5)
Internal: deleting an allocation that is older than its permitted lifetime of 4 frames (age = 5)
Internal: deleting an allocation that is older than its permitted lifetime of 4 frames (age = 5)
Internal: deleting an allocation that is older than its permitted lifetime of 4 frames (age = 5)
Internal: deleting an allocation that is older than its permitted lifetime of 4 frames (age = 5)
Internal: deleting an allocation that is older than its permitted lifetime of 4 frames (age = 5)
Internal: deleting an allocation that is older than its permitted lifetime of 4 frames (age = 5)
Internal: deleting an allocation that is older than its permitted lifetime of 4 frames (age = 5)
Internal: deleting an allocation that is older than its permitted lifetime of 4 frames (age = 5)
Internal: deleting an allocation that is older than its permitted lifetime of 4 frames (age = 5)
Internal: deleting an allocation that is older than its permitted lifetime of 4 frames (age = 5)
Internal: deleting an allocation that is older than its permitted lifetime of 4 frames (age = 5)
Internal: deleting an allocation that is older than its permitted lifetime of 4 frames (age = 5)
Internal: deleting an allocation that is older than its permitted lifetime of 4 frames (age = 5)
Internal: deleting an allocation that is older than its permitted lifetime of 4 frames (age = 5)
Internal: deleting an allocation that is older than its permitted lifetime of 4 frames (age = 5)
Internal: deleting an allocation that is older than its permitted lifetime of 4 frames (age = 5)
Internal: deleting an allocation that is older than its permitted lifetime of 4 frames (age = 5)
Internal: deleting an allocation that is older than its permitted lifetime of 4 frames (age = 5)
Internal: deleting an allocation that is older than its permitted lifetime of 4 frames (age = 5)
Internal: deleting an allocation that is older than its permitted lifetime of 4 frames (age = 5)
Internal: deleting an allocation that is older than its permitted lifetime of 4 frames (age = 5)
Internal: deleting an allocation that is older than its permitted lifetime of 4 frames (age = 5)
Internal: deleting an allocation that is older than its permitted lifetime of 4 frames (age = 5)
Internal: deleting an allocation that is older than its permitted lifetime of 4 frames (age = 5)
Internal: deleting an allocation that is older than its permitted lifetime of 4 frames (age = 5)
Internal: deleting an allocation that is older than its permitted lifetime of 4 frames (age = 5)
Internal: deleting an allocation that is older than its permitted lifetime of 4 frames (age = 5)
Internal: deleting an allocation that is older than its permitted lifetime of 4 frames (age = 5)
Internal: deleting an allocation that is older than its permitted lifetime of 4 frames (age = 5)
Internal: deleting an allocation that is older than its permitted lifetime of 4 frames (age = 5)
Internal: deleting an allocation that is older than its permitted lifetime of 4 frames (age = 5)
Internal: deleting an allocation that is older than its permitted lifetime of 4 frames (age = 5)
Internal: deleting an allocation that is older than its permitted lifetime of 4 frames (age = 5)
Internal: deleting an allocation that is older than its permitted lifetime of 4 frames (age = 5)
Internal: deleting an allocation that is older than its permitted lifetime of 4 frames (age = 5)
Internal: deleting an allocation that is older than its permitted lifetime of 4 frames (age = 5)
Internal: deleting an allocation that is older than its permitted lifetime of 4 frames (age = 5)
Internal: deleting an allocation that is older than its permitted lifetime of 4 frames (age = 5)
Internal: deleting an allocation that is older than its permitted lifetime of 4 frames (age = 5)
Internal: deleting an allocation that is older than its permitted lifetime of 4 frames (age = 5)
Internal: deleting an allocation that is older than its permitted lifetime of 4 frames (age = 5)
Internal: deleting an allocation that is older than its permitted lifetime of 4 frames (age = 6)
Internal: deleting an allocation that is older than its permitted lifetime of 4 frames (age = 6)
Internal: deleting an allocation that is older than its permitted lifetime of 4 frames (age = 6)
Internal: deleting an allocation that is older than its permitted lifetime of 4 frames (age = 5)
Internal: deleting an allocation that is older than its permitted lifetime of 4 frames (age = 6)
Internal: deleting an allocation that is older than its permitted lifetime of 4 frames (age = 6)
Internal: deleting an allocation that is older than its permitted lifetime of 4 frames (age = 5)
Internal: deleting an allocation that is older than its permitted lifetime of 4 frames (age = 5)
Internal: deleting an allocation that is older than its permitted lifetime of 4 frames (age = 5)
Internal: deleting an allocation that is older than its permitted lifetime of 4 frames (age = 5)
Internal: deleting an allocation that is older than its permitted lifetime of 4 frames (age = 5)
Internal: deleting an allocation that is older than its permitted lifetime of 4 frames (age = 5)
Internal: deleting an allocation that is older than its permitted lifetime of 4 frames (age = 5)
Internal: deleting an allocation that is older than its permitted lifetime of 4 frames (age = 5)
Internal: deleting an allocation that is older than its permitted lifetime of 4 frames (age = 5)
Internal: deleting an allocation that is older than its permitted lifetime of 4 frames (age = 5)
Internal: deleting an allocation that is older than its permitted lifetime of 4 frames (age = 5)
Internal: deleting an allocation that is older than its permitted lifetime of 4 frames (age = 5)
Internal: deleting an allocation that is older than its permitted lifetime of 4 frames (age = 5)
Internal: deleting an allocation that is older than its permitted lifetime of 4 frames (age = 5)
Internal: deleting an allocation that is older than its permitted lifetime of 4 frames (age = 5)
Internal: deleting an allocation that is older than its permitted lifetime of 4 frames (age = 5)
Internal: deleting an allocation that is older than its permitted lifetime of 4 frames (age = 5)
Internal: deleting an allocation that is older than its permitted lifetime of 4 frames (age = 5)
Internal: deleting an allocation that is older than its permitted lifetime of 4 frames (age = 5)
Internal: deleting an allocation that is older than its permitted lifetime of 4 frames (age = 5)
Internal: deleting an allocation that is older than its permitted lifetime of 4 frames (age = 5)
Internal: deleting an allocation that is older than its permitted lifetime of 4 frames (age = 5)
Internal: deleting an allocation that is older than its permitted lifetime of 4 frames (age = 5)
Internal: deleting an allocation that is older than its permitted lifetime of 4 frames (age = 5)
Internal: deleting an allocation that is older than its permitted lifetime of 4 frames (age = 5)
Internal: deleting an allocation that is older than its permitted lifetime of 4 frames (age = 5)
Internal: deleting an allocation that is older than its permitted lifetime of 4 frames (age = 5)
Internal: deleting an allocation that is older than its permitted lifetime of 4 frames (age = 5)
Internal: deleting an allocation that is older than its permitted lifetime of 4 frames (age = 5)
Internal: deleting an allocation that is older than its permitted lifetime of 4 frames (age = 5)
Internal: deleting an allocation that is older than its permitted lifetime of 4 frames (age = 6)
Internal: deleting an allocation that is older than its permitted lifetime of 4 frames (age = 6)
Internal: deleting an allocation that is older than its permitted lifetime of 4 frames (age = 6)
Internal: deleting an allocation that is older than its permitted lifetime of 4 frames (age = 6)
Internal: deleting an allocation that is older than its permitted lifetime of 4 frames (age = 6)
Internal: deleting an allocation that is older than its permitted lifetime of 4 frames (age = 6)
Internal: deleting an allocation that is older than its permitted lifetime of 4 frames (age = 5)
Internal: deleting an allocation that is older than its permitted lifetime of 4 frames (age = 5)
Internal: deleting an allocation that is older than its permitted lifetime of 4 frames (age = 5)
Internal: deleting an allocation that is older than its permitted lifetime of 4 frames (age = 5)
Internal: deleting an allocation that is older than its permitted lifetime of 4 frames (age = 5)
Internal: deleting an allocation that is older than its permitted lifetime of 4 frames (age = 5)
Internal: deleting an allocation that is older than its permitted lifetime of 4 frames (age = 6)
Internal: deleting an allocation that is older than its permitted lifetime of 4 frames (age = 6)
Internal: deleting an allocation that is older than its permitted lifetime of 4 frames (age = 6)
Internal: deleting an allocation that is older than its permitted lifetime of 4 frames (age = 5)
Internal: deleting an allocation that is older than its permitted lifetime of 4 frames (age = 6)
Internal: deleting an allocation that is older than its permitted lifetime of 4 frames (age = 6)
Internal: deleting an allocation that is older than its permitted lifetime of 4 frames (age = 5)
Internal: deleting an allocation that is older than its permitted lifetime of 4 frames (age = 5)
Internal: deleting an allocation that is older than its permitted lifetime of 4 frames (age = 5)
Internal: deleting an allocation that is older than its permitted lifetime of 4 frames (age = 5)
Internal: deleting an allocation that is older than its permitted lifetime of 4 frames (age = 5)
Internal: deleting an allocation that is older than its permitted lifetime of 4 frames (age = 6)
Internal: deleting an allocation that is older than its permitted lifetime of 4 frames (age = 6)
Internal: deleting an allocation that is older than its permitted lifetime of 4 frames (age = 6)
Internal: deleting an allocation that is older than its permitted lifetime of 4 frames (age = 5)
Internal: deleting an allocation that is older than its permitted lifetime of 4 frames (age = 6)
Internal: deleting an allocation that is older than its permitted lifetime of 4 frames (age = 6)
Internal: deleting an allocation that is older than its permitted lifetime of 4 frames (age = 5)
Internal: deleting an allocation that is older than its permitted lifetime of 4 frames (age = 5)
Internal: deleting an allocation that is older than its permitted lifetime of 4 frames (age = 5)
Internal: deleting an allocation that is older than its permitted lifetime of 4 frames (age = 5)
Internal: deleting an allocation that is older than its permitted lifetime of 4 frames (age = 5)
Internal: deleting an allocation that is older than its permitted lifetime of 4 frames (age = 5)
Internal: deleting an allocation that is older than its permitted lifetime of 4 frames (age = 5)
Internal: deleting an allocation that is older than its permitted lifetime of 4 frames (age = 5)
Internal: deleting an allocation that is older than its permitted lifetime of 4 frames (age = 5)
Internal: deleting an allocation that is older than its permitted lifetime of 4 frames (age = 5)
Internal: deleting an allocation that is older than its permitted lifetime of 4 frames (age = 6)
Internal: deleting an allocation that is older than its permitted lifetime of 4 frames (age = 6)
Internal: deleting an allocation that is older than its permitted lifetime of 4 frames (age = 6)
Internal: deleting an allocation that is older than its permitted lifetime of 4 frames (age = 6)
Internal: deleting an allocation that is older than its permitted lifetime of 4 frames (age = 6)
Internal: deleting an allocation that is older than its permitted lifetime of 4 frames (age = 6)
Internal: deleting an allocation that is older than its permitted lifetime of 4 frames (age = 5)
Internal: deleting an allocation that is older than its permitted lifetime of 4 frames (age = 5)
Internal: deleting an allocation that is older than its permitted lifetime of 4 frames (age = 5)
Internal: deleting an allocation that is older than its permitted lifetime of 4 frames (age = 5)
Internal: deleting an allocation that is older than its permitted lifetime of 4 frames (age = 5)
Internal: deleting an allocation that is older than its permitted lifetime of 4 frames (age = 6)
Internal: deleting an allocation that is older than its permitted lifetime of 4 frames (age = 6)
Internal: deleting an allocation that is older than its permitted lifetime of 4 frames (age = 6)
Internal: deleting an allocation that is older than its permitted lifetime of 4 frames (age = 5)
Internal: deleting an allocation that is older than its permitted lifetime of 4 frames (age = 6)
Internal: deleting an allocation that is older than its permitted lifetime of 4 frames (age = 6)
Internal: deleting an allocation that is older than its permitted lifetime of 4 frames (age = 5)
Internal: deleting an allocation that is older than its permitted lifetime of 4 frames (age = 5)
Internal: deleting an allocation that is older than its permitted lifetime of 4 frames (age = 5)
Internal: deleting an allocation that is older than its permitted lifetime of 4 frames (age = 5)
Internal: deleting an allocation that is older than its permitted lifetime of 4 frames (age = 5)
Internal: deleting an allocation that is older than its permitted lifetime of 4 frames (age = 5)
Internal: deleting an allocation that is older than its permitted lifetime of 4 frames (age = 5)
Internal: deleting an allocation that is older than its permitted lifetime of 4 frames (age = 5)
Internal: deleting an allocation that is older than its permitted lifetime of 4 frames (age = 5)
Internal: deleting an allocation that is older than its permitted lifetime of 4 frames (age = 5)
Internal: deleting an allocation that is older than its permitted lifetime of 4 frames (age = 5)
Internal: deleting an allocation that is older than its permitted lifetime of 4 frames (age = 5)
Internal: deleting an allocation that is older than its permitted lifetime of 4 frames (age = 6)
Internal: deleting an allocation that is older than its permitted lifetime of 4 frames (age = 6)
Internal: deleting an allocation that is older than its permitted lifetime of 4 frames (age = 5)
Internal: deleting an allocation that is older than its permitted lifetime of 4 frames (age = 6)
Internal: deleting an allocation that is older than its permitted lifetime of 4 frames (age = 6)
Internal: deleting an allocation that is older than its permitted lifetime of 4 frames (age = 5)
Internal: deleting an allocation that is older than its permitted lifetime of 4 frames (age = 5)
Internal: deleting an allocation that is older than its permitted lifetime of 4 frames (age = 5)
Internal: deleting an allocation that is older than its permitted lifetime of 4 frames (age = 5)
Internal: deleting an allocation that is older than its permitted lifetime of 4 frames (age = 5)
Internal: deleting an allocation that is older than its permitted lifetime of 4 frames (age = 6)
Internal: deleting an allocation that is older than its permitted lifetime of 4 frames (age = 6)
Internal: deleting an allocation that is older than its permitted lifetime of 4 frames (age = 5)
Internal: deleting an allocation that is older than its permitted lifetime of 4 frames (age = 6)
Internal: deleting an allocation that is older than its permitted lifetime of 4 frames (age = 6)
Internal: deleting an allocation that is older than its permitted lifetime of 4 frames (age = 5)
Internal: deleting an allocation that is older than its permitted lifetime of 4 frames (age = 5)
Internal: deleting an allocation that is older than its permitted lifetime of 4 frames (age = 5)
Internal: deleting an allocation that is older than its permitted lifetime of 4 frames (age = 5)
Internal: deleting an allocation that is older than its permitted lifetime of 4 frames (age = 5)
Internal: deleting an allocation that is older than its permitted lifetime of 4 frames (age = 5)
Internal: deleting an allocation that is older than its permitted lifetime of 4 frames (age = 5)
Internal: deleting an allocation that is older than its permitted lifetime of 4 frames (age = 5)
Internal: deleting an allocation that is older than its permitted lifetime of 4 frames (age = 5)
Internal: deleting an allocation that is older than its permitted lifetime of 4 frames (age = 5)
Internal: deleting an allocation that is older than its permitted lifetime of 4 frames (age = 5)
Internal: deleting an allocation that is older than its permitted lifetime of 4 frames (age = 5)
Internal: deleting an allocation that is older than its permitted lifetime of 4 frames (age = 5)
Internal: deleting an allocation that is older than its permitted lifetime of 4 frames (age = 6)
Internal: deleting an allocation that is older than its permitted lifetime of 4 frames (age = 6)
Internal: deleting an allocation that is older than its permitted lifetime of 4 frames (age = 5)
Internal: deleting an allocation that is older than its permitted lifetime of 4 frames (age = 6)
Internal: deleting an allocation that is older than its permitted lifetime of 4 frames (age = 6)
Internal: deleting an allocation that is older than its permitted lifetime of 4 frames (age = 5)
Internal: deleting an allocation that is older than its permitted lifetime of 4 frames (age = 5)
Internal: deleting an allocation that is older than its permitted lifetime of 4 frames (age = 5)
Internal: deleting an allocation that is older than its permitted lifetime of 4 frames (age = 5)
Internal: deleting an allocation that is older than its permitted lifetime of 4 frames (age = 5)
Internal: deleting an allocation that is older than its permitted lifetime of 4 frames (age = 5)
Internal: deleting an allocation that is older than its permitted lifetime of 4 frames (age = 5)
Internal: deleting an allocation that is older than its permitted lifetime of 4 frames (age = 5)
Internal: deleting an allocation that is older than its permitted lifetime of 4 frames (age = 5)
Internal: deleting an allocation that is older than its permitted lifetime of 4 frames (age = 5)
Internal: deleting an allocation that is older than its permitted lifetime of 4 frames (age = 5)
Internal: deleting an allocation that is older than its permitted lifetime of 4 frames (age = 5)
Internal: deleting an allocation that is older than its permitted lifetime of 4 frames (age = 5)
Internal: deleting an allocation that is older than its permitted lifetime of 4 frames (age = 5)
Internal: deleting an allocation that is older than its permitted lifetime of 4 frames (age = 5)
Internal: deleting an allocation that is older than its permitted lifetime of 4 frames (age = 5)
Internal: deleting an allocation that is older than its permitted lifetime of 4 frames (age = 5)
Internal: deleting an allocation that is older than its permitted lifetime of 4 frames (age = 5)
Internal: deleting an allocation that is older than its permitted lifetime of 4 frames (age = 5)
Internal: deleting an allocation that is older than its permitted lifetime of 4 frames (age = 5)
Internal: deleting an allocation that is older than its permitted lifetime of 4 frames (age = 5)
Internal: deleting an allocation that is older than its permitted lifetime of 4 frames (age = 5)
Internal: deleting an allocation that is older than its permitted lifetime of 4 frames (age = 5)
Internal: deleting an allocation that is older than its permitted lifetime of 4 frames (age = 5)
Internal: deleting an allocation that is older than its permitted lifetime of 4 frames (age = 6)
Internal: deleting an allocation that is older than its permitted lifetime of 4 frames (age = 6)
Internal: deleting an allocation that is older than its permitted lifetime of 4 frames (age = 6)
Internal: deleting an allocation that is older than its permitted lifetime of 4 frames (age = 6)
Internal: deleting an allocation that is older than its permitted lifetime of 4 frames (age = 6)
Internal: deleting an allocation that is older than its permitted lifetime of 4 frames (age = 6)
Internal: deleting an allocation that is older than its permitted lifetime of 4 frames (age = 5)
Internal: deleting an allocation that is older than its permitted lifetime of 4 frames (age = 5)
Internal: deleting an allocation that is older than its permitted lifetime of 4 frames (age = 5)
Internal: deleting an allocation that is older than its permitted lifetime of 4 frames (age = 5)
Internal: deleting an allocation that is older than its permitted lifetime of 4 frames (age = 5)
Internal: deleting an allocation that is older than its permitted lifetime of 4 frames (age = 5)
Internal: deleting an allocation that is older than its permitted lifetime of 4 frames (age = 6)
Internal: deleting an allocation that is older than its permitted lifetime of 4 frames (age = 6)
Internal: deleting an allocation that is older than its permitted lifetime of 4 frames (age = 6)
Internal: deleting an allocation that is older than its permitted lifetime of 4 frames (age = 6)
Internal: deleting an allocation that is older than its permitted lifetime of 4 frames (age = 6)
Internal: deleting an allocation that is older than its permitted lifetime of 4 frames (age = 6)
Internal: deleting an allocation that is older than its permitted lifetime of 4 frames (age = 5)
Internal: deleting an allocation that is older than its permitted lifetime of 4 frames (age = 5)
Internal: deleting an allocation that is older than its permitted lifetime of 4 frames (age = 5)
Internal: deleting an allocation that is older than its permitted lifetime of 4 frames (age = 5)
Internal: deleting an allocation that is older than its permitted lifetime of 4 frames (age = 5)
Internal: deleting an allocation that is older than its permitted lifetime of 4 frames (age = 6)
Internal: deleting an allocation that is older than its permitted lifetime of 4 frames (age = 6)
Internal: deleting an allocation that is older than its permitted lifetime of 4 frames (age = 6)
Internal: deleting an allocation that is older than its permitted lifetime of 4 frames (age = 6)
Internal: deleting an allocation that is older than its permitted lifetime of 4 frames (age = 6)
Internal: deleting an allocation that is older than its permitted lifetime of 4 frames (age = 6)
Internal: deleting an allocation that is older than its permitted lifetime of 4 frames (age = 5)
Internal: deleting an allocation that is older than its permitted lifetime of 4 frames (age = 5)
Internal: deleting an allocation that is older than its permitted lifetime of 4 frames (age = 5)
Internal: deleting an allocation that is older than its permitted lifetime of 4 frames (age = 5)
Internal: deleting an allocation that is older than its permitted lifetime of 4 frames (age = 5)
Internal: deleting an allocation that is older than its permitted lifetime of 4 frames (age = 5)
Internal: deleting an allocation that is older than its permitted lifetime of 4 frames (age = 6)
Internal: deleting an allocation that is older than its permitted lifetime of 4 frames (age = 6)
Internal: deleting an allocation that is older than its permitted lifetime of 4 frames (age = 6)
Internal: deleting an allocation that is older than its permitted lifetime of 4 frames (age = 6)
Internal: deleting an allocation that is older than its permitted lifetime of 4 frames (age = 6)
Internal: deleting an allocation that is older than its permitted lifetime of 4 frames (age = 6)
Internal: deleting an allocation that is older than its permitted lifetime of 4 frames (age = 5)
Internal: deleting an allocation that is older than its permitted lifetime of 4 frames (age = 5)
Internal: deleting an allocation that is older than its permitted lifetime of 4 frames (age = 5)
Internal: deleting an allocation that is older than its permitted lifetime of 4 frames (age = 5)
Internal: deleting an allocation that is older than its permitted lifetime of 4 frames (age = 5)
Internal: deleting an allocation that is older than its permitted lifetime of 4 frames (age = 6)
Internal: deleting an allocation that is older than its permitted lifetime of 4 frames (age = 6)
Internal: deleting an allocation that is older than its permitted lifetime of 4 frames (age = 6)
Internal: deleting an allocation that is older than its permitted lifetime of 4 frames (age = 6)
Internal: deleting an allocation that is older than its permitted lifetime of 4 frames (age = 6)
Internal: deleting an allocation that is older than its permitted lifetime of 4 frames (age = 6)
Internal: deleting an allocation that is older than its permitted lifetime of 4 frames (age = 5)
Internal: deleting an allocation that is older than its permitted lifetime of 4 frames (age = 5)
Internal: deleting an allocation that is older than its permitted lifetime of 4 frames (age = 5)
Internal: deleting an allocation that is older than its permitted lifetime of 4 frames (age = 5)
Internal: deleting an allocation that is older than its permitted lifetime of 4 frames (age = 5)
Internal: deleting an allocation that is older than its permitted lifetime of 4 frames (age = 5)
Internal: deleting an allocation that is older than its permitted lifetime of 4 frames (age = 5)
Internal: deleting an allocation that is older than its permitted lifetime of 4 frames (age = 5)
Internal: deleting an allocation that is older than its permitted lifetime of 4 frames (age = 5)
Internal: deleting an allocation that is older than its permitted lifetime of 4 frames (age = 5)
Internal: deleting an allocation that is older than its permitted lifetime of 4 frames (age = 5)
Internal: deleting an allocation that is older than its permitted lifetime of 4 frames (age = 5)
Internal: deleting an allocation that is older than its permitted lifetime of 4 frames (age = 5)
Internal: deleting an allocation that is older than its permitted lifetime of 4 frames (age = 5)
Internal: deleting an allocation that is older than its permitted lifetime of 4 frames (age = 5)
Internal: deleting an allocation that is older than its permitted lifetime of 4 frames (age = 5)
Internal: deleting an allocation that is older than its permitted lifetime of 4 frames (age = 5)
Internal: deleting an allocation that is older than its permitted lifetime of 4 frames (age = 5)
Internal: deleting an allocation that is older than its permitted lifetime of 4 frames (age = 5)
Internal: deleting an allocation that is older than its permitted lifetime of 4 frames (age = 5)
Internal: deleting an allocation that is older than its permitted lifetime of 4 frames (age = 5)
Internal: deleting an allocation that is older than its permitted lifetime of 4 frames (age = 5)
Internal: deleting an allocation that is older than its permitted lifetime of 4 frames (age = 5)
Internal: deleting an allocation that is older than its permitted lifetime of 4 frames (age = 5)
Internal: deleting an allocation that is older than its permitted lifetime of 4 frames (age = 6)
Internal: deleting an allocation that is older than its permitted lifetime of 4 frames (age = 6)
Internal: deleting an allocation that is older than its permitted lifetime of 4 frames (age = 5)
Internal: deleting an allocation that is older than its permitted lifetime of 4 frames (age = 6)
Internal: deleting an allocation that is older than its permitted lifetime of 4 frames (age = 6)
Internal: deleting an allocation that is older than its permitted lifetime of 4 frames (age = 5)
Internal: deleting an allocation that is older than its permitted lifetime of 4 frames (age = 5)
Internal: deleting an allocation that is older than its permitted lifetime of 4 frames (age = 5)
Internal: deleting an allocation that is older than its permitted lifetime of 4 frames (age = 5)
Internal: deleting an allocation that is older than its permitted lifetime of 4 frames (age = 5)
Internal: deleting an allocation that is older than its permitted lifetime of 4 frames (age = 5)
Internal: deleting an allocation that is older than its permitted lifetime of 4 frames (age = 5)
Internal: deleting an allocation that is older than its permitted lifetime of 4 frames (age = 5)
Internal: deleting an allocation that is older than its permitted lifetime of 4 frames (age = 5)
Internal: deleting an allocation that is older than its permitted lifetime of 4 frames (age = 5)
Internal: deleting an allocation that is older than its permitted lifetime of 4 frames (age = 5)
Internal: deleting an allocation that is older than its permitted lifetime of 4 frames (age = 5)
Internal: deleting an allocation that is older than its permitted lifetime of 4 frames (age = 5)
Internal: deleting an allocation that is older than its permitted lifetime of 4 frames (age = 5)
Internal: deleting an allocation that is older than its permitted lifetime of 4 frames (age = 5)
Internal: deleting an allocation that is older than its permitted lifetime of 4 frames (age = 5)
Internal: deleting an allocation that is older than its permitted lifetime of 4 frames (age = 5)
Internal: deleting an allocation that is older than its permitted lifetime of 4 frames (age = 5)
Internal: deleting an allocation that is older than its permitted lifetime of 4 frames (age = 5)
Internal: deleting an allocation that is older than its permitted lifetime of 4 frames (age = 5)
Internal: deleting an allocation that is older than its permitted lifetime of 4 frames (age = 5)
Internal: deleting an allocation that is older than its permitted lifetime of 4 frames (age = 5)
Internal: deleting an allocation that is older than its permitted lifetime of 4 frames (age = 5)
Internal: deleting an allocation that is older than its permitted lifetime of 4 frames (age = 5)
Internal: deleting an allocation that is older than its permitted lifetime of 4 frames (age = 5)
Internal: deleting an allocation that is older than its permitted lifetime of 4 frames (age = 5)
Internal: deleting an allocation that is older than its permitted lifetime of 4 frames (age = 5)
Internal: deleting an allocation that is older than its permitted lifetime of 4 frames (age = 5)
Internal: deleting an allocation that is older than its permitted lifetime of 4 frames (age = 5)
Internal: deleting an allocation that is older than its permitted lifetime of 4 frames (age = 5)
Internal: deleting an allocation that is older than its permitted lifetime of 4 frames (age = 6)
Internal: deleting an allocation that is older than its permitted lifetime of 4 frames (age = 6)
Internal: deleting an allocation that is older than its permitted lifetime of 4 frames (age = 6)
Internal: deleting an allocation that is older than its permitted lifetime of 4 frames (age = 5)
Internal: deleting an allocation that is older than its permitted lifetime of 4 frames (age = 6)
Internal: deleting an allocation that is older than its permitted lifetime of 4 frames (age = 6)
Internal: deleting an allocation that is older than its permitted lifetime of 4 frames (age = 5)
Internal: deleting an allocation that is older than its permitted lifetime of 4 frames (age = 5)
Internal: deleting an allocation that is older than its permitted lifetime of 4 frames (age = 5)
Internal: deleting an allocation that is older than its permitted lifetime of 4 frames (age = 5)
Internal: deleting an allocation that is older than its permitted lifetime of 4 frames (age = 5)
Internal: deleting an allocation that is older than its permitted lifetime of 4 frames (age = 6)
Internal: deleting an allocation that is older than its permitted lifetime of 4 frames (age = 6)
Internal: deleting an allocation that is older than its permitted lifetime of 4 frames (age = 6)
Internal: deleting an allocation that is older than its permitted lifetime of 4 frames (age = 6)
Internal: deleting an allocation that is older than its permitted lifetime of 4 frames (age = 6)
Internal: deleting an allocation that is older than its permitted lifetime of 4 frames (age = 6)
Internal: deleting an allocation that is older than its permitted lifetime of 4 frames (age = 5)
Internal: deleting an allocation that is older than its permitted lifetime of 4 frames (age = 5)
Internal: deleting an allocation that is older than its permitted lifetime of 4 frames (age = 5)
Internal: deleting an allocation that is older than its permitted lifetime of 4 frames (age = 5)
Internal: deleting an allocation that is older than its permitted lifetime of 4 frames (age = 5)
Internal: deleting an allocation that is older than its permitted lifetime of 4 frames (age = 5)
Internal: deleting an allocation that is older than its permitted lifetime of 4 frames (age = 5)
Internal: deleting an allocation that is older than its permitted lifetime of 4 frames (age = 5)
Internal: deleting an allocation that is older than its permitted lifetime of 4 frames (age = 5)
Internal: deleting an allocation that is older than its permitted lifetime of 4 frames (age = 5)
Internal: deleting an allocation that is older than its permitted lifetime of 4 frames (age = 5)
Internal: deleting an allocation that is older than its permitted lifetime of 4 frames (age = 5)
Internal: deleting an allocation that is older than its permitted lifetime of 4 frames (age = 6)
Internal: deleting an allocation that is older than its permitted lifetime of 4 frames (age = 7)
Internal: deleting an allocation that is older than its permitted lifetime of 4 frames (age = 7)
Internal: deleting an allocation that is older than its permitted lifetime of 4 frames (age = 6)
Internal: deleting an allocation that is older than its permitted lifetime of 4 frames (age = 7)
Internal: deleting an allocation that is older than its permitted lifetime of 4 frames (age = 7)
Internal: deleting an allocation that is older than its permitted lifetime of 4 frames (age = 5)
Internal: deleting an allocation that is older than its permitted lifetime of 4 frames (age = 6)
Internal: deleting an allocation that is older than its permitted lifetime of 4 frames (age = 6)
Internal: deleting an allocation that is older than its permitted lifetime of 4 frames (age = 5)
Internal: deleting an allocation that is older than its permitted lifetime of 4 frames (age = 6)
Internal: deleting an allocation that is older than its permitted lifetime of 4 frames (age = 6)
Internal: deleting an allocation that is older than its permitted lifetime of 4 frames (age = 5)
Internal: deleting an allocation that is older than its permitted lifetime of 4 frames (age = 5)
Internal: deleting an allocation that is older than its permitted lifetime of 4 frames (age = 5)
Internal: deleting an allocation that is older than its permitted lifetime of 4 frames (age = 5)
Internal: deleting an allocation that is older than its permitted lifetime of 4 frames (age = 6)
Internal: deleting an allocation that is older than its permitted lifetime of 4 frames (age = 6)
Internal: deleting an allocation that is older than its permitted lifetime of 4 frames (age = 6)
Internal: deleting an allocation that is older than its permitted lifetime of 4 frames (age = 5)
Internal: deleting an allocation that is older than its permitted lifetime of 4 frames (age = 6)
Internal: deleting an allocation that is older than its permitted lifetime of 4 frames (age = 6)
Internal: deleting an allocation that is older than its permitted lifetime of 4 frames (age = 5)
Internal: deleting an allocation that is older than its permitted lifetime of 4 frames (age = 5)
Internal: deleting an allocation that is older than its permitted lifetime of 4 frames (age = 5)
Internal: deleting an allocation that is older than its permitted lifetime of 4 frames (age = 5)
Internal: deleting an allocation that is older than its permitted lifetime of 4 frames (age = 5)
Internal: deleting an allocation that is older than its permitted lifetime of 4 frames (age = 5)
Internal: deleting an allocation that is older than its permitted lifetime of 4 frames (age = 5)
Internal: deleting an allocation that is older than its permitted lifetime of 4 frames (age = 5)
Internal: deleting an allocation that is older than its permitted lifetime of 4 frames (age = 5)
Internal: deleting an allocation that is older than its permitted lifetime of 4 frames (age = 5)
Internal: deleting an allocation that is older than its permitted lifetime of 4 frames (age = 5)
Internal: deleting an allocation that is older than its permitted lifetime of 4 frames (age = 5)
Internal: deleting an allocation that is older than its permitted lifetime of 4 frames (age = 5)
Internal: deleting an allocation that is older than its permitted lifetime of 4 frames (age = 5)
Internal: deleting an allocation that is older than its permitted lifetime of 4 frames (age = 5)
Internal: deleting an allocation that is older than its permitted lifetime of 4 frames (age = 5)
Internal: deleting an allocation that is older than its permitted lifetime of 4 frames (age = 6)
Internal: deleting an allocation that is older than its permitted lifetime of 4 frames (age = 6)
Internal: deleting an allocation that is older than its permitted lifetime of 4 frames (age = 6)
Internal: deleting an allocation that is older than its permitted lifetime of 4 frames (age = 6)
Internal: deleting an allocation that is older than its permitted lifetime of 4 frames (age = 6)
Internal: deleting an allocation that is older than its permitted lifetime of 4 frames (age = 5)
Internal: deleting an allocation that is older than its permitted lifetime of 4 frames (age = 5)
Internal: deleting an allocation that is older than its permitted lifetime of 4 frames (age = 5)
Internal: deleting an allocation that is older than its permitted lifetime of 4 frames (age = 5)
Internal: deleting an allocation that is older than its permitted lifetime of 4 frames (age = 5)
Internal: deleting an allocation that is older than its permitted lifetime of 4 frames (age = 5)
Internal: deleting an allocation that is older than its permitted lifetime of 4 frames (age = 5)
Internal: deleting an allocation that is older than its permitted lifetime of 4 frames (age = 5)
Internal: deleting an allocation that is older than its permitted lifetime of 4 frames (age = 6)
Internal: deleting an allocation that is older than its permitted lifetime of 4 frames (age = 6)
Internal: deleting an allocation that is older than its permitted lifetime of 4 frames (age = 6)
Internal: deleting an allocation that is older than its permitted lifetime of 4 frames (age = 6)
Internal: deleting an allocation that is older than its permitted lifetime of 4 frames (age = 6)
Internal: deleting an allocation that is older than its permitted lifetime of 4 frames (age = 6)
Internal: deleting an allocation that is older than its permitted lifetime of 4 frames (age = 5)
Internal: deleting an allocation that is older than its permitted lifetime of 4 frames (age = 5)
Internal: deleting an allocation that is older than its permitted lifetime of 4 frames (age = 5)
Internal: deleting an allocation that is older than its permitted lifetime of 4 frames (age = 5)
Internal: deleting an allocation that is older than its permitted lifetime of 4 frames (age = 5)
Internal: deleting an allocation that is older than its permitted lifetime of 4 frames (age = 5)
Internal: deleting an allocation that is older than its permitted lifetime of 4 frames (age = 6)
Internal: deleting an allocation that is older than its permitted lifetime of 4 frames (age = 6)
Internal: deleting an allocation that is older than its permitted lifetime of 4 frames (age = 6)
Internal: deleting an allocation that is older than its permitted lifetime of 4 frames (age = 6)
Internal: deleting an allocation that is older than its permitted lifetime of 4 frames (age = 6)
Internal: deleting an allocation that is older than its permitted lifetime of 4 frames (age = 6)
Internal: deleting an allocation that is older than its permitted lifetime of 4 frames (age = 5)
Internal: deleting an allocation that is older than its permitted lifetime of 4 frames (age = 5)
Internal: deleting an allocation that is older than its permitted lifetime of 4 frames (age = 5)
Internal: deleting an allocation that is older than its permitted lifetime of 4 frames (age = 5)
Internal: deleting an allocation that is older than its permitted lifetime of 4 frames (age = 5)
Internal: deleting an allocation that is older than its permitted lifetime of 4 frames (age = 5)
Internal: deleting an allocation that is older than its permitted lifetime of 4 frames (age = 5)
Internal: deleting an allocation that is older than its permitted lifetime of 4 frames (age = 5)
Internal: deleting an allocation that is older than its permitted lifetime of 4 frames (age = 5)
Internal: deleting an allocation that is older than its permitted lifetime of 4 frames (age = 5)
Internal: deleting an allocation that is older than its permitted lifetime of 4 frames (age = 5)
Internal: deleting an allocation that is older than its permitted lifetime of 4 frames (age = 5)
Internal: deleting an allocation that is older than its permitted lifetime of 4 frames (age = 5)
Internal: deleting an allocation that is older than its permitted lifetime of 4 frames (age = 5)
Internal: deleting an allocation that is older than its permitted lifetime of 4 frames (age = 5)
Internal: deleting an allocation that is older than its permitted lifetime of 4 frames (age = 5)
Internal: deleting an allocation that is older than its permitted lifetime of 4 frames (age = 5)
Internal: deleting an allocation that is older than its permitted lifetime of 4 frames (age = 5)
Internal: deleting an allocation that is older than its permitted lifetime of 4 frames (age = 5)
Internal: deleting an allocation that is older than its permitted lifetime of 4 frames (age = 5)
Internal: deleting an allocation that is older than its permitted lifetime of 4 frames (age = 5)
Internal: deleting an allocation that is older than its permitted lifetime of 4 frames (age = 5)
Internal: deleting an allocation that is older than its permitted lifetime of 4 frames (age = 6)
Internal: deleting an allocation that is older than its permitted lifetime of 4 frames (age = 6)
Internal: deleting an allocation that is older than its permitted lifetime of 4 frames (age = 6)
Internal: deleting an allocation that is older than its permitted lifetime of 4 frames (age = 5)
Internal: deleting an allocation that is older than its permitted lifetime of 4 frames (age = 6)
Internal: deleting an allocation that is older than its permitted lifetime of 4 frames (age = 6)
Internal: deleting an allocation that is older than its permitted lifetime of 4 frames (age = 5)
Internal: deleting an allocation that is older than its permitted lifetime of 4 frames (age = 5)
Internal: deleting an allocation that is older than its permitted lifetime of 4 frames (age = 5)
Internal: deleting an allocation that is older than its permitted lifetime of 4 frames (age = 5)
Internal: deleting an allocation that is older than its permitted lifetime of 4 frames (age = 5)
Internal: deleting an allocation that is older than its permitted lifetime of 4 frames (age = 5)
Internal: deleting an allocation that is older than its permitted lifetime of 4 frames (age = 5)
Internal: deleting an allocation that is older than its permitted lifetime of 4 frames (age = 5)
Internal: deleting an allocation that is older than its permitted lifetime of 4 frames (age = 5)
Internal: deleting an allocation that is older than its permitted lifetime of 4 frames (age = 5)
Internal: deleting an allocation that is older than its permitted lifetime of 4 frames (age = 6)
Internal: deleting an allocation that is older than its permitted lifetime of 4 frames (age = 6)
Internal: deleting an allocation that is older than its permitted lifetime of 4 frames (age = 6)
Internal: deleting an allocation that is older than its permitted lifetime of 4 frames (age = 5)
Internal: deleting an allocation that is older than its permitted lifetime of 4 frames (age = 6)
Internal: deleting an allocation that is older than its permitted lifetime of 4 frames (age = 6)
Internal: deleting an allocation that is older than its permitted lifetime of 4 frames (age = 5)
Internal: deleting an allocation that is older than its permitted lifetime of 4 frames (age = 5)
Internal: deleting an allocation that is older than its permitted lifetime of 4 frames (age = 5)
Internal: deleting an allocation that is older than its permitted lifetime of 4 frames (age = 5)
Internal: deleting an allocation that is older than its permitted lifetime of 4 frames (age = 5)
Internal: deleting an allocation that is older than its permitted lifetime of 4 frames (age = 6)
Internal: deleting an allocation that is older than its permitted lifetime of 4 frames (age = 6)
Internal: deleting an allocation that is older than its permitted lifetime of 4 frames (age = 6)
Internal: deleting an allocation that is older than its permitted lifetime of 4 frames (age = 6)
Internal: deleting an allocation that is older than its permitted lifetime of 4 frames (age = 6)
Internal: deleting an allocation that is older than its permitted lifetime of 4 frames (age = 6)
Internal: deleting an allocation that is older than its permitted lifetime of 4 frames (age = 5)
Internal: deleting an allocation that is older than its permitted lifetime of 4 frames (age = 5)
Internal: deleting an allocation that is older than its permitted lifetime of 4 frames (age = 5)
Internal: deleting an allocation that is older than its permitted lifetime of 4 frames (age = 5)
Internal: deleting an allocation that is older than its permitted lifetime of 4 frames (age = 5)
Internal: deleting an allocation that is older than its permitted lifetime of 4 frames (age = 5)
Internal: deleting an allocation that is older than its permitted lifetime of 4 frames (age = 5)
Internal: deleting an allocation that is older than its permitted lifetime of 4 frames (age = 5)
Internal: deleting an allocation that is older than its permitted lifetime of 4 frames (age = 5)
Internal: deleting an allocation that is older than its permitted lifetime of 4 frames (age = 5)
Internal: deleting an allocation that is older than its permitted lifetime of 4 frames (age = 5)
Internal: deleting an allocation that is older than its permitted lifetime of 4 frames (age = 6)
Internal: deleting an allocation that is older than its permitted lifetime of 4 frames (age = 6)
Internal: deleting an allocation that is older than its permitted lifetime of 4 frames (age = 6)
Internal: deleting an allocation that is older than its permitted lifetime of 4 frames (age = 5)
Internal: deleting an allocation that is older than its permitted lifetime of 4 frames (age = 6)
Internal: deleting an allocation that is older than its permitted lifetime of 4 frames (age = 6)
Internal: deleting an allocation that is older than its permitted lifetime of 4 frames (age = 5)
Internal: deleting an allocation that is older than its permitted lifetime of 4 frames (age = 5)
Internal: deleting an allocation that is older than its permitted lifetime of 4 frames (age = 5)
Internal: deleting an allocation that is older than its permitted lifetime of 4 frames (age = 5)
Internal: deleting an allocation that is older than its permitted lifetime of 4 frames (age = 5)
Internal: deleting an allocation that is older than its permitted lifetime of 4 frames (age = 5)
Internal: deleting an allocation that is older than its permitted lifetime of 4 frames (age = 5)
Internal: deleting an allocation that is older than its permitted lifetime of 4 frames (age = 5)
Internal: deleting an allocation that is older than its permitted lifetime of 4 frames (age = 5)
Internal: deleting an allocation that is older than its permitted lifetime of 4 frames (age = 5)
Internal: deleting an allocation that is older than its permitted lifetime of 4 frames (age = 5)
Internal: deleting an allocation that is older than its permitted lifetime of 4 frames (age = 5)
Internal: deleting an allocation that is older than its permitted lifetime of 4 frames (age = 5)
Internal: deleting an allocation that is older than its permitted lifetime of 4 frames (age = 5)
Internal: deleting an allocation that is older than its permitted lifetime of 4 frames (age = 5)
Internal: deleting an allocation that is older than its permitted lifetime of 4 frames (age = 5)
Internal: deleting an allocation that is older than its permitted lifetime of 4 frames (age = 5)
Internal: deleting an allocation that is older than its permitted lifetime of 4 frames (age = 5)
Internal: deleting an allocation that is older than its permitted lifetime of 4 frames (age = 5)
Internal: deleting an allocation that is older than its permitted lifetime of 4 frames (age = 5)
Internal: deleting an allocation that is older than its permitted lifetime of 4 frames (age = 5)
Internal: deleting an allocation that is older than its permitted lifetime of 4 frames (age = 5)
Internal: deleting an allocation that is older than its permitted lifetime of 4 frames (age = 5)
Internal: deleting an allocation that is older than its permitted lifetime of 4 frames (age = 5)
Internal: deleting an allocation that is older than its permitted lifetime of 4 frames (age = 5)
Internal: deleting an allocation that is older than its permitted lifetime of 4 frames (age = 5)
Internal: deleting an allocation that is older than its permitted lifetime of 4 frames (age = 5)
Internal: deleting an allocation that is older than its permitted lifetime of 4 frames (age = 5)
Internal: deleting an allocation that is older than its permitted lifetime of 4 frames (age = 5)
Internal: deleting an allocation that is older than its permitted lifetime of 4 frames (age = 5)
Internal: deleting an allocation that is older than its permitted lifetime of 4 frames (age = 5)
Internal: deleting an allocation that is older than its permitted lifetime of 4 frames (age = 5)
Internal: deleting an allocation that is older than its permitted lifetime of 4 frames (age = 5)
Internal: deleting an allocation that is older than its permitted lifetime of 4 frames (age = 5)
Internal: deleting an allocation that is older than its permitted lifetime of 4 frames (age = 5)
Internal: deleting an allocation that is older than its permitted lifetime of 4 frames (age = 5)
Internal: deleting an allocation that is older than its permitted lifetime of 4 frames (age = 5)
Internal: deleting an allocation that is older than its permitted lifetime of 4 frames (age = 5)
Internal: deleting an allocation that is older than its permitted lifetime of 4 frames (age = 5)
Internal: deleting an allocation that is older than its permitted lifetime of 4 frames (age = 5)
Internal: deleting an allocation that is older than its permitted lifetime of 4 frames (age = 5)
Internal: deleting an allocation that is older than its permitted lifetime of 4 frames (age = 5)
Internal: deleting an allocation that is older than its permitted lifetime of 4 frames (age = 6)
Internal: deleting an allocation that is older than its permitted lifetime of 4 frames (age = 6)
Internal: deleting an allocation that is older than its permitted lifetime of 4 frames (age = 6)
Internal: deleting an allocation that is older than its permitted lifetime of 4 frames (age = 5)
Internal: deleting an allocation that is older than its permitted lifetime of 4 frames (age = 6)
Internal: deleting an allocation that is older than its permitted lifetime of 4 frames (age = 6)
Internal: deleting an allocation that is older than its permitted lifetime of 4 frames (age = 5)
Internal: deleting an allocation that is older than its permitted lifetime of 4 frames (age = 5)
Internal: deleting an allocation that is older than its permitted lifetime of 4 frames (age = 5)
Internal: deleting an allocation that is older than its permitted lifetime of 4 frames (age = 5)
Internal: deleting an allocation that is older than its permitted lifetime of 4 frames (age = 5)
Internal: deleting an allocation that is older than its permitted lifetime of 4 frames (age = 5)
Internal: deleting an allocation that is older than its permitted lifetime of 4 frames (age = 5)
Internal: deleting an allocation that is older than its permitted lifetime of 4 frames (age = 5)
Internal: deleting an allocation that is older than its permitted lifetime of 4 frames (age = 5)
Internal: deleting an allocation that is older than its permitted lifetime of 4 frames (age = 5)
Internal: deleting an allocation that is older than its permitted lifetime of 4 frames (age = 5)
Internal: deleting an allocation that is older than its permitted lifetime of 4 frames (age = 5)
Internal: deleting an allocation that is older than its permitted lifetime of 4 frames (age = 5)
Internal: deleting an allocation that is older than its permitted lifetime of 4 frames (age = 5)
Internal: deleting an allocation that is older than its permitted lifetime of 4 frames (age = 5)
Internal: deleting an allocation that is older than its permitted lifetime of 4 frames (age = 5)
Internal: deleting an allocation that is older than its permitted lifetime of 4 frames (age = 5)
Internal: deleting an allocation that is older than its permitted lifetime of 4 frames (age = 5)
Internal: deleting an allocation that is older than its permitted lifetime of 4 frames (age = 5)
Internal: deleting an allocation that is older than its permitted lifetime of 4 frames (age = 5)
Internal: deleting an allocation that is older than its permitted lifetime of 4 frames (age = 6)
Internal: deleting an allocation that is older than its permitted lifetime of 4 frames (age = 6)
Internal: deleting an allocation that is older than its permitted lifetime of 4 frames (age = 6)
Internal: deleting an allocation that is older than its permitted lifetime of 4 frames (age = 6)
Internal: deleting an allocation that is older than its permitted lifetime of 4 frames (age = 6)
Internal: deleting an allocation that is older than its permitted lifetime of 4 frames (age = 6)
Internal: deleting an allocation that is older than its permitted lifetime of 4 frames (age = 5)
Internal: deleting an allocation that is older than its permitted lifetime of 4 frames (age = 5)
Internal: deleting an allocation that is older than its permitted lifetime of 4 frames (age = 5)
Internal: deleting an allocation that is older than its permitted lifetime of 4 frames (age = 5)
Internal: deleting an allocation that is older than its permitted lifetime of 4 frames (age = 5)
Internal: deleting an allocation that is older than its permitted lifetime of 4 frames (age = 5)
Internal: deleting an allocation that is older than its permitted lifetime of 4 frames (age = 5)
Internal: deleting an allocation that is older than its permitted lifetime of 4 frames (age = 5)
Internal: deleting an allocation that is older than its permitted lifetime of 4 frames (age = 5)
Internal: deleting an allocation that is older than its permitted lifetime of 4 frames (age = 5)
Internal: deleting an allocation that is older than its permitted lifetime of 4 frames (age = 5)
Internal: deleting an allocation that is older than its permitted lifetime of 4 frames (age = 5)
Internal: deleting an allocation that is older than its permitted lifetime of 4 frames (age = 5)
Internal: deleting an allocation that is older than its permitted lifetime of 4 frames (age = 5)
Internal: deleting an allocation that is older than its permitted lifetime of 4 frames (age = 5)
Internal: deleting an allocation that is older than its permitted lifetime of 4 frames (age = 5)
Internal: deleting an allocation that is older than its permitted lifetime of 4 frames (age = 5)
Internal: deleting an allocation that is older than its permitted lifetime of 4 frames (age = 5)
Internal: deleting an allocation that is older than its permitted lifetime of 4 frames (age = 6)
Internal: deleting an allocation that is older than its permitted lifetime of 4 frames (age = 6)
Internal: deleting an allocation that is older than its permitted lifetime of 4 frames (age = 6)
Internal: deleting an allocation that is older than its permitted lifetime of 4 frames (age = 5)
Internal: deleting an allocation that is older than its permitted lifetime of 4 frames (age = 6)
Internal: deleting an allocation that is older than its permitted lifetime of 4 frames (age = 6)
Internal: deleting an allocation that is older than its permitted lifetime of 4 frames (age = 5)
Internal: deleting an allocation that is older than its permitted lifetime of 4 frames (age = 5)
Internal: deleting an allocation that is older than its permitted lifetime of 4 frames (age = 5)
Internal: deleting an allocation that is older than its permitted lifetime of 4 frames (age = 5)
Internal: deleting an allocation that is older than its permitted lifetime of 4 frames (age = 5)
Internal: deleting an allocation that is older than its permitted lifetime of 4 frames (age = 5)
Internal: deleting an allocation that is older than its permitted lifetime of 4 frames (age = 5)
Internal: deleting an allocation that is older than its permitted lifetime of 4 frames (age = 5)
Internal: deleting an allocation that is older than its permitted lifetime of 4 frames (age = 5)
Internal: deleting an allocation that is older than its permitted lifetime of 4 frames (age = 5)
Internal: deleting an allocation that is older than its permitted lifetime of 4 frames (age = 5)
Internal: deleting an allocation that is older than its permitted lifetime of 4 frames (age = 5)
Internal: deleting an allocation that is older than its permitted lifetime of 4 frames (age = 5)
Internal: deleting an allocation that is older than its permitted lifetime of 4 frames (age = 5)
Internal: deleting an allocation that is older than its permitted lifetime of 4 frames (age = 5)
Internal: deleting an allocation that is older than its permitted lifetime of 4 frames (age = 5)
Internal: deleting an allocation that is older than its permitted lifetime of 4 frames (age = 5)
Internal: deleting an allocation that is older than its permitted lifetime of 4 frames (age = 5)
Internal: deleting an allocation that is older than its permitted lifetime of 4 frames (age = 5)
Internal: deleting an allocation that is older than its permitted lifetime of 4 frames (age = 5)
Internal: deleting an allocation that is older than its permitted lifetime of 4 frames (age = 5)
Internal: deleting an allocation that is older than its permitted lifetime of 4 frames (age = 6)
Internal: deleting an allocation that is older than its permitted lifetime of 4 frames (age = 6)
Internal: deleting an allocation that is older than its permitted lifetime of 4 frames (age = 6)
Internal: deleting an allocation that is older than its permitted lifetime of 4 frames (age = 6)
Internal: deleting an allocation that is older than its permitted lifetime of 4 frames (age = 6)
Internal: deleting an allocation that is older than its permitted lifetime of 4 frames (age = 6)
Internal: deleting an allocation that is older than its permitted lifetime of 4 frames (age = 5)
Internal: deleting an allocation that is older than its permitted lifetime of 4 frames (age = 5)
Internal: deleting an allocation that is older than its permitted lifetime of 4 frames (age = 5)
Internal: deleting an allocation that is older than its permitted lifetime of 4 frames (age = 5)
Internal: deleting an allocation that is older than its permitted lifetime of 4 frames (age = 6)
Internal: deleting an allocation that is older than its permitted lifetime of 4 frames (age = 6)
Internal: deleting an allocation that is older than its permitted lifetime of 4 frames (age = 6)
Internal: deleting an allocation that is older than its permitted lifetime of 4 frames (age = 6)
Internal: deleting an allocation that is older than its permitted lifetime of 4 frames (age = 6)
Internal: deleting an allocation that is older than its permitted lifetime of 4 frames (age = 6)
Internal: deleting an allocation that is older than its permitted lifetime of 4 frames (age = 5)
Internal: deleting an allocation that is older than its permitted lifetime of 4 frames (age = 5)
Internal: deleting an allocation that is older than its permitted lifetime of 4 frames (age = 5)
Internal: deleting an allocation that is older than its permitted lifetime of 4 frames (age = 5)
Internal: deleting an allocation that is older than its permitted lifetime of 4 frames (age = 5)
Internal: deleting an allocation that is older than its permitted lifetime of 4 frames (age = 5)
Internal: deleting an allocation that is older than its permitted lifetime of 4 frames (age = 5)
Internal: deleting an allocation that is older than its permitted lifetime of 4 frames (age = 6)
Internal: deleting an allocation that is older than its permitted lifetime of 4 frames (age = 6)
Internal: deleting an allocation that is older than its permitted lifetime of 4 frames (age = 5)
Internal: deleting an allocation that is older than its permitted lifetime of 4 frames (age = 6)
Internal: deleting an allocation that is older than its permitted lifetime of 4 frames (age = 6)
Internal: deleting an allocation that is older than its permitted lifetime of 4 frames (age = 5)
Internal: deleting an allocation that is older than its permitted lifetime of 4 frames (age = 5)
Internal: deleting an allocation that is older than its permitted lifetime of 4 frames (age = 5)
Internal: deleting an allocation that is older than its permitted lifetime of 4 frames (age = 5)
Internal: deleting an allocation that is older than its permitted lifetime of 4 frames (age = 5)
Internal: deleting an allocation that is older than its permitted lifetime of 4 frames (age = 5)
Internal: deleting an allocation that is older than its permitted lifetime of 4 frames (age = 5)
Internal: deleting an allocation that is older than its permitted lifetime of 4 frames (age = 5)
Internal: deleting an allocation that is older than its permitted lifetime of 4 frames (age = 5)
Internal: deleting an allocation that is older than its permitted lifetime of 4 frames (age = 5)
Internal: deleting an allocation that is older than its permitted lifetime of 4 frames (age = 5)
Internal: deleting an allocation that is older than its permitted lifetime of 4 frames (age = 5)
Internal: deleting an allocation that is older than its permitted lifetime of 4 frames (age = 5)
Internal: deleting an allocation that is older than its permitted lifetime of 4 frames (age = 5)
Internal: deleting an allocation that is older than its permitted lifetime of 4 frames (age = 5)
Internal: deleting an allocation that is older than its permitted lifetime of 4 frames (age = 5)
Internal: deleting an allocation that is older than its permitted lifetime of 4 frames (age = 5)
Internal: deleting an allocation that is older than its permitted lifetime of 4 frames (age = 5)
Internal: deleting an allocation that is older than its permitted lifetime of 4 frames (age = 5)
Internal: deleting an allocation that is older than its permitted lifetime of 4 frames (age = 5)
Internal: deleting an allocation that is older than its permitted lifetime of 4 frames (age = 5)
Internal: deleting an allocation that is older than its permitted lifetime of 4 frames (age = 5)
Internal: deleting an allocation that is older than its permitted lifetime of 4 frames (age = 5)
Internal: deleting an allocation that is older than its permitted lifetime of 4 frames (age = 5)
Internal: deleting an allocation that is older than its permitted lifetime of 4 frames (age = 5)
Internal: deleting an allocation that is older than its permitted lifetime of 4 frames (age = 5)
Internal: deleting an allocation that is older than its permitted lifetime of 4 frames (age = 5)
Internal: deleting an allocation that is older than its permitted lifetime of 4 frames (age = 5)
Internal: deleting an allocation that is older than its permitted lifetime of 4 frames (age = 5)
Internal: deleting an allocation that is older than its permitted lifetime of 4 frames (age = 5)
Internal: deleting an allocation that is older than its permitted lifetime of 4 frames (age = 5)
Internal: deleting an allocation that is older than its permitted lifetime of 4 frames (age = 5)
Internal: deleting an allocation that is older than its permitted lifetime of 4 frames (age = 5)
Internal: deleting an allocation that is older than its permitted lifetime of 4 frames (age = 5)
Internal: deleting an allocation that is older than its permitted lifetime of 4 frames (age = 5)
Internal: deleting an allocation that is older than its permitted lifetime of 4 frames (age = 5)
Internal: deleting an allocation that is older than its permitted lifetime of 4 frames (age = 5)
Internal: deleting an allocation that is older than its permitted lifetime of 4 frames (age = 5)
Internal: deleting an allocation that is older than its permitted lifetime of 4 frames (age = 5)
Internal: deleting an allocation that is older than its permitted lifetime of 4 frames (age = 5)
Internal: deleting an allocation that is older than its permitted lifetime of 4 frames (age = 5)
Internal: deleting an allocation that is older than its permitted lifetime of 4 frames (age = 5)
Internal: deleting an allocation that is older than its permitted lifetime of 4 frames (age = 5)
Internal: deleting an allocation that is older than its permitted lifetime of 4 frames (age = 5)
Internal: deleting an allocation that is older than its permitted lifetime of 4 frames (age = 5)
Internal: deleting an allocation that is older than its permitted lifetime of 4 frames (age = 5)
Internal: deleting an allocation that is older than its permitted lifetime of 4 frames (age = 5)
Internal: deleting an allocation that is older than its permitted lifetime of 4 frames (age = 5)
Internal: deleting an allocation that is older than its permitted lifetime of 4 frames (age = 5)
Internal: deleting an allocation that is older than its permitted lifetime of 4 frames (age = 5)
Internal: deleting an allocation that is older than its permitted lifetime of 4 frames (age = 5)
Internal: deleting an allocation that is older than its permitted lifetime of 4 frames (age = 6)
Internal: deleting an allocation that is older than its permitted lifetime of 4 frames (age = 6)
Internal: deleting an allocation that is older than its permitted lifetime of 4 frames (age = 6)
Internal: deleting an allocation that is older than its permitted lifetime of 4 frames (age = 7)
Internal: deleting an allocation that is older than its permitted lifetime of 4 frames (age = 7)
Internal: deleting an allocation that is older than its permitted lifetime of 4 frames (age = 7)
Internal: deleting an allocation that is older than its permitted lifetime of 4 frames (age = 6)
Internal: deleting an allocation that is older than its permitted lifetime of 4 frames (age = 6)
Internal: deleting an allocation that is older than its permitted lifetime of 4 frames (age = 6)
Internal: deleting an allocation that is older than its permitted lifetime of 4 frames (age = 5)
Internal: deleting an allocation that is older than its permitted lifetime of 4 frames (age = 6)
Internal: deleting an allocation that is older than its permitted lifetime of 4 frames (age = 6)
Internal: deleting an allocation that is older than its permitted lifetime of 4 frames (age = 5)
Internal: deleting an allocation that is older than its permitted lifetime of 4 frames (age = 5)
Internal: deleting an allocation that is older than its permitted lifetime of 4 frames (age = 5)
Internal: deleting an allocation that is older than its permitted lifetime of 4 frames (age = 5)
Internal: deleting an allocation that is older than its permitted lifetime of 4 frames (age = 5)
Internal: deleting an allocation that is older than its permitted lifetime of 4 frames (age = 6)
Internal: deleting an allocation that is older than its permitted lifetime of 4 frames (age = 6)
Internal: deleting an allocation that is older than its permitted lifetime of 4 frames (age = 6)
Internal: deleting an allocation that is older than its permitted lifetime of 4 frames (age = 6)
Internal: deleting an allocation that is older than its permitted lifetime of 4 frames (age = 6)
Internal: deleting an allocation that is older than its permitted lifetime of 4 frames (age = 6)
Internal: deleting an allocation that is older than its permitted lifetime of 4 frames (age = 5)
Internal: deleting an allocation that is older than its permitted lifetime of 4 frames (age = 5)
Internal: deleting an allocation that is older than its permitted lifetime of 4 frames (age = 5)
Internal: deleting an allocation that is older than its permitted lifetime of 4 frames (age = 5)
Internal: deleting an allocation that is older than its permitted lifetime of 4 frames (age = 5)
Internal: deleting an allocation that is older than its permitted lifetime of 4 frames (age = 5)
Internal: deleting an allocation that is older than its permitted lifetime of 4 frames (age = 5)
Internal: deleting an allocation that is older than its permitted lifetime of 4 frames (age = 5)
Internal: deleting an allocation that is older than its permitted lifetime of 4 frames (age = 5)
Internal: deleting an allocation that is older than its permitted lifetime of 4 frames (age = 5)
Internal: deleting an allocation that is older than its permitted lifetime of 4 frames (age = 5)
Internal: deleting an allocation that is older than its permitted lifetime of 4 frames (age = 5)
Internal: deleting an allocation that is older than its permitted lifetime of 4 frames (age = 5)
Internal: deleting an allocation that is older than its permitted lifetime of 4 frames (age = 5)
Internal: deleting an allocation that is older than its permitted lifetime of 4 frames (age = 5)
Internal: deleting an allocation that is older than its permitted lifetime of 4 frames (age = 5)
Internal: deleting an allocation that is older than its permitted lifetime of 4 frames (age = 5)
Internal: deleting an allocation that is older than its permitted lifetime of 4 frames (age = 5)
Internal: deleting an allocation that is older than its permitted lifetime of 4 frames (age = 6)
Internal: deleting an allocation that is older than its permitted lifetime of 4 frames (age = 6)
Internal: deleting an allocation that is older than its permitted lifetime of 4 frames (age = 6)
Internal: deleting an allocation that is older than its permitted lifetime of 4 frames (age = 6)
Internal: deleting an allocation that is older than its permitted lifetime of 4 frames (age = 6)
Internal: deleting an allocation that is older than its permitted lifetime of 4 frames (age = 6)
Internal: deleting an allocation that is older than its permitted lifetime of 4 frames (age = 5)
Internal: deleting an allocation that is older than its permitted lifetime of 4 frames (age = 5)
Internal: deleting an allocation that is older than its permitted lifetime of 4 frames (age = 5)
Internal: deleting an allocation that is older than its permitted lifetime of 4 frames (age = 5)
Internal: deleting an allocation that is older than its permitted lifetime of 4 frames (age = 5)
Internal: deleting an allocation that is older than its permitted lifetime of 4 frames (age = 5)
Internal: deleting an allocation that is older than its permitted lifetime of 4 frames (age = 6)
Internal: deleting an allocation that is older than its permitted lifetime of 4 frames (age = 6)
Internal: deleting an allocation that is older than its permitted lifetime of 4 frames (age = 6)
Internal: deleting an allocation that is older than its permitted lifetime of 4 frames (age = 6)
Internal: deleting an allocation that is older than its permitted lifetime of 4 frames (age = 6)
Internal: deleting an allocation that is older than its permitted lifetime of 4 frames (age = 6)
Internal: deleting an allocation that is older than its permitted lifetime of 4 frames (age = 5)
Internal: deleting an allocation that is older than its permitted lifetime of 4 frames (age = 5)
Internal: deleting an allocation that is older than its permitted lifetime of 4 frames (age = 5)
Internal: deleting an allocation that is older than its permitted lifetime of 4 frames (age = 5)
Internal: deleting an allocation that is older than its permitted lifetime of 4 frames (age = 5)
Internal: deleting an allocation that is older than its permitted lifetime of 4 frames (age = 7)
Internal: deleting an allocation that is older than its permitted lifetime of 4 frames (age = 7)
Internal: deleting an allocation that is older than its permitted lifetime of 4 frames (age = 7)
Internal: deleting an allocation that is older than its permitted lifetime of 4 frames (age = 7)
Internal: deleting an allocation that is older than its permitted lifetime of 4 frames (age = 7)
Internal: deleting an allocation that is older than its permitted lifetime of 4 frames (age = 7)
Internal: deleting an allocation that is older than its permitted lifetime of 4 frames (age = 6)
Internal: deleting an allocation that is older than its permitted lifetime of 4 frames (age = 6)
Internal: deleting an allocation that is older than its permitted lifetime of 4 frames (age = 6)
Internal: deleting an allocation that is older than its permitted lifetime of 4 frames (age = 6)
Internal: deleting an allocation that is older than its permitted lifetime of 4 frames (age = 6)
Internal: deleting an allocation that is older than its permitted lifetime of 4 frames (age = 6)
Internal: deleting an allocation that is older than its permitted lifetime of 4 frames (age = 5)
Internal: deleting an allocation that is older than its permitted lifetime of 4 frames (age = 5)
Internal: deleting an allocation that is older than its permitted lifetime of 4 frames (age = 5)
Internal: deleting an allocation that is older than its permitted lifetime of 4 frames (age = 5)
Internal: deleting an allocation that is older than its permitted lifetime of 4 frames (age = 5)
Internal: deleting an allocation that is older than its permitted lifetime of 4 frames (age = 5)
Internal: deleting an allocation that is older than its permitted lifetime of 4 frames (age = 7)
Internal: deleting an allocation that is older than its permitted lifetime of 4 frames (age = 7)
Internal: deleting an allocation that is older than its permitted lifetime of 4 frames (age = 7)
Internal: deleting an allocation that is older than its permitted lifetime of 4 frames (age = 7)
Internal: deleting an allocation that is older than its permitted lifetime of 4 frames (age = 7)
Internal: deleting an allocation that is older than its permitted lifetime of 4 frames (age = 7)
Internal: deleting an allocation that is older than its permitted lifetime of 4 frames (age = 6)
Internal: deleting an allocation that is older than its permitted lifetime of 4 frames (age = 6)
Internal: deleting an allocation that is older than its permitted lifetime of 4 frames (age = 6)
Internal: deleting an allocation that is older than its permitted lifetime of 4 frames (age = 5)
Internal: deleting an allocation that is older than its permitted lifetime of 4 frames (age = 6)
Internal: deleting an allocation that is older than its permitted lifetime of 4 frames (age = 6)
Internal: deleting an allocation that is older than its permitted lifetime of 4 frames (age = 5)
Internal: deleting an allocation that is older than its permitted lifetime of 4 frames (age = 5)
Internal: deleting an allocation that is older than its permitted lifetime of 4 frames (age = 5)
Internal: deleting an allocation that is older than its permitted lifetime of 4 frames (age = 5)
Internal: deleting an allocation that is older than its permitted lifetime of 4 frames (age = 5)
Internal: deleting an allocation that is older than its permitted lifetime of 4 frames (age = 5)
Internal: deleting an allocation that is older than its permitted lifetime of 4 frames (age = 5)
Internal: deleting an allocation that is older than its permitted lifetime of 4 frames (age = 5)
Internal: deleting an allocation that is older than its permitted lifetime of 4 frames (age = 5)
Internal: deleting an allocation that is older than its permitted lifetime of 4 frames (age = 5)
Internal: deleting an allocation that is older than its permitted lifetime of 4 frames (age = 5)
Internal: deleting an allocation that is older than its permitted lifetime of 4 frames (age = 5)
Internal: deleting an allocation that is older than its permitted lifetime of 4 frames (age = 5)
Internal: deleting an allocation that is older than its permitted lifetime of 4 frames (age = 5)
Internal: deleting an allocation that is older than its permitted lifetime of 4 frames (age = 5)
Internal: deleting an allocation that is older than its permitted lifetime of 4 frames (age = 6)
Internal: deleting an allocation that is older than its permitted lifetime of 4 frames (age = 6)
Internal: deleting an allocation that is older than its permitted lifetime of 4 frames (age = 6)
Internal: deleting an allocation that is older than its permitted lifetime of 4 frames (age = 6)
Internal: deleting an allocation that is older than its permitted lifetime of 4 frames (age = 6)
Internal: deleting an allocation that is older than its permitted lifetime of 4 frames (age = 6)
Internal: deleting an allocation that is older than its permitted lifetime of 4 frames (age = 5)
Internal: deleting an allocation that is older than its permitted lifetime of 4 frames (age = 5)
Internal: deleting an allocation that is older than its permitted lifetime of 4 frames (age = 5)
Internal: deleting an allocation that is older than its permitted lifetime of 4 frames (age = 5)
Internal: deleting an allocation that is older than its permitted lifetime of 4 frames (age = 5)
Internal: deleting an allocation that is older than its permitted lifetime of 4 frames (age = 5)
Internal: deleting an allocation that is older than its permitted lifetime of 4 frames (age = 5)
Internal: deleting an allocation that is older than its permitted lifetime of 4 frames (age = 5)
Internal: deleting an allocation that is older than its permitted lifetime of 4 frames (age = 5)
Internal: deleting an allocation that is older than its permitted lifetime of 4 frames (age = 5)
Internal: deleting an allocation that is older than its permitted lifetime of 4 frames (age = 5)
Internal: deleting an allocation that is older than its permitted lifetime of 4 frames (age = 5)
Internal: deleting an allocation that is older than its permitted lifetime of 4 frames (age = 5)
Internal: deleting an allocation that is older than its permitted lifetime of 4 frames (age = 5)
Internal: deleting an allocation that is older than its permitted lifetime of 4 frames (age = 5)
Internal: deleting an allocation that is older than its permitted lifetime of 4 frames (age = 5)
Internal: deleting an allocation that is older than its permitted lifetime of 4 frames (age = 5)
Internal: deleting an allocation that is older than its permitted lifetime of 4 frames (age = 5)
Internal: deleting an allocation that is older than its permitted lifetime of 4 frames (age = 5)
Internal: deleting an allocation that is older than its permitted lifetime of 4 frames (age = 6)
Internal: deleting an allocation that is older than its permitted lifetime of 4 frames (age = 6)
Internal: deleting an allocation that is older than its permitted lifetime of 4 frames (age = 6)
Internal: deleting an allocation that is older than its permitted lifetime of 4 frames (age = 6)
Internal: deleting an allocation that is older than its permitted lifetime of 4 frames (age = 6)
Internal: deleting an allocation that is older than its permitted lifetime of 4 frames (age = 6)
Internal: deleting an allocation that is older than its permitted lifetime of 4 frames (age = 5)
Internal: deleting an allocation that is older than its permitted lifetime of 4 frames (age = 5)
Internal: deleting an allocation that is older than its permitted lifetime of 4 frames (age = 5)
Internal: deleting an allocation that is older than its permitted lifetime of 4 frames (age = 5)
Internal: deleting an allocation that is older than its permitted lifetime of 4 frames (age = 5)
Internal: deleting an allocation that is older than its permitted lifetime of 4 frames (age = 5)
Internal: deleting an allocation that is older than its permitted lifetime of 4 frames (age = 5)
Internal: deleting an allocation that is older than its permitted lifetime of 4 frames (age = 5)
Internal: deleting an allocation that is older than its permitted lifetime of 4 frames (age = 5)
Internal: deleting an allocation that is older than its permitted lifetime of 4 frames (age = 5)
Internal: deleting an allocation that is older than its permitted lifetime of 4 frames (age = 5)
Internal: deleting an allocation that is older than its permitted lifetime of 4 frames (age = 5)
Internal: deleting an allocation that is older than its permitted lifetime of 4 frames (age = 5)
Internal: deleting an allocation that is older than its permitted lifetime of 4 frames (age = 5)
Internal: deleting an allocation that is older than its permitted lifetime of 4 frames (age = 5)
Internal: deleting an allocation that is older than its permitted lifetime of 4 frames (age = 6)
Internal: deleting an allocation that is older than its permitted lifetime of 4 frames (age = 6)
Internal: deleting an allocation that is older than its permitted lifetime of 4 frames (age = 6)
Internal: deleting an allocation that is older than its permitted lifetime of 4 frames (age = 6)
Internal: deleting an allocation that is older than its permitted lifetime of 4 frames (age = 6)
Internal: deleting an allocation that is older than its permitted lifetime of 4 frames (age = 6)
Internal: deleting an allocation that is older than its permitted lifetime of 4 frames (age = 5)
Internal: deleting an allocation that is older than its permitted lifetime of 4 frames (age = 5)
Internal: deleting an allocation that is older than its permitted lifetime of 4 frames (age = 5)
Internal: deleting an allocation that is older than its permitted lifetime of 4 frames (age = 5)
Internal: deleting an allocation that is older than its permitted lifetime of 4 frames (age = 5)
Internal: deleting an allocation that is older than its permitted lifetime of 4 frames (age = 5)
Internal: deleting an allocation that is older than its permitted lifetime of 4 frames (age = 6)
Internal: deleting an allocation that is older than its permitted lifetime of 4 frames (age = 6)
Internal: deleting an allocation that is older than its permitted lifetime of 4 frames (age = 6)
Internal: deleting an allocation that is older than its permitted lifetime of 4 frames (age = 6)
Internal: deleting an allocation that is older than its permitted lifetime of 4 frames (age = 6)
Internal: deleting an allocation that is older than its permitted lifetime of 4 frames (age = 6)
Internal: deleting an allocation that is older than its permitted lifetime of 4 frames (age = 5)
Internal: deleting an allocation that is older than its permitted lifetime of 4 frames (age = 5)
Internal: deleting an allocation that is older than its permitted lifetime of 4 frames (age = 5)
Internal: deleting an allocation that is older than its permitted lifetime of 4 frames (age = 5)
Internal: deleting an allocation that is older than its permitted lifetime of 4 frames (age = 5)
Internal: deleting an allocation that is older than its permitted lifetime of 4 frames (age = 5)
Internal: deleting an allocation that is older than its permitted lifetime of 4 frames (age = 6)
Internal: deleting an allocation that is older than its permitted lifetime of 4 frames (age = 6)
Internal: deleting an allocation that is older than its permitted lifetime of 4 frames (age = 5)
Internal: deleting an allocation that is older than its permitted lifetime of 4 frames (age = 6)
Internal: deleting an allocation that is older than its permitted lifetime of 4 frames (age = 6)
Internal: deleting an allocation that is older than its permitted lifetime of 4 frames (age = 5)
Internal: deleting an allocation that is older than its permitted lifetime of 4 frames (age = 5)
Internal: deleting an allocation that is older than its permitted lifetime of 4 frames (age = 5)
Internal: deleting an allocation that is older than its permitted lifetime of 4 frames (age = 5)
Internal: deleting an allocation that is older than its permitted lifetime of 4 frames (age = 5)
Internal: deleting an allocation that is older than its permitted lifetime of 4 frames (age = 5)
Internal: deleting an allocation that is older than its permitted lifetime of 4 frames (age = 5)
Internal: deleting an allocation that is older than its permitted lifetime of 4 frames (age = 5)
Internal: deleting an allocation that is older than its permitted lifetime of 4 frames (age = 6)
Internal: deleting an allocation that is older than its permitted lifetime of 4 frames (age = 6)
Internal: deleting an allocation that is older than its permitted lifetime of 4 frames (age = 6)
Internal: deleting an allocation that is older than its permitted lifetime of 4 frames (age = 6)
Internal: deleting an allocation that is older than its permitted lifetime of 4 frames (age = 6)
Internal: deleting an allocation that is older than its permitted lifetime of 4 frames (age = 6)
Internal: deleting an allocation that is older than its permitted lifetime of 4 frames (age = 5)
Internal: deleting an allocation that is older than its permitted lifetime of 4 frames (age = 5)
Internal: deleting an allocation that is older than its permitted lifetime of 4 frames (age = 5)
Internal: deleting an allocation that is older than its permitted lifetime of 4 frames (age = 5)
Internal: deleting an allocation that is older than its permitted lifetime of 4 frames (age = 5)
Internal: deleting an allocation that is older than its permitted lifetime of 4 frames (age = 5)
Internal: deleting an allocation that is older than its permitted lifetime of 4 frames (age = 6)
Internal: deleting an allocation that is older than its permitted lifetime of 4 frames (age = 6)
Internal: deleting an allocation that is older than its permitted lifetime of 4 frames (age = 6)
Internal: deleting an allocation that is older than its permitted lifetime of 4 frames (age = 5)
Internal: deleting an allocation that is older than its permitted lifetime of 4 frames (age = 6)
Internal: deleting an allocation that is older than its permitted lifetime of 4 frames (age = 6)
Internal: deleting an allocation that is older than its permitted lifetime of 4 frames (age = 5)
Internal: deleting an allocation that is older than its permitted lifetime of 4 frames (age = 5)
Internal: deleting an allocation that is older than its permitted lifetime of 4 frames (age = 5)
Internal: deleting an allocation that is older than its permitted lifetime of 4 frames (age = 5)
Internal: deleting an allocation that is older than its permitted lifetime of 4 frames (age = 5)
Internal: deleting an allocation that is older than its permitted lifetime of 4 frames (age = 6)
Internal: deleting an allocation that is older than its permitted lifetime of 4 frames (age = 6)
Internal: deleting an allocation that is older than its permitted lifetime of 4 frames (age = 6)
Internal: deleting an allocation that is older than its permitted lifetime of 4 frames (age = 5)
Internal: deleting an allocation that is older than its permitted lifetime of 4 frames (age = 6)
Internal: deleting an allocation that is older than its permitted lifetime of 4 frames (age = 6)
Internal: deleting an allocation that is older than its permitted lifetime of 4 frames (age = 5)
Internal: deleting an allocation that is older than its permitted lifetime of 4 frames (age = 5)
Internal: deleting an allocation that is older than its permitted lifetime of 4 frames (age = 5)
Internal: deleting an allocation that is older than its permitted lifetime of 4 frames (age = 5)
Internal: deleting an allocation that is older than its permitted lifetime of 4 frames (age = 5)
Internal: deleting an allocation that is older than its permitted lifetime of 4 frames (age = 6)
Internal: deleting an allocation that is older than its permitted lifetime of 4 frames (age = 6)
Internal: deleting an allocation that is older than its permitted lifetime of 4 frames (age = 6)
Internal: deleting an allocation that is older than its permitted lifetime of 4 frames (age = 6)
Internal: deleting an allocation that is older than its permitted lifetime of 4 frames (age = 6)
Internal: deleting an allocation that is older than its permitted lifetime of 4 frames (age = 6)
Internal: deleting an allocation that is older than its permitted lifetime of 4 frames (age = 5)
Internal: deleting an allocation that is older than its permitted lifetime of 4 frames (age = 5)
Internal: deleting an allocation that is older than its permitted lifetime of 4 frames (age = 5)
Internal: deleting an allocation that is older than its permitted lifetime of 4 frames (age = 5)
Internal: deleting an allocation that is older than its permitted lifetime of 4 frames (age = 5)
Internal: deleting an allocation that is older than its permitted lifetime of 4 frames (age = 5)
Internal: deleting an allocation that is older than its permitted lifetime of 4 frames (age = 5)
Internal: deleting an allocation that is older than its permitted lifetime of 4 frames (age = 5)
Internal: deleting an allocation that is older than its permitted lifetime of 4 frames (age = 5)
Internal: deleting an allocation that is older than its permitted lifetime of 4 frames (age = 6)
Internal: deleting an allocation that is older than its permitted lifetime of 4 frames (age = 6)
Internal: deleting an allocation that is older than its permitted lifetime of 4 frames (age = 6)
Internal: deleting an allocation that is older than its permitted lifetime of 4 frames (age = 5)
Internal: deleting an allocation that is older than its permitted lifetime of 4 frames (age = 5)
Internal: deleting an allocation that is older than its permitted lifetime of 4 frames (age = 5)
Internal: deleting an allocation that is older than its permitted lifetime of 4 frames (age = 5)
Internal: deleting an allocation that is older than its permitted lifetime of 4 frames (age = 5)
Internal: deleting an allocation that is older than its permitted lifetime of 4 frames (age = 5)
Internal: deleting an allocation that is older than its permitted lifetime of 4 frames (age = 5)
Internal: deleting an allocation that is older than its permitted lifetime of 4 frames (age = 5)
Internal: deleting an allocation that is older than its permitted lifetime of 4 frames (age = 5)
Internal: deleting an allocation that is older than its permitted lifetime of 4 frames (age = 5)
Internal: deleting an allocation that is older than its permitted lifetime of 4 frames (age = 5)
Internal: deleting an allocation that is older than its permitted lifetime of 4 frames (age = 5)
Internal: deleting an allocation that is older than its permitted lifetime of 4 frames (age = 6)
Internal: deleting an allocation that is older than its permitted lifetime of 4 frames (age = 6)
Internal: deleting an allocation that is older than its permitted lifetime of 4 frames (age = 6)
Internal: deleting an allocation that is older than its permitted lifetime of 4 frames (age = 6)
Internal: deleting an allocation that is older than its permitted lifetime of 4 frames (age = 6)
Internal: deleting an allocation that is older than its permitted lifetime of 4 frames (age = 6)
Internal: deleting an allocation that is older than its permitted lifetime of 4 frames (age = 5)
Internal: deleting an allocation that is older than its permitted lifetime of 4 frames (age = 5)
Internal: deleting an allocation that is older than its permitted lifetime of 4 frames (age = 5)
Internal: deleting an allocation that is older than its permitted lifetime of 4 frames (age = 5)
Internal: deleting an allocation that is older than its permitted lifetime of 4 frames (age = 5)
Internal: deleting an allocation that is older than its permitted lifetime of 4 frames (age = 5)
Internal: deleting an allocation that is older than its permitted lifetime of 4 frames (age = 6)
Internal: deleting an allocation that is older than its permitted lifetime of 4 frames (age = 6)
Internal: deleting an allocation that is older than its permitted lifetime of 4 frames (age = 6)
Internal: deleting an allocation that is older than its permitted lifetime of 4 frames (age = 6)
Internal: deleting an allocation that is older than its permitted lifetime of 4 frames (age = 6)
Internal: deleting an allocation that is older than its permitted lifetime of 4 frames (age = 6)
Internal: deleting an allocation that is older than its permitted lifetime of 4 frames (age = 5)
Internal: deleting an allocation that is older than its permitted lifetime of 4 frames (age = 5)
Internal: deleting an allocation that is older than its permitted lifetime of 4 frames (age = 5)
Internal: deleting an allocation that is older than its permitted lifetime of 4 frames (age = 5)
Internal: deleting an allocation that is older than its permitted lifetime of 4 frames (age = 5)
Internal: deleting an allocation that is older than its permitted lifetime of 4 frames (age = 5)
Internal: deleting an allocation that is older than its permitted lifetime of 4 frames (age = 5)
Internal: deleting an allocation that is older than its permitted lifetime of 4 frames (age = 5)
Internal: deleting an allocation that is older than its permitted lifetime of 4 frames (age = 5)
Internal: deleting an allocation that is older than its permitted lifetime of 4 frames (age = 5)
Internal: deleting an allocation that is older than its permitted lifetime of 4 frames (age = 5)
Internal: deleting an allocation that is older than its permitted lifetime of 4 frames (age = 5)
Internal: deleting an allocation that is older than its permitted lifetime of 4 frames (age = 5)
Internal: deleting an allocation that is older than its permitted lifetime of 4 frames (age = 5)
Internal: deleting an allocation that is older than its permitted lifetime of 4 frames (age = 5)
Internal: deleting an allocation that is older than its permitted lifetime of 4 frames (age = 5)
Internal: deleting an allocation that is older than its permitted lifetime of 4 frames (age = 6)
Internal: deleting an allocation that is older than its permitted lifetime of 4 frames (age = 6)
Internal: deleting an allocation that is older than its permitted lifetime of 4 frames (age = 6)
Internal: deleting an allocation that is older than its permitted lifetime of 4 frames (age = 5)
Internal: deleting an allocation that is older than its permitted lifetime of 4 frames (age = 6)
Internal: deleting an allocation that is older than its permitted lifetime of 4 frames (age = 6)
Internal: deleting an allocation that is older than its permitted lifetime of 4 frames (age = 5)
Internal: deleting an allocation that is older than its permitted lifetime of 4 frames (age = 5)
Internal: deleting an allocation that is older than its permitted lifetime of 4 frames (age = 5)
Internal: deleting an allocation that is older than its permitted lifetime of 4 frames (age = 5)
Internal: deleting an allocation that is older than its permitted lifetime of 4 frames (age = 5)
Internal: deleting an allocation that is older than its permitted lifetime of 4 frames (age = 6)
Internal: deleting an allocation that is older than its permitted lifetime of 4 frames (age = 6)
Internal: deleting an allocation that is older than its permitted lifetime of 4 frames (age = 6)
Internal: deleting an allocation that is older than its permitted lifetime of 4 frames (age = 5)
Internal: deleting an allocation that is older than its permitted lifetime of 4 frames (age = 6)
Internal: deleting an allocation that is older than its permitted lifetime of 4 frames (age = 6)
Internal: deleting an allocation that is older than its permitted lifetime of 4 frames (age = 5)
Internal: deleting an allocation that is older than its permitted lifetime of 4 frames (age = 5)
Internal: deleting an allocation that is older than its permitted lifetime of 4 frames (age = 5)
Internal: deleting an allocation that is older than its permitted lifetime of 4 frames (age = 5)
Internal: deleting an allocation that is older than its permitted lifetime of 4 frames (age = 5)
Internal: deleting an allocation that is older than its permitted lifetime of 4 frames (age = 6)
Internal: deleting an allocation that is older than its permitted lifetime of 4 frames (age = 6)
Internal: deleting an allocation that is older than its permitted lifetime of 4 frames (age = 6)
Internal: deleting an allocation that is older than its permitted lifetime of 4 frames (age = 5)
Internal: deleting an allocation that is older than its permitted lifetime of 4 frames (age = 6)
Internal: deleting an allocation that is older than its permitted lifetime of 4 frames (age = 6)
Internal: deleting an allocation that is older than its permitted lifetime of 4 frames (age = 5)
Internal: deleting an allocation that is older than its permitted lifetime of 4 frames (age = 5)
Internal: deleting an allocation that is older than its permitted lifetime of 4 frames (age = 5)
Internal: deleting an allocation that is older than its permitted lifetime of 4 frames (age = 5)
Internal: deleting an allocation that is older than its permitted lifetime of 4 frames (age = 5)
Internal: deleting an allocation that is older than its permitted lifetime of 4 frames (age = 6)
Internal: deleting an allocation that is older than its permitted lifetime of 4 frames (age = 6)
Internal: deleting an allocation that is older than its permitted lifetime of 4 frames (age = 6)
Internal: deleting an allocation that is older than its permitted lifetime of 4 frames (age = 6)
Internal: deleting an allocation that is older than its permitted lifetime of 4 frames (age = 6)
Internal: deleting an allocation that is older than its permitted lifetime of 4 frames (age = 6)
Internal: deleting an allocation that is older than its permitted lifetime of 4 frames (age = 5)
Internal: deleting an allocation that is older than its permitted lifetime of 4 frames (age = 5)
Internal: deleting an allocation that is older than its permitted lifetime of 4 frames (age = 5)
Internal: deleting an allocation that is older than its permitted lifetime of 4 frames (age = 5)
Internal: deleting an allocation that is older than its permitted lifetime of 4 frames (age = 5)
Internal: deleting an allocation that is older than its permitted lifetime of 4 frames (age = 5)
Internal: deleting an allocation that is older than its permitted lifetime of 4 frames (age = 5)
Internal: deleting an allocation that is older than its permitted lifetime of 4 frames (age = 5)
Internal: deleting an allocation that is older than its permitted lifetime of 4 frames (age = 5)
Internal: deleting an allocation that is older than its permitted lifetime of 4 frames (age = 5)
Internal: deleting an allocation that is older than its permitted lifetime of 4 frames (age = 5)
Internal: deleting an allocation that is older than its permitted lifetime of 4 frames (age = 5)
Internal: deleting an allocation that is older than its permitted lifetime of 4 frames (age = 5)
Internal: deleting an allocation that is older than its permitted lifetime of 4 frames (age = 5)
Internal: deleting an allocation that is older than its permitted lifetime of 4 frames (age = 5)
Internal: deleting an allocation that is older than its permitted lifetime of 4 frames (age = 5)
Internal: deleting an allocation that is older than its permitted lifetime of 4 frames (age = 5)
Internal: deleting an allocation that is older than its permitted lifetime of 4 frames (age = 5)
Internal: deleting an allocation that is older than its permitted lifetime of 4 frames (age = 5)
Internal: deleting an allocation that is older than its permitted lifetime of 4 frames (age = 5)
Internal: deleting an allocation that is older than its permitted lifetime of 4 frames (age = 5)
Internal: deleting an allocation that is older than its permitted lifetime of 4 frames (age = 5)
Internal: deleting an allocation that is older than its permitted lifetime of 4 frames (age = 5)
Internal: deleting an allocation that is older than its permitted lifetime of 4 frames (age = 5)
Internal: deleting an allocation that is older than its permitted lifetime of 4 frames (age = 5)
Internal: deleting an allocation that is older than its permitted lifetime of 4 frames (age = 5)
Internal: deleting an allocation that is older than its permitted lifetime of 4 frames (age = 5)
Internal: deleting an allocation that is older than its permitted lifetime of 4 frames (age = 5)
Internal: deleting an allocation that is older than its permitted lifetime of 4 frames (age = 5)
Internal: deleting an allocation that is older than its permitted lifetime of 4 frames (age = 5)
Internal: deleting an allocation that is older than its permitted lifetime of 4 frames (age = 5)
Internal: deleting an allocation that is older than its permitted lifetime of 4 frames (age = 5)
Internal: deleting an allocation that is older than its permitted lifetime of 4 frames (age = 5)
Internal: deleting an allocation that is older than its permitted lifetime of 4 frames (age = 6)
Internal: deleting an allocation that is older than its permitted lifetime of 4 frames (age = 6)
Internal: deleting an allocation that is older than its permitted lifetime of 4 frames (age = 5)
Internal: deleting an allocation that is older than its permitted lifetime of 4 frames (age = 6)
Internal: deleting an allocation that is older than its permitted lifetime of 4 frames (age = 6)
Internal: deleting an allocation that is older than its permitted lifetime of 4 frames (age = 5)
Internal: deleting an allocation that is older than its permitted lifetime of 4 frames (age = 5)
Internal: deleting an allocation that is older than its permitted lifetime of 4 frames (age = 5)
Internal: deleting an allocation that is older than its permitted lifetime of 4 frames (age = 5)
Internal: deleting an allocation that is older than its permitted lifetime of 4 frames (age = 5)
Internal: deleting an allocation that is older than its permitted lifetime of 4 frames (age = 5)
Internal: deleting an allocation that is older than its permitted lifetime of 4 frames (age = 5)
Internal: deleting an allocation that is older than its permitted lifetime of 4 frames (age = 5)
Internal: deleting an allocation that is older than its permitted lifetime of 4 frames (age = 5)
Internal: deleting an allocation that is older than its permitted lifetime of 4 frames (age = 5)
Internal: deleting an allocation that is older than its permitted lifetime of 4 frames (age = 5)
Internal: deleting an allocation that is older than its permitted lifetime of 4 frames (age = 5)
Internal: deleting an allocation that is older than its permitted lifetime of 4 frames (age = 5)
Internal: deleting an allocation that is older than its permitted lifetime of 4 frames (age = 5)
Internal: deleting an allocation that is older than its permitted lifetime of 4 frames (age = 5)
Internal: deleting an allocation that is older than its permitted lifetime of 4 frames (age = 5)
Internal: deleting an allocation that is older than its permitted lifetime of 4 frames (age = 5)
Internal: deleting an allocation that is older than its permitted lifetime of 4 frames (age = 5)
Internal: deleting an allocation that is older than its permitted lifetime of 4 frames (age = 5)
Internal: deleting an allocation that is older than its permitted lifetime of 4 frames (age = 5)
Internal: deleting an allocation that is older than its permitted lifetime of 4 frames (age = 5)
Internal: deleting an allocation that is older than its permitted lifetime of 4 frames (age = 5)
Internal: deleting an allocation that is older than its permitted lifetime of 4 frames (age = 6)
Internal: deleting an allocation that is older than its permitted lifetime of 4 frames (age = 6)
Internal: deleting an allocation that is older than its permitted lifetime of 4 frames (age = 5)
Internal: deleting an allocation that is older than its permitted lifetime of 4 frames (age = 6)
Internal: deleting an allocation that is older than its permitted lifetime of 4 frames (age = 6)
Internal: deleting an allocation that is older than its permitted lifetime of 4 frames (age = 5)
Internal: deleting an allocation that is older than its permitted lifetime of 4 frames (age = 5)
Internal: deleting an allocation that is older than its permitted lifetime of 4 frames (age = 5)
Internal: deleting an allocation that is older than its permitted lifetime of 4 frames (age = 5)
Internal: deleting an allocation that is older than its permitted lifetime of 4 frames (age = 5)
Internal: deleting an allocation that is older than its permitted lifetime of 4 frames (age = 6)
Internal: deleting an allocation that is older than its permitted lifetime of 4 frames (age = 6)
Internal: deleting an allocation that is older than its permitted lifetime of 4 frames (age = 6)
Internal: deleting an allocation that is older than its permitted lifetime of 4 frames (age = 5)
Internal: deleting an allocation that is older than its permitted lifetime of 4 frames (age = 6)
Internal: deleting an allocation that is older than its permitted lifetime of 4 frames (age = 6)
Internal: deleting an allocation that is older than its permitted lifetime of 4 frames (age = 5)
Internal: deleting an allocation that is older than its permitted lifetime of 4 frames (age = 5)
Internal: deleting an allocation that is older than its permitted lifetime of 4 frames (age = 5)
Internal: deleting an allocation that is older than its permitted lifetime of 4 frames (age = 5)
Internal: deleting an allocation that is older than its permitted lifetime of 4 frames (age = 5)
Internal: deleting an allocation that is older than its permitted lifetime of 4 frames (age = 5)
Internal: deleting an allocation that is older than its permitted lifetime of 4 frames (age = 5)
Internal: deleting an allocation that is older than its permitted lifetime of 4 frames (age = 5)
Internal: deleting an allocation that is older than its permitted lifetime of 4 frames (age = 5)
Internal: deleting an allocation that is older than its permitted lifetime of 4 frames (age = 5)
Internal: deleting an allocation that is older than its permitted lifetime of 4 frames (age = 5)
Internal: deleting an allocation that is older than its permitted lifetime of 4 frames (age = 5)
Internal: deleting an allocation that is older than its permitted lifetime of 4 frames (age = 5)
Internal: deleting an allocation that is older than its permitted lifetime of 4 frames (age = 5)
Internal: deleting an allocation that is older than its permitted lifetime of 4 frames (age = 5)
Internal: deleting an allocation that is older than its permitted lifetime of 4 frames (age = 6)
Internal: deleting an allocation that is older than its permitted lifetime of 4 frames (age = 6)
Internal: deleting an allocation that is older than its permitted lifetime of 4 frames (age = 6)
Internal: deleting an allocation that is older than its permitted lifetime of 4 frames (age = 6)
Internal: deleting an allocation that is older than its permitted lifetime of 4 frames (age = 6)
Internal: deleting an allocation that is older than its permitted lifetime of 4 frames (age = 6)
Internal: deleting an allocation that is older than its permitted lifetime of 4 frames (age = 5)
Internal: deleting an allocation that is older than its permitted lifetime of 4 frames (age = 5)
Internal: deleting an allocation that is older than its permitted lifetime of 4 frames (age = 5)
Internal: deleting an allocation that is older than its permitted lifetime of 4 frames (age = 5)
Internal: deleting an allocation that is older than its permitted lifetime of 4 frames (age = 5)
Internal: deleting an allocation that is older than its permitted lifetime of 4 frames (age = 5)
Internal: deleting an allocation that is older than its permitted lifetime of 4 frames (age = 5)
Internal: deleting an allocation that is older than its permitted lifetime of 4 frames (age = 5)
Internal: deleting an allocation that is older than its permitted lifetime of 4 frames (age = 5)
Internal: deleting an allocation that is older than its permitted lifetime of 4 frames (age = 5)
Internal: deleting an allocation that is older than its permitted lifetime of 4 frames (age = 5)
Internal: deleting an allocation that is older than its permitted lifetime of 4 frames (age = 5)
Internal: deleting an allocation that is older than its permitted lifetime of 4 frames (age = 5)
Internal: deleting an allocation that is older than its permitted lifetime of 4 frames (age = 5)
Internal: deleting an allocation that is older than its permitted lifetime of 4 frames (age = 5)
Internal: deleting an allocation that is older than its permitted lifetime of 4 frames (age = 6)
Internal: deleting an allocation that is older than its permitted lifetime of 4 frames (age = 6)
Internal: deleting an allocation that is older than its permitted lifetime of 4 frames (age = 6)
Internal: deleting an allocation that is older than its permitted lifetime of 4 frames (age = 6)
Internal: deleting an allocation that is older than its permitted lifetime of 4 frames (age = 6)
Internal: deleting an allocation that is older than its permitted lifetime of 4 frames (age = 6)
Internal: deleting an allocation that is older than its permitted lifetime of 4 frames (age = 5)
Internal: deleting an allocation that is older than its permitted lifetime of 4 frames (age = 5)
Internal: deleting an allocation that is older than its permitted lifetime of 4 frames (age = 5)
Internal: deleting an allocation that is older than its permitted lifetime of 4 frames (age = 5)
Internal: deleting an allocation that is older than its permitted lifetime of 4 frames (age = 5)
Internal: deleting an allocation that is older than its permitted lifetime of 4 frames (age = 5)
Internal: deleting an allocation that is older than its permitted lifetime of 4 frames (age = 5)
Internal: deleting an allocation that is older than its permitted lifetime of 4 frames (age = 5)
Internal: deleting an allocation that is older than its permitted lifetime of 4 frames (age = 5)
Internal: deleting an allocation that is older than its permitted lifetime of 4 frames (age = 5)
Internal: deleting an allocation that is older than its permitted lifetime of 4 frames (age = 5)
Internal: deleting an allocation that is older than its permitted lifetime of 4 frames (age = 5)
Internal: deleting an allocation that is older than its permitted lifetime of 4 frames (age = 5)
Internal: deleting an allocation that is older than its permitted lifetime of 4 frames (age = 5)
Internal: deleting an allocation that is older than its permitted lifetime of 4 frames (age = 5)
Internal: deleting an allocation that is older than its permitted lifetime of 4 frames (age = 5)
Internal: deleting an allocation that is older than its permitted lifetime of 4 frames (age = 5)
Internal: deleting an allocation that is older than its permitted lifetime of 4 frames (age = 5)
Internal: deleting an allocation that is older than its permitted lifetime of 4 frames (age = 5)
Internal: deleting an allocation that is older than its permitted lifetime of 4 frames (age = 5)
Internal: deleting an allocation that is older than its permitted lifetime of 4 frames (age = 5)
Internal: deleting an allocation that is older than its permitted lifetime of 4 frames (age = 5)
Internal: deleting an allocation that is older than its permitted lifetime of 4 frames (age = 5)
Internal: deleting an allocation that is older than its permitted lifetime of 4 frames (age = 5)
Internal: deleting an allocation that is older than its permitted lifetime of 4 frames (age = 5)
Internal: deleting an allocation that is older than its permitted lifetime of 4 frames (age = 5)
Internal: deleting an allocation that is older than its permitted lifetime of 4 frames (age = 5)
Internal: deleting an allocation that is older than its permitted lifetime of 4 frames (age = 5)
Internal: deleting an allocation that is older than its permitted lifetime of 4 frames (age = 5)
Internal: deleting an allocation that is older than its permitted lifetime of 4 frames (age = 5)
Internal: deleting an allocation that is older than its permitted lifetime of 4 frames (age = 5)
Internal: deleting an allocation that is older than its permitted lifetime of 4 frames (age = 5)
Internal: deleting an allocation that is older than its permitted lifetime of 4 frames (age = 5)
Internal: deleting an allocation that is older than its permitted lifetime of 4 frames (age = 5)
Internal: deleting an allocation that is older than its permitted lifetime of 4 frames (age = 5)
Internal: deleting an allocation that is older than its permitted lifetime of 4 frames (age = 5)
Internal: deleting an allocation that is older than its permitted lifetime of 4 frames (age = 5)
Internal: deleting an allocation that is older than its permitted lifetime of 4 frames (age = 5)
Internal: deleting an allocation that is older than its permitted lifetime of 4 frames (age = 5)
Internal: deleting an allocation that is older than its permitted lifetime of 4 frames (age = 5)
Internal: deleting an allocation that is older than its permitted lifetime of 4 frames (age = 5)
Internal: deleting an allocation that is older than its permitted lifetime of 4 frames (age = 5)
Internal: deleting an allocation that is older than its permitted lifetime of 4 frames (age = 5)
Internal: deleting an allocation that is older than its permitted lifetime of 4 frames (age = 5)
Internal: deleting an allocation that is older than its permitted lifetime of 4 frames (age = 5)
Internal: deleting an allocation that is older than its permitted lifetime of 4 frames (age = 5)
Internal: deleting an allocation that is older than its permitted lifetime of 4 frames (age = 5)
Internal: deleting an allocation that is older than its permitted lifetime of 4 frames (age = 6)
Internal: deleting an allocation that is older than its permitted lifetime of 4 frames (age = 5)
Internal: deleting an allocation that is older than its permitted lifetime of 4 frames (age = 6)
Internal: deleting an allocation that is older than its permitted lifetime of 4 frames (age = 6)
Internal: deleting an allocation that is older than its permitted lifetime of 4 frames (age = 6)
Internal: deleting an allocation that is older than its permitted lifetime of 4 frames (age = 6)
Internal: deleting an allocation that is older than its permitted lifetime of 4 frames (age = 5)
Internal: deleting an allocation that is older than its permitted lifetime of 4 frames (age = 5)
Internal: deleting an allocation that is older than its permitted lifetime of 4 frames (age = 5)
Internal: deleting an allocation that is older than its permitted lifetime of 4 frames (age = 5)
Internal: deleting an allocation that is older than its permitted lifetime of 4 frames (age = 5)
Internal: deleting an allocation that is older than its permitted lifetime of 4 frames (age = 5)
Internal: deleting an allocation that is older than its permitted lifetime of 4 frames (age = 5)
Internal: deleting an allocation that is older than its permitted lifetime of 4 frames (age = 5)
Internal: deleting an allocation that is older than its permitted lifetime of 4 frames (age = 5)
Internal: deleting an allocation that is older than its permitted lifetime of 4 frames (age = 5)
Internal: deleting an allocation that is older than its permitted lifetime of 4 frames (age = 6)
Internal: deleting an allocation that is older than its permitted lifetime of 4 frames (age = 6)
Internal: deleting an allocation that is older than its permitted lifetime of 4 frames (age = 6)
Internal: deleting an allocation that is older than its permitted lifetime of 4 frames (age = 5)
Internal: deleting an allocation that is older than its permitted lifetime of 4 frames (age = 6)
Internal: deleting an allocation that is older than its permitted lifetime of 4 frames (age = 6)
Internal: deleting an allocation that is older than its permitted lifetime of 4 frames (age = 5)
Internal: deleting an allocation that is older than its permitted lifetime of 4 frames (age = 5)
Internal: deleting an allocation that is older than its permitted lifetime of 4 frames (age = 5)
Internal: deleting an allocation that is older than its permitted lifetime of 4 frames (age = 5)
Internal: deleting an allocation that is older than its permitted lifetime of 4 frames (age = 5)
Internal: deleting an allocation that is older than its permitted lifetime of 4 frames (age = 5)
Internal: deleting an allocation that is older than its permitted lifetime of 4 frames (age = 5)
Internal: deleting an allocation that is older than its permitted lifetime of 4 frames (age = 5)
Internal: deleting an allocation that is older than its permitted lifetime of 4 frames (age = 5)
Internal: deleting an allocation that is older than its permitted lifetime of 4 frames (age = 5)
Internal: deleting an allocation that is older than its permitted lifetime of 4 frames (age = 5)
Internal: deleting an allocation that is older than its permitted lifetime of 4 frames (age = 6)
Internal: deleting an allocation that is older than its permitted lifetime of 4 frames (age = 6)
Internal: deleting an allocation that is older than its permitted lifetime of 4 frames (age = 6)
Internal: deleting an allocation that is older than its permitted lifetime of 4 frames (age = 6)
Internal: deleting an allocation that is older than its permitted lifetime of 4 frames (age = 6)
Internal: deleting an allocation that is older than its permitted lifetime of 4 frames (age = 6)
Internal: deleting an allocation that is older than its permitted lifetime of 4 frames (age = 5)
Internal: deleting an allocation that is older than its permitted lifetime of 4 frames (age = 5)
Internal: deleting an allocation that is older than its permitted lifetime of 4 frames (age = 5)
Internal: deleting an allocation that is older than its permitted lifetime of 4 frames (age = 5)
Internal: deleting an allocation that is older than its permitted lifetime of 4 frames (age = 5)
Internal: deleting an allocation that is older than its permitted lifetime of 4 frames (age = 5)
Internal: deleting an allocation that is older than its permitted lifetime of 4 frames (age = 5)
Internal: deleting an allocation that is older than its permitted lifetime of 4 frames (age = 5)
Internal: deleting an allocation that is older than its permitted lifetime of 4 frames (age = 5)
Internal: deleting an allocation that is older than its permitted lifetime of 4 frames (age = 5)
Internal: deleting an allocation that is older than its permitted lifetime of 4 frames (age = 5)
Internal: deleting an allocation that is older than its permitted lifetime of 4 frames (age = 5)
Internal: deleting an allocation that is older than its permitted lifetime of 4 frames (age = 5)
Internal: deleting an allocation that is older than its permitted lifetime of 4 frames (age = 5)
Internal: deleting an allocation that is older than its permitted lifetime of 4 frames (age = 5)
Internal: deleting an allocation that is older than its permitted lifetime of 4 frames (age = 5)
Internal: deleting an allocation that is older than its permitted lifetime of 4 frames (age = 5)
Internal: deleting an allocation that is older than its permitted lifetime of 4 frames (age = 5)
Internal: deleting an allocation that is older than its permitted lifetime of 4 frames (age = 6)
Internal: deleting an allocation that is older than its permitted lifetime of 4 frames (age = 6)
Internal: deleting an allocation that is older than its permitted lifetime of 4 frames (age = 6)
Internal: deleting an allocation that is older than its permitted lifetime of 4 frames (age = 5)
Internal: deleting an allocation that is older than its permitted lifetime of 4 frames (age = 6)
Internal: deleting an allocation that is older than its permitted lifetime of 4 frames (age = 6)
Internal: deleting an allocation that is older than its permitted lifetime of 4 frames (age = 5)
Internal: deleting an allocation that is older than its permitted lifetime of 4 frames (age = 5)
Internal: deleting an allocation that is older than its permitted lifetime of 4 frames (age = 5)
Internal: deleting an allocation that is older than its permitted lifetime of 4 frames (age = 5)
Internal: deleting an allocation that is older than its permitted lifetime of 4 frames (age = 5)
Internal: deleting an allocation that is older than its permitted lifetime of 4 frames (age = 5)
Internal: deleting an allocation that is older than its permitted lifetime of 4 frames (age = 5)
Internal: deleting an allocation that is older than its permitted lifetime of 4 frames (age = 5)
Internal: deleting an allocation that is older than its permitted lifetime of 4 frames (age = 5)
Internal: deleting an allocation that is older than its permitted lifetime of 4 frames (age = 5)
Internal: deleting an allocation that is older than its permitted lifetime of 4 frames (age = 6)
Internal: deleting an allocation that is older than its permitted lifetime of 4 frames (age = 6)
Internal: deleting an allocation that is older than its permitted lifetime of 4 frames (age = 6)
Internal: deleting an allocation that is older than its permitted lifetime of 4 frames (age = 5)
Internal: deleting an allocation that is older than its permitted lifetime of 4 frames (age = 6)
Internal: deleting an allocation that is older than its permitted lifetime of 4 frames (age = 6)
Internal: deleting an allocation that is older than its permitted lifetime of 4 frames (age = 5)
Internal: deleting an allocation that is older than its permitted lifetime of 4 frames (age = 5)
Internal: deleting an allocation that is older than its permitted lifetime of 4 frames (age = 5)
Internal: deleting an allocation that is older than its permitted lifetime of 4 frames (age = 5)
Internal: deleting an allocation that is older than its permitted lifetime of 4 frames (age = 5)
Internal: deleting an allocation that is older than its permitted lifetime of 4 frames (age = 5)
Internal: deleting an allocation that is older than its permitted lifetime of 4 frames (age = 5)
Internal: deleting an allocation that is older than its permitted lifetime of 4 frames (age = 5)
Internal: deleting an allocation that is older than its permitted lifetime of 4 frames (age = 5)
Internal: deleting an allocation that is older than its permitted lifetime of 4 frames (age = 5)
Internal: deleting an allocation that is older than its permitted lifetime of 4 frames (age = 5)
Internal: deleting an allocation that is older than its permitted lifetime of 4 frames (age = 5)
Internal: deleting an allocation that is older than its permitted lifetime of 4 frames (age = 5)
Internal: deleting an allocation that is older than its permitted lifetime of 4 frames (age = 5)
Internal: deleting an allocation that is older than its permitted lifetime of 4 frames (age = 6)
Internal: deleting an allocation that is older than its permitted lifetime of 4 frames (age = 6)
Internal: deleting an allocation that is older than its permitted lifetime of 4 frames (age = 6)
Internal: deleting an allocation that is older than its permitted lifetime of 4 frames (age = 6)
Internal: deleting an allocation that is older than its permitted lifetime of 4 frames (age = 6)
Internal: deleting an allocation that is older than its permitted lifetime of 4 frames (age = 6)
Internal: deleting an allocation that is older than its permitted lifetime of 4 frames (age = 5)
Internal: deleting an allocation that is older than its permitted lifetime of 4 frames (age = 5)
Internal: deleting an allocation that is older than its permitted lifetime of 4 frames (age = 5)
Internal: deleting an allocation that is older than its permitted lifetime of 4 frames (age = 5)
Internal: deleting an allocation that is older than its permitted lifetime of 4 frames (age = 5)
Internal: deleting an allocation that is older than its permitted lifetime of 4 frames (age = 5)
Internal: deleting an allocation that is older than its permitted lifetime of 4 frames (age = 5)
Internal: deleting an allocation that is older than its permitted lifetime of 4 frames (age = 5)
Internal: deleting an allocation that is older than its permitted lifetime of 4 frames (age = 5)
Internal: deleting an allocation that is older than its permitted lifetime of 4 frames (age = 5)
Internal: deleting an allocation that is older than its permitted lifetime of 4 frames (age = 5)
Internal: deleting an allocation that is older than its permitted lifetime of 4 frames (age = 5)
Internal: deleting an allocation that is older than its permitted lifetime of 4 frames (age = 5)
Internal: deleting an allocation that is older than its permitted lifetime of 4 frames (age = 5)
Internal: deleting an allocation that is older than its permitted lifetime of 4 frames (age = 5)
Internal: deleting an allocation that is older than its permitted lifetime of 4 frames (age = 5)
Internal: deleting an allocation that is older than its permitted lifetime of 4 frames (age = 5)
Internal: deleting an allocation that is older than its permitted lifetime of 4 frames (age = 5)
Internal: deleting an allocation that is older than its permitted lifetime of 4 frames (age = 6)
Internal: deleting an allocation that is older than its permitted lifetime of 4 frames (age = 6)
Internal: deleting an allocation that is older than its permitted lifetime of 4 frames (age = 6)
Internal: deleting an allocation that is older than its permitted lifetime of 4 frames (age = 5)
Internal: deleting an allocation that is older than its permitted lifetime of 4 frames (age = 6)
Internal: deleting an allocation that is older than its permitted lifetime of 4 frames (age = 6)
Internal: deleting an allocation that is older than its permitted lifetime of 4 frames (age = 5)
Internal: deleting an allocation that is older than its permitted lifetime of 4 frames (age = 5)
Internal: deleting an allocation that is older than its permitted lifetime of 4 frames (age = 5)
Internal: deleting an allocation that is older than its permitted lifetime of 4 frames (age = 5)
Internal: deleting an allocation that is older than its permitted lifetime of 4 frames (age = 5)
Internal: deleting an allocation that is older than its permitted lifetime of 4 frames (age = 6)
Internal: deleting an allocation that is older than its permitted lifetime of 4 frames (age = 6)
Internal: deleting an allocation that is older than its permitted lifetime of 4 frames (age = 6)
Internal: deleting an allocation that is older than its permitted lifetime of 4 frames (age = 6)
Internal: deleting an allocation that is older than its permitted lifetime of 4 frames (age = 6)
Internal: deleting an allocation that is older than its permitted lifetime of 4 frames (age = 6)
Internal: deleting an allocation that is older than its permitted lifetime of 4 frames (age = 5)
Internal: deleting an allocation that is older than its permitted lifetime of 4 frames (age = 5)
Internal: deleting an allocation that is older than its permitted lifetime of 4 frames (age = 5)
Internal: deleting an allocation that is older than its permitted lifetime of 4 frames (age = 5)
Internal: deleting an allocation that is older than its permitted lifetime of 4 frames (age = 5)
Internal: deleting an allocation that is older than its permitted lifetime of 4 frames (age = 5)
Internal: deleting an allocation that is older than its permitted lifetime of 4 frames (age = 5)
Internal: deleting an allocation that is older than its permitted lifetime of 4 frames (age = 5)
Internal: deleting an allocation that is older than its permitted lifetime of 4 frames (age = 5)
Internal: deleting an allocation that is older than its permitted lifetime of 4 frames (age = 5)
Internal: deleting an allocation that is older than its permitted lifetime of 4 frames (age = 5)
Internal: deleting an allocation that is older than its permitted lifetime of 4 frames (age = 5)
Internal: deleting an allocation that is older than its permitted lifetime of 4 frames (age = 7)
Internal: deleting an allocation that is older than its permitted lifetime of 4 frames (age = 7)
Internal: deleting an allocation that is older than its permitted lifetime of 4 frames (age = 7)
Internal: deleting an allocation that is older than its permitted lifetime of 4 frames (age = 6)
Internal: deleting an allocation that is older than its permitted lifetime of 4 frames (age = 6)
Internal: deleting an allocation that is older than its permitted lifetime of 4 frames (age = 6)
Internal: deleting an allocation that is older than its permitted lifetime of 4 frames (age = 6)
Internal: deleting an allocation that is older than its permitted lifetime of 4 frames (age = 6)
Internal: deleting an allocation that is older than its permitted lifetime of 4 frames (age = 6)
Internal: deleting an allocation that is older than its permitted lifetime of 4 frames (age = 5)
Internal: deleting an allocation that is older than its permitted lifetime of 4 frames (age = 5)
Internal: deleting an allocation that is older than its permitted lifetime of 4 frames (age = 5)
Internal: deleting an allocation that is older than its permitted lifetime of 4 frames (age = 5)
Internal: deleting an allocation that is older than its permitted lifetime of 4 frames (age = 5)
Internal: deleting an allocation that is older than its permitted lifetime of 4 frames (age = 5)
Internal: deleting an allocation that is older than its permitted lifetime of 4 frames (age = 5)
Internal: deleting an allocation that is older than its permitted lifetime of 4 frames (age = 6)
Internal: deleting an allocation that is older than its permitted lifetime of 4 frames (age = 6)
Internal: deleting an allocation that is older than its permitted lifetime of 4 frames (age = 5)
Internal: deleting an allocation that is older than its permitted lifetime of 4 frames (age = 6)
Internal: deleting an allocation that is older than its permitted lifetime of 4 frames (age = 6)
Internal: deleting an allocation that is older than its permitted lifetime of 4 frames (age = 5)
Internal: deleting an allocation that is older than its permitted lifetime of 4 frames (age = 5)
Internal: deleting an allocation that is older than its permitted lifetime of 4 frames (age = 5)
Internal: deleting an allocation that is older than its permitted lifetime of 4 frames (age = 5)
Internal: deleting an allocation that is older than its permitted lifetime of 4 frames (age = 6)
Internal: deleting an allocation that is older than its permitted lifetime of 4 frames (age = 6)
Internal: deleting an allocation that is older than its permitted lifetime of 4 frames (age = 6)
Internal: deleting an allocation that is older than its permitted lifetime of 4 frames (age = 6)
Internal: deleting an allocation that is older than its permitted lifetime of 4 frames (age = 6)
Internal: deleting an allocation that is older than its permitted lifetime of 4 frames (age = 6)
Internal: deleting an allocation that is older than its permitted lifetime of 4 frames (age = 5)
Internal: deleting an allocation that is older than its permitted lifetime of 4 frames (age = 5)
Internal: deleting an allocation that is older than its permitted lifetime of 4 frames (age = 5)
Internal: deleting an allocation that is older than its permitted lifetime of 4 frames (age = 5)
Internal: deleting an allocation that is older than its permitted lifetime of 4 frames (age = 5)
Internal: deleting an allocation that is older than its permitted lifetime of 4 frames (age = 5)
Internal: deleting an allocation that is older than its permitted lifetime of 4 frames (age = 6)
Internal: deleting an allocation that is older than its permitted lifetime of 4 frames (age = 6)
Internal: deleting an allocation that is older than its permitted lifetime of 4 frames (age = 6)
Internal: deleting an allocation that is older than its permitted lifetime of 4 frames (age = 5)
Internal: deleting an allocation that is older than its permitted lifetime of 4 frames (age = 6)
Internal: deleting an allocation that is older than its permitted lifetime of 4 frames (age = 6)
Internal: deleting an allocation that is older than its permitted lifetime of 4 frames (age = 5)
Internal: deleting an allocation that is older than its permitted lifetime of 4 frames (age = 5)
Internal: deleting an allocation that is older than its permitted lifetime of 4 frames (age = 5)
Internal: deleting an allocation that is older than its permitted lifetime of 4 frames (age = 5)
Internal: deleting an allocation that is older than its permitted lifetime of 4 frames (age = 5)
Internal: deleting an allocation that is older than its permitted lifetime of 4 frames (age = 6)
Internal: deleting an allocation that is older than its permitted lifetime of 4 frames (age = 6)
Internal: deleting an allocation that is older than its permitted lifetime of 4 frames (age = 6)
Internal: deleting an allocation that is older than its permitted lifetime of 4 frames (age = 6)
Internal: deleting an allocation that is older than its permitted lifetime of 4 frames (age = 6)
Internal: deleting an allocation that is older than its permitted lifetime of 4 frames (age = 6)
Internal: deleting an allocation that is older than its permitted lifetime of 4 frames (age = 5)
Internal: deleting an allocation that is older than its permitted lifetime of 4 frames (age = 5)
Internal: deleting an allocation that is older than its permitted lifetime of 4 frames (age = 5)
Internal: deleting an allocation that is older than its permitted lifetime of 4 frames (age = 5)
Internal: deleting an allocation that is older than its permitted lifetime of 4 frames (age = 5)
Internal: deleting an allocation that is older than its permitted lifetime of 4 frames (age = 5)
Internal: deleting an allocation that is older than its permitted lifetime of 4 frames (age = 6)
Internal: deleting an allocation that is older than its permitted lifetime of 4 frames (age = 6)
Internal: deleting an allocation that is older than its permitted lifetime of 4 frames (age = 6)
Internal: deleting an allocation that is older than its permitted lifetime of 4 frames (age = 6)
Internal: deleting an allocation that is older than its permitted lifetime of 4 frames (age = 6)
Internal: deleting an allocation that is older than its permitted lifetime of 4 frames (age = 6)
Internal: deleting an allocation that is older than its permitted lifetime of 4 frames (age = 5)
Internal: deleting an allocation that is older than its permitted lifetime of 4 frames (age = 5)
Internal: deleting an allocation that is older than its permitted lifetime of 4 frames (age = 5)
Internal: deleting an allocation that is older than its permitted lifetime of 4 frames (age = 5)
Internal: deleting an allocation that is older than its permitted lifetime of 4 frames (age = 5)
Internal: deleting an allocation that is older than its permitted lifetime of 4 frames (age = 5)
Internal: deleting an allocation that is older than its permitted lifetime of 4 frames (age = 5)
Internal: deleting an allocation that is older than its permitted lifetime of 4 frames (age = 5)
Internal: deleting an allocation that is older than its permitted lifetime of 4 frames (age = 5)
Internal: deleting an allocation that is older than its permitted lifetime of 4 frames (age = 5)
Internal: deleting an allocation that is older than its permitted lifetime of 4 frames (age = 5)
Internal: deleting an allocation that is older than its permitted lifetime of 4 frames (age = 6)
Internal: deleting an allocation that is older than its permitted lifetime of 4 frames (age = 6)
Internal: deleting an allocation that is older than its permitted lifetime of 4 frames (age = 6)
Internal: deleting an allocation that is older than its permitted lifetime of 4 frames (age = 5)
Internal: deleting an allocation that is older than its permitted lifetime of 4 frames (age = 6)
Internal: deleting an allocation that is older than its permitted lifetime of 4 frames (age = 6)
Internal: deleting an allocation that is older than its permitted lifetime of 4 frames (age = 5)
Internal: deleting an allocation that is older than its permitted lifetime of 4 frames (age = 5)
Internal: deleting an allocation that is older than its permitted lifetime of 4 frames (age = 5)
Internal: deleting an allocation that is older than its permitted lifetime of 4 frames (age = 5)
Internal: deleting an allocation that is older than its permitted lifetime of 4 frames (age = 5)
Internal: deleting an allocation that is older than its permitted lifetime of 4 frames (age = 5)
Internal: deleting an allocation that is older than its permitted lifetime of 4 frames (age = 5)
Internal: deleting an allocation that is older than its permitted lifetime of 4 frames (age = 5)
Internal: deleting an allocation that is older than its permitted lifetime of 4 frames (age = 5)
Internal: deleting an allocation that is older than its permitted lifetime of 4 frames (age = 5)
Internal: deleting an allocation that is older than its permitted lifetime of 4 frames (age = 5)
Internal: deleting an allocation that is older than its permitted lifetime of 4 frames (age = 6)
Internal: deleting an allocation that is older than its permitted lifetime of 4 frames (age = 6)
Internal: deleting an allocation that is older than its permitted lifetime of 4 frames (age = 6)
Internal: deleting an allocation that is older than its permitted lifetime of 4 frames (age = 5)
Internal: deleting an allocation that is older than its permitted lifetime of 4 frames (age = 6)
Internal: deleting an allocation that is older than its permitted lifetime of 4 frames (age = 6)
Internal: deleting an allocation that is older than its permitted lifetime of 4 frames (age = 5)
Internal: deleting an allocation that is older than its permitted lifetime of 4 frames (age = 5)
Internal: deleting an allocation that is older than its permitted lifetime of 4 frames (age = 5)
Internal: deleting an allocation that is older than its permitted lifetime of 4 frames (age = 5)
Internal: deleting an allocation that is older than its permitted lifetime of 4 frames (age = 5)
Internal: deleting an allocation that is older than its permitted lifetime of 4 frames (age = 6)
Internal: deleting an allocation that is older than its permitted lifetime of 4 frames (age = 6)
Internal: deleting an allocation that is older than its permitted lifetime of 4 frames (age = 6)
Internal: deleting an allocation that is older than its permitted lifetime of 4 frames (age = 6)
Internal: deleting an allocation that is older than its permitted lifetime of 4 frames (age = 6)
Internal: deleting an allocation that is older than its permitted lifetime of 4 frames (age = 6)
Internal: deleting an allocation that is older than its permitted lifetime of 4 frames (age = 5)
Internal: deleting an allocation that is older than its permitted lifetime of 4 frames (age = 5)
Internal: deleting an allocation that is older than its permitted lifetime of 4 frames (age = 5)
Internal: deleting an allocation that is older than its permitted lifetime of 4 frames (age = 5)
Internal: deleting an allocation that is older than its permitted lifetime of 4 frames (age = 5)
Internal: deleting an allocation that is older than its permitted lifetime of 4 frames (age = 5)
Internal: deleting an allocation that is older than its permitted lifetime of 4 frames (age = 5)
Internal: deleting an allocation that is older than its permitted lifetime of 4 frames (age = 6)
Internal: deleting an allocation that is older than its permitted lifetime of 4 frames (age = 6)
Internal: deleting an allocation that is older than its permitted lifetime of 4 frames (age = 5)
Internal: deleting an allocation that is older than its permitted lifetime of 4 frames (age = 6)
Internal: deleting an allocation that is older than its permitted lifetime of 4 frames (age = 6)
Internal: deleting an allocation that is older than its permitted lifetime of 4 frames (age = 5)
Internal: deleting an allocation that is older than its permitted lifetime of 4 frames (age = 5)
Internal: deleting an allocation that is older than its permitted lifetime of 4 frames (age = 5)
Internal: deleting an allocation that is older than its permitted lifetime of 4 frames (age = 5)
Internal: deleting an allocation that is older than its permitted lifetime of 4 frames (age = 5)
Internal: deleting an allocation that is older than its permitted lifetime of 4 frames (age = 5)
Internal: deleting an allocation that is older than its permitted lifetime of 4 frames (age = 5)
Internal: deleting an allocation that is older than its permitted lifetime of 4 frames (age = 5)
Internal: deleting an allocation that is older than its permitted lifetime of 4 frames (age = 5)
Internal: deleting an allocation that is older than its permitted lifetime of 4 frames (age = 5)
Internal: deleting an allocation that is older than its permitted lifetime of 4 frames (age = 5)
Internal: deleting an allocation that is older than its permitted lifetime of 4 frames (age = 5)
Internal: deleting an allocation that is older than its permitted lifetime of 4 frames (age = 5)
Internal: deleting an allocation that is older than its permitted lifetime of 4 frames (age = 5)
Internal: deleting an allocation that is older than its permitted lifetime of 4 frames (age = 5)
Internal: deleting an allocation that is older than its permitted lifetime of 4 frames (age = 5)
Internal: deleting an allocation that is older than its permitted lifetime of 4 frames (age = 5)
Internal: deleting an allocation that is older than its permitted lifetime of 4 frames (age = 6)
Internal: deleting an allocation that is older than its permitted lifetime of 4 frames (age = 6)
Internal: deleting an allocation that is older than its permitted lifetime of 4 frames (age = 6)
Internal: deleting an allocation that is older than its permitted lifetime of 4 frames (age = 5)
Internal: deleting an allocation that is older than its permitted lifetime of 4 frames (age = 6)
Internal: deleting an allocation that is older than its permitted lifetime of 4 frames (age = 6)
Internal: deleting an allocation that is older than its permitted lifetime of 4 frames (age = 5)
Internal: deleting an allocation that is older than its permitted lifetime of 4 frames (age = 5)
Internal: deleting an allocation that is older than its permitted lifetime of 4 frames (age = 5)
Internal: deleting an allocation that is older than its permitted lifetime of 4 frames (age = 5)
Internal: deleting an allocation that is older than its permitted lifetime of 4 frames (age = 5)
Internal: deleting an allocation that is older than its permitted lifetime of 4 frames (age = 5)
Internal: deleting an allocation that is older than its permitted lifetime of 4 frames (age = 5)
Internal: deleting an allocation that is older than its permitted lifetime of 4 frames (age = 5)
Internal: deleting an allocation that is older than its permitted lifetime of 4 frames (age = 5)
Internal: deleting an allocation that is older than its permitted lifetime of 4 frames (age = 5)
Internal: deleting an allocation that is older than its permitted lifetime of 4 frames (age = 5)
Internal: deleting an allocation that is older than its permitted lifetime of 4 frames (age = 5)
Internal: deleting an allocation that is older than its permitted lifetime of 4 frames (age = 5)
Internal: deleting an allocation that is older than its permitted lifetime of 4 frames (age = 5)
Internal: deleting an allocation that is older than its permitted lifetime of 4 frames (age = 5)
Internal: deleting an allocation that is older than its permitted lifetime of 4 frames (age = 5)
Internal: deleting an allocation that is older than its permitted lifetime of 4 frames (age = 5)
Internal: deleting an allocation that is older than its permitted lifetime of 4 frames (age = 6)
Internal: deleting an allocation that is older than its permitted lifetime of 4 frames (age = 6)
Internal: deleting an allocation that is older than its permitted lifetime of 4 frames (age = 6)
Internal: deleting an allocation that is older than its permitted lifetime of 4 frames (age = 6)
Internal: deleting an allocation that is older than its permitted lifetime of 4 frames (age = 6)
Internal: deleting an allocation that is older than its permitted lifetime of 4 frames (age = 6)
Internal: deleting an allocation that is older than its permitted lifetime of 4 frames (age = 5)
Internal: deleting an allocation that is older than its permitted lifetime of 4 frames (age = 5)
Internal: deleting an allocation that is older than its permitted lifetime of 4 frames (age = 5)
Internal: deleting an allocation that is older than its permitted lifetime of 4 frames (age = 5)
Internal: deleting an allocation that is older than its permitted lifetime of 4 frames (age = 5)
Internal: deleting an allocation that is older than its permitted lifetime of 4 frames (age = 5)
Internal: deleting an allocation that is older than its permitted lifetime of 4 frames (age = 5)
Internal: deleting an allocation that is older than its permitted lifetime of 4 frames (age = 5)
Internal: deleting an allocation that is older than its permitted lifetime of 4 frames (age = 5)
Internal: deleting an allocation that is older than its permitted lifetime of 4 frames (age = 5)
Internal: deleting an allocation that is older than its permitted lifetime of 4 frames (age = 5)
Internal: deleting an allocation that is older than its permitted lifetime of 4 frames (age = 5)
Internal: deleting an allocation that is older than its permitted lifetime of 4 frames (age = 6)
Internal: deleting an allocation that is older than its permitted lifetime of 4 frames (age = 6)
Internal: deleting an allocation that is older than its permitted lifetime of 4 frames (age = 6)
Internal: deleting an allocation that is older than its permitted lifetime of 4 frames (age = 6)
Internal: deleting an allocation that is older than its permitted lifetime of 4 frames (age = 6)
Internal: deleting an allocation that is older than its permitted lifetime of 4 frames (age = 6)
Internal: deleting an allocation that is older than its permitted lifetime of 4 frames (age = 5)
Internal: deleting an allocation that is older than its permitted lifetime of 4 frames (age = 5)
Internal: deleting an allocation that is older than its permitted lifetime of 4 frames (age = 5)
Internal: deleting an allocation that is older than its permitted lifetime of 4 frames (age = 5)
Internal: deleting an allocation that is older than its permitted lifetime of 4 frames (age = 5)
Internal: deleting an allocation that is older than its permitted lifetime of 4 frames (age = 5)
Internal: deleting an allocation that is older than its permitted lifetime of 4 frames (age = 5)
Internal: deleting an allocation that is older than its permitted lifetime of 4 frames (age = 6)
Internal: deleting an allocation that is older than its permitted lifetime of 4 frames (age = 6)
Internal: deleting an allocation that is older than its permitted lifetime of 4 frames (age = 5)
Internal: deleting an allocation that is older than its permitted lifetime of 4 frames (age = 6)
Internal: deleting an allocation that is older than its permitted lifetime of 4 frames (age = 6)
Internal: deleting an allocation that is older than its permitted lifetime of 4 frames (age = 5)
Internal: deleting an allocation that is older than its permitted lifetime of 4 frames (age = 5)
Internal: deleting an allocation that is older than its permitted lifetime of 4 frames (age = 5)
Internal: deleting an allocation that is older than its permitted lifetime of 4 frames (age = 5)
Internal: deleting an allocation that is older than its permitted lifetime of 4 frames (age = 5)
Internal: deleting an allocation that is older than its permitted lifetime of 4 frames (age = 5)
Internal: deleting an allocation that is older than its permitted lifetime of 4 frames (age = 5)
Internal: deleting an allocation that is older than its permitted lifetime of 4 frames (age = 5)
Internal: deleting an allocation that is older than its permitted lifetime of 4 frames (age = 5)
Internal: deleting an allocation that is older than its permitted lifetime of 4 frames (age = 5)
Internal: deleting an allocation that is older than its permitted lifetime of 4 frames (age = 5)
Internal: deleting an allocation that is older than its permitted lifetime of 4 frames (age = 5)
Internal: deleting an allocation that is older than its permitted lifetime of 4 frames (age = 5)
Internal: deleting an allocation that is older than its permitted lifetime of 4 frames (age = 5)
Internal: deleting an allocation that is older than its permitted lifetime of 4 frames (age = 5)
Internal: deleting an allocation that is older than its permitted lifetime of 4 frames (age = 6)
Internal: deleting an allocation that is older than its permitted lifetime of 4 frames (age = 6)
Internal: deleting an allocation that is older than its permitted lifetime of 4 frames (age = 6)
Internal: deleting an allocation that is older than its permitted lifetime of 4 frames (age = 6)
Internal: deleting an allocation that is older than its permitted lifetime of 4 frames (age = 6)
Internal: deleting an allocation that is older than its permitted lifetime of 4 frames (age = 6)
Internal: deleting an allocation that is older than its permitted lifetime of 4 frames (age = 5)
Internal: deleting an allocation that is older than its permitted lifetime of 4 frames (age = 5)
Internal: deleting an allocation that is older than its permitted lifetime of 4 frames (age = 5)
Internal: deleting an allocation that is older than its permitted lifetime of 4 frames (age = 5)
Internal: deleting an allocation that is older than its permitted lifetime of 4 frames (age = 5)
Internal: deleting an allocation that is older than its permitted lifetime of 4 frames (age = 5)
Internal: deleting an allocation that is older than its permitted lifetime of 4 frames (age = 6)
Internal: deleting an allocation that is older than its permitted lifetime of 4 frames (age = 6)
Internal: deleting an allocation that is older than its permitted lifetime of 4 frames (age = 6)
Internal: deleting an allocation that is older than its permitted lifetime of 4 frames (age = 6)
Internal: deleting an allocation that is older than its permitted lifetime of 4 frames (age = 6)
Internal: deleting an allocation that is older than its permitted lifetime of 4 frames (age = 6)
Internal: deleting an allocation that is older than its permitted lifetime of 4 frames (age = 5)
Internal: deleting an allocation that is older than its permitted lifetime of 4 frames (age = 5)
Internal: deleting an allocation that is older than its permitted lifetime of 4 frames (age = 5)
Internal: deleting an allocation that is older than its permitted lifetime of 4 frames (age = 5)
Internal: deleting an allocation that is older than its permitted lifetime of 4 frames (age = 5)
Internal: deleting an allocation that is older than its permitted lifetime of 4 frames (age = 5)
Internal: deleting an allocation that is older than its permitted lifetime of 4 frames (age = 5)
Internal: deleting an allocation that is older than its permitted lifetime of 4 frames (age = 5)
Internal: deleting an allocation that is older than its permitted lifetime of 4 frames (age = 5)
Internal: deleting an allocation that is older than its permitted lifetime of 4 frames (age = 5)
Internal: deleting an allocation that is older than its permitted lifetime of 4 frames (age = 5)
Internal: deleting an allocation that is older than its permitted lifetime of 4 frames (age = 6)
Internal: deleting an allocation that is older than its permitted lifetime of 4 frames (age = 6)
Internal: deleting an allocation that is older than its permitted lifetime of 4 frames (age = 6)
Internal: deleting an allocation that is older than its permitted lifetime of 4 frames (age = 5)
Internal: deleting an allocation that is older than its permitted lifetime of 4 frames (age = 6)
Internal: deleting an allocation that is older than its permitted lifetime of 4 frames (age = 6)
Internal: deleting an allocation that is older than its permitted lifetime of 4 frames (age = 5)
Internal: deleting an allocation that is older than its permitted lifetime of 4 frames (age = 5)
Internal: deleting an allocation that is older than its permitted lifetime of 4 frames (age = 5)
Internal: deleting an allocation that is older than its permitted lifetime of 4 frames (age = 5)
Internal: deleting an allocation that is older than its permitted lifetime of 4 frames (age = 5)
Internal: deleting an allocation that is older than its permitted lifetime of 4 frames (age = 5)
Internal: deleting an allocation that is older than its permitted lifetime of 4 frames (age = 5)
Internal: deleting an allocation that is older than its permitted lifetime of 4 frames (age = 5)
Internal: deleting an allocation that is older than its permitted lifetime of 4 frames (age = 5)
Internal: deleting an allocation that is older than its permitted lifetime of 4 frames (age = 5)
Internal: deleting an allocation that is older than its permitted lifetime of 4 frames (age = 5)
Internal: deleting an allocation that is older than its permitted lifetime of 4 frames (age = 6)
Internal: deleting an allocation that is older than its permitted lifetime of 4 frames (age = 6)
Internal: deleting an allocation that is older than its permitted lifetime of 4 frames (age = 6)
Internal: deleting an allocation that is older than its permitted lifetime of 4 frames (age = 6)
Internal: deleting an allocation that is older than its permitted lifetime of 4 frames (age = 6)
Internal: deleting an allocation that is older than its permitted lifetime of 4 frames (age = 6)
Internal: deleting an allocation that is older than its permitted lifetime of 4 frames (age = 5)
Internal: deleting an allocation that is older than its permitted lifetime of 4 frames (age = 5)
Internal: deleting an allocation that is older than its permitted lifetime of 4 frames (age = 5)
Internal: deleting an allocation that is older than its permitted lifetime of 4 frames (age = 5)
Internal: deleting an allocation that is older than its permitted lifetime of 4 frames (age = 5)
Internal: deleting an allocation that is older than its permitted lifetime of 4 frames (age = 5)
Internal: deleting an allocation that is older than its permitted lifetime of 4 frames (age = 5)
Internal: deleting an allocation that is older than its permitted lifetime of 4 frames (age = 6)
Internal: deleting an allocation that is older than its permitted lifetime of 4 frames (age = 6)
Internal: deleting an allocation that is older than its permitted lifetime of 4 frames (age = 5)
Internal: deleting an allocation that is older than its permitted lifetime of 4 frames (age = 6)
Internal: deleting an allocation that is older than its permitted lifetime of 4 frames (age = 6)
Internal: deleting an allocation that is older than its permitted lifetime of 4 frames (age = 5)
Internal: deleting an allocation that is older than its permitted lifetime of 4 frames (age = 5)
Internal: deleting an allocation that is older than its permitted lifetime of 4 frames (age = 5)
Internal: deleting an allocation that is older than its permitted lifetime of 4 frames (age = 5)
Internal: deleting an allocation that is older than its permitted lifetime of 4 frames (age = 5)
Internal: deleting an allocation that is older than its permitted lifetime of 4 frames (age = 5)
Internal: deleting an allocation that is older than its permitted lifetime of 4 frames (age = 5)
Internal: deleting an allocation that is older than its permitted lifetime of 4 frames (age = 5)
Internal: deleting an allocation that is older than its permitted lifetime of 4 frames (age = 5)
Internal: deleting an allocation that is older than its permitted lifetime of 4 frames (age = 5)
Internal: deleting an allocation that is older than its permitted lifetime of 4 frames (age = 5)
Internal: deleting an allocation that is older than its permitted lifetime of 4 frames (age = 5)
Internal: deleting an allocation that is older than its permitted lifetime of 4 frames (age = 6)
Internal: deleting an allocation that is older than its permitted lifetime of 4 frames (age = 6)
Internal: deleting an allocation that is older than its permitted lifetime of 4 frames (age = 6)
Internal: deleting an allocation that is older than its permitted lifetime of 4 frames (age = 5)
Internal: deleting an allocation that is older than its permitted lifetime of 4 frames (age = 5)
Internal: deleting an allocation that is older than its permitted lifetime of 4 frames (age = 5)
Internal: deleting an allocation that is older than its permitted lifetime of 4 frames (age = 5)
Internal: deleting an allocation that is older than its permitted lifetime of 4 frames (age = 5)
Internal: deleting an allocation that is older than its permitted lifetime of 4 frames (age = 5)
Internal: deleting an allocation that is older than its permitted lifetime of 4 frames (age = 5)
Internal: deleting an allocation that is older than its permitted lifetime of 4 frames (age = 5)
Internal: deleting an allocation that is older than its permitted lifetime of 4 frames (age = 5)
Internal: deleting an allocation that is older than its permitted lifetime of 4 frames (age = 5)
Internal: deleting an allocation that is older than its permitted lifetime of 4 frames (age = 5)
Internal: deleting an allocation that is older than its permitted lifetime of 4 frames (age = 5)
Internal: deleting an allocation that is older than its permitted lifetime of 4 frames (age = 6)
Internal: deleting an allocation that is older than its permitted lifetime of 4 frames (age = 6)
Internal: deleting an allocation that is older than its permitted lifetime of 4 frames (age = 6)
Internal: deleting an allocation that is older than its permitted lifetime of 4 frames (age = 6)
Internal: deleting an allocation that is older than its permitted lifetime of 4 frames (age = 6)
Internal: deleting an allocation that is older than its permitted lifetime of 4 frames (age = 6)
Internal: deleting an allocation that is older than its permitted lifetime of 4 frames (age = 5)
Internal: deleting an allocation that is older than its permitted lifetime of 4 frames (age = 5)
Internal: deleting an allocation that is older than its permitted lifetime of 4 frames (age = 5)
Internal: deleting an allocation that is older than its permitted lifetime of 4 frames (age = 5)
Internal: deleting an allocation that is older than its permitted lifetime of 4 frames (age = 5)
Internal: deleting an allocation that is older than its permitted lifetime of 4 frames (age = 5)
Internal: deleting an allocation that is older than its permitted lifetime of 4 frames (age = 6)
Internal: deleting an allocation that is older than its permitted lifetime of 4 frames (age = 6)
Internal: deleting an allocation that is older than its permitted lifetime of 4 frames (age = 6)
Internal: deleting an allocation that is older than its permitted lifetime of 4 frames (age = 6)
Internal: deleting an allocation that is older than its permitted lifetime of 4 frames (age = 6)
Internal: deleting an allocation that is older than its permitted lifetime of 4 frames (age = 6)
Internal: deleting an allocation that is older than its permitted lifetime of 4 frames (age = 5)
Internal: deleting an allocation that is older than its permitted lifetime of 4 frames (age = 5)
Internal: deleting an allocation that is older than its permitted lifetime of 4 frames (age = 5)
Internal: deleting an allocation that is older than its permitted lifetime of 4 frames (age = 5)
Internal: deleting an allocation that is older than its permitted lifetime of 4 frames (age = 5)
Internal: deleting an allocation that is older than its permitted lifetime of 4 frames (age = 5)
Internal: deleting an allocation that is older than its permitted lifetime of 4 frames (age = 5)
Internal: deleting an allocation that is older than its permitted lifetime of 4 frames (age = 5)
Internal: deleting an allocation that is older than its permitted lifetime of 4 frames (age = 5)
Internal: deleting an allocation that is older than its permitted lifetime of 4 frames (age = 5)
Internal: deleting an allocation that is older than its permitted lifetime of 4 frames (age = 5)
Internal: deleting an allocation that is older than its permitted lifetime of 4 frames (age = 5)
Internal: deleting an allocation that is older than its permitted lifetime of 4 frames (age = 5)
Internal: deleting an allocation that is older than its permitted lifetime of 4 frames (age = 6)
Internal: deleting an allocation that is older than its permitted lifetime of 4 frames (age = 6)
Internal: deleting an allocation that is older than its permitted lifetime of 4 frames (age = 5)
Internal: deleting an allocation that is older than its permitted lifetime of 4 frames (age = 6)
Internal: deleting an allocation that is older than its permitted lifetime of 4 frames (age = 6)
Internal: deleting an allocation that is older than its permitted lifetime of 4 frames (age = 5)
Internal: deleting an allocation that is older than its permitted lifetime of 4 frames (age = 5)
Internal: deleting an allocation that is older than its permitted lifetime of 4 frames (age = 5)
Internal: deleting an allocation that is older than its permitted lifetime of 4 frames (age = 5)
Internal: deleting an allocation that is older than its permitted lifetime of 4 frames (age = 5)
Internal: deleting an allocation that is older than its permitted lifetime of 4 frames (age = 5)
Internal: deleting an allocation that is older than its permitted lifetime of 4 frames (age = 5)
Internal: deleting an allocation that is older than its permitted lifetime of 4 frames (age = 5)
Internal: deleting an allocation that is older than its permitted lifetime of 4 frames (age = 5)
Internal: deleting an allocation that is older than its permitted lifetime of 4 frames (age = 5)
Internal: deleting an allocation that is older than its permitted lifetime of 4 frames (age = 5)
Internal: deleting an allocation that is older than its permitted lifetime of 4 frames (age = 5)
Internal: deleting an allocation that is older than its permitted lifetime of 4 frames (age = 5)
Internal: deleting an allocation that is older than its permitted lifetime of 4 frames (age = 5)
Internal: deleting an allocation that is older than its permitted lifetime of 4 frames (age = 5)
Internal: deleting an allocation that is older than its permitted lifetime of 4 frames (age = 5)
Internal: deleting an allocation that is older than its permitted lifetime of 4 frames (age = 5)
Internal: deleting an allocation that is older than its permitted lifetime of 4 frames (age = 6)
Internal: deleting an allocation that is older than its permitted lifetime of 4 frames (age = 6)
Internal: deleting an allocation that is older than its permitted lifetime of 4 frames (age = 6)
Internal: deleting an allocation that is older than its permitted lifetime of 4 frames (age = 6)
Internal: deleting an allocation that is older than its permitted lifetime of 4 frames (age = 6)
Internal: deleting an allocation that is older than its permitted lifetime of 4 frames (age = 6)
Internal: deleting an allocation that is older than its permitted lifetime of 4 frames (age = 5)
Internal: deleting an allocation that is older than its permitted lifetime of 4 frames (age = 5)
Internal: deleting an allocation that is older than its permitted lifetime of 4 frames (age = 5)
Internal: deleting an allocation that is older than its permitted lifetime of 4 frames (age = 5)
Internal: deleting an allocation that is older than its permitted lifetime of 4 frames (age = 5)
Internal: deleting an allocation that is older than its permitted lifetime of 4 frames (age = 5)
Internal: deleting an allocation that is older than its permitted lifetime of 4 frames (age = 5)
Internal: deleting an allocation that is older than its permitted lifetime of 4 frames (age = 5)
Internal: deleting an allocation that is older than its permitted lifetime of 4 frames (age = 5)
Internal: deleting an allocation that is older than its permitted lifetime of 4 frames (age = 5)
Internal: deleting an allocation that is older than its permitted lifetime of 4 frames (age = 5)
Internal: deleting an allocation that is older than its permitted lifetime of 4 frames (age = 5)
Internal: deleting an allocation that is older than its permitted lifetime of 4 frames (age = 5)
Internal: deleting an allocation that is older than its permitted lifetime of 4 frames (age = 5)
Internal: deleting an allocation that is older than its permitted lifetime of 4 frames (age = 6)
Internal: deleting an allocation that is older than its permitted lifetime of 4 frames (age = 6)
Internal: deleting an allocation that is older than its permitted lifetime of 4 frames (age = 6)
Internal: deleting an allocation that is older than its permitted lifetime of 4 frames (age = 6)
Internal: deleting an allocation that is older than its permitted lifetime of 4 frames (age = 6)
Internal: deleting an allocation that is older than its permitted lifetime of 4 frames (age = 6)
Internal: deleting an allocation that is older than its permitted lifetime of 4 frames (age = 5)
Internal: deleting an allocation that is older than its permitted lifetime of 4 frames (age = 5)
Internal: deleting an allocation that is older than its permitted lifetime of 4 frames (age = 5)
Internal: deleting an allocation that is older than its permitted lifetime of 4 frames (age = 5)
Internal: deleting an allocation that is older than its permitted lifetime of 4 frames (age = 5)
Internal: deleting an allocation that is older than its permitted lifetime of 4 frames (age = 5)
Internal: deleting an allocation that is older than its permitted lifetime of 4 frames (age = 6)
Internal: deleting an allocation that is older than its permitted lifetime of 4 frames (age = 6)
Internal: deleting an allocation that is older than its permitted lifetime of 4 frames (age = 6)
Internal: deleting an allocation that is older than its permitted lifetime of 4 frames (age = 5)
Internal: deleting an allocation that is older than its permitted lifetime of 4 frames (age = 6)
Internal: deleting an allocation that is older than its permitted lifetime of 4 frames (age = 6)
Internal: deleting an allocation that is older than its permitted lifetime of 4 frames (age = 5)
Internal: deleting an allocation that is older than its permitted lifetime of 4 frames (age = 5)
Internal: deleting an allocation that is older than its permitted lifetime of 4 frames (age = 5)
Internal: deleting an allocation that is older than its permitted lifetime of 4 frames (age = 5)
Internal: deleting an allocation that is older than its permitted lifetime of 4 frames (age = 5)
Internal: deleting an allocation that is older than its permitted lifetime of 4 frames (age = 5)
Internal: deleting an allocation that is older than its permitted lifetime of 4 frames (age = 5)
Internal: deleting an allocation that is older than its permitted lifetime of 4 frames (age = 5)
Internal: deleting an allocation that is older than its permitted lifetime of 4 frames (age = 5)
Internal: deleting an allocation that is older than its permitted lifetime of 4 frames (age = 5)
Internal: deleting an allocation that is older than its permitted lifetime of 4 frames (age = 5)
Internal: deleting an allocation that is older than its permitted lifetime of 4 frames (age = 6)
Internal: deleting an allocation that is older than its permitted lifetime of 4 frames (age = 6)
Internal: deleting an allocation that is older than its permitted lifetime of 4 frames (age = 6)
Internal: deleting an allocation that is older than its permitted lifetime of 4 frames (age = 6)
Internal: deleting an allocation that is older than its permitted lifetime of 4 frames (age = 6)
Internal: deleting an allocation that is older than its permitted lifetime of 4 frames (age = 6)
Internal: deleting an allocation that is older than its permitted lifetime of 4 frames (age = 5)
Internal: deleting an allocation that is older than its permitted lifetime of 4 frames (age = 5)
Internal: deleting an allocation that is older than its permitted lifetime of 4 frames (age = 5)
Internal: deleting an allocation that is older than its permitted lifetime of 4 frames (age = 5)
Internal: deleting an allocation that is older than its permitted lifetime of 4 frames (age = 5)
Internal: deleting an allocation that is older than its permitted lifetime of 4 frames (age = 5)
Internal: deleting an allocation that is older than its permitted lifetime of 4 frames (age = 5)
Internal: deleting an allocation that is older than its permitted lifetime of 4 frames (age = 5)
Internal: deleting an allocation that is older than its permitted lifetime of 4 frames (age = 5)
Internal: deleting an allocation that is older than its permitted lifetime of 4 frames (age = 5)
Internal: deleting an allocation that is older than its permitted lifetime of 4 frames (age = 5)
Internal: deleting an allocation that is older than its permitted lifetime of 4 frames (age = 5)
Internal: deleting an allocation that is older than its permitted lifetime of 4 frames (age = 6)
Internal: deleting an allocation that is older than its permitted lifetime of 4 frames (age = 6)
Internal: deleting an allocation that is older than its permitted lifetime of 4 frames (age = 6)
Internal: deleting an allocation that is older than its permitted lifetime of 4 frames (age = 6)
Internal: deleting an allocation that is older than its permitted lifetime of 4 frames (age = 6)
Internal: deleting an allocation that is older than its permitted lifetime of 4 frames (age = 6)
Internal: deleting an allocation that is older than its permitted lifetime of 4 frames (age = 5)
Internal: deleting an allocation that is older than its permitted lifetime of 4 frames (age = 5)
Internal: deleting an allocation that is older than its permitted lifetime of 4 frames (age = 5)
Internal: deleting an allocation that is older than its permitted lifetime of 4 frames (age = 5)
Internal: deleting an allocation that is older than its permitted lifetime of 4 frames (age = 5)
Internal: deleting an allocation that is older than its permitted lifetime of 4 frames (age = 5)
Internal: deleting an allocation that is older than its permitted lifetime of 4 frames (age = 5)
Internal: deleting an allocation that is older than its permitted lifetime of 4 frames (age = 5)
Internal: deleting an allocation that is older than its permitted lifetime of 4 frames (age = 5)
Internal: deleting an allocation that is older than its permitted lifetime of 4 frames (age = 5)
Internal: deleting an allocation that is older than its permitted lifetime of 4 frames (age = 5)
Internal: deleting an allocation that is older than its permitted lifetime of 4 frames (age = 5)
Internal: deleting an allocation that is older than its permitted lifetime of 4 frames (age = 5)
Internal: deleting an allocation that is older than its permitted lifetime of 4 frames (age = 5)
Internal: deleting an allocation that is older than its permitted lifetime of 4 frames (age = 5)
Internal: deleting an allocation that is older than its permitted lifetime of 4 frames (age = 5)
Internal: deleting an allocation that is older than its permitted lifetime of 4 frames (age = 5)
Internal: deleting an allocation that is older than its permitted lifetime of 4 frames (age = 5)
Internal: deleting an allocation that is older than its permitted lifetime of 4 frames (age = 5)
Internal: deleting an allocation that is older than its permitted lifetime of 4 frames (age = 5)
Internal: deleting an allocation that is older than its permitted lifetime of 4 frames (age = 5)
Internal: deleting an allocation that is older than its permitted lifetime of 4 frames (age = 5)
Internal: deleting an allocation that is older than its permitted lifetime of 4 frames (age = 5)
Internal: deleting an allocation that is older than its permitted lifetime of 4 frames (age = 5)
Internal: deleting an allocation that is older than its permitted lifetime of 4 frames (age = 5)
Internal: deleting an allocation that is older than its permitted lifetime of 4 frames (age = 5)
Internal: deleting an allocation that is older than its permitted lifetime of 4 frames (age = 5)
Internal: deleting an allocation that is older than its permitted lifetime of 4 frames (age = 5)
Internal: deleting an allocation that is older than its permitted lifetime of 4 frames (age = 5)
Internal: deleting an allocation that is older than its permitted lifetime of 4 frames (age = 5)
Internal: deleting an allocation that is older than its permitted lifetime of 4 frames (age = 5)
Internal: deleting an allocation that is older than its permitted lifetime of 4 frames (age = 5)
Internal: deleting an allocation that is older than its permitted lifetime of 4 frames (age = 5)
Internal: deleting an allocation that is older than its permitted lifetime of 4 frames (age = 5)
Internal: deleting an allocation that is older than its permitted lifetime of 4 frames (age = 6)
Internal: deleting an allocation that is older than its permitted lifetime of 4 frames (age = 6)
Internal: deleting an allocation that is older than its permitted lifetime of 4 frames (age = 6)
Internal: deleting an allocation that is older than its permitted lifetime of 4 frames (age = 6)
Internal: deleting an allocation that is older than its permitted lifetime of 4 frames (age = 6)
Internal: deleting an allocation that is older than its permitted lifetime of 4 frames (age = 6)
Internal: deleting an allocation that is older than its permitted lifetime of 4 frames (age = 5)
Internal: deleting an allocation that is older than its permitted lifetime of 4 frames (age = 5)
Internal: deleting an allocation that is older than its permitted lifetime of 4 frames (age = 5)
Internal: deleting an allocation that is older than its permitted lifetime of 4 frames (age = 5)
Internal: deleting an allocation that is older than its permitted lifetime of 4 frames (age = 5)
Internal: deleting an allocation that is older than its permitted lifetime of 4 frames (age = 5)
Internal: deleting an allocation that is older than its permitted lifetime of 4 frames (age = 6)
Internal: deleting an allocation that is older than its permitted lifetime of 4 frames (age = 6)
Internal: deleting an allocation that is older than its permitted lifetime of 4 frames (age = 6)
Internal: deleting an allocation that is older than its permitted lifetime of 4 frames (age = 6)
Internal: deleting an allocation that is older than its permitted lifetime of 4 frames (age = 6)
Internal: deleting an allocation that is older than its permitted lifetime of 4 frames (age = 6)
Internal: deleting an allocation that is older than its permitted lifetime of 4 frames (age = 5)
Internal: deleting an allocation that is older than its permitted lifetime of 4 frames (age = 5)
Internal: deleting an allocation that is older than its permitted lifetime of 4 frames (age = 5)
Internal: deleting an allocation that is older than its permitted lifetime of 4 frames (age = 5)
Internal: deleting an allocation that is older than its permitted lifetime of 4 frames (age = 5)
Internal: deleting an allocation that is older than its permitted lifetime of 4 frames (age = 5)
Internal: deleting an allocation that is older than its permitted lifetime of 4 frames (age = 6)
Internal: deleting an allocation that is older than its permitted lifetime of 4 frames (age = 6)
Internal: deleting an allocation that is older than its permitted lifetime of 4 frames (age = 6)
Internal: deleting an allocation that is older than its permitted lifetime of 4 frames (age = 6)
Internal: deleting an allocation that is older than its permitted lifetime of 4 frames (age = 6)
Internal: deleting an allocation that is older than its permitted lifetime of 4 frames (age = 6)
Internal: deleting an allocation that is older than its permitted lifetime of 4 frames (age = 5)
Internal: deleting an allocation that is older than its permitted lifetime of 4 frames (age = 5)
Internal: deleting an allocation that is older than its permitted lifetime of 4 frames (age = 5)
Internal: deleting an allocation that is older than its permitted lifetime of 4 frames (age = 5)
Internal: deleting an allocation that is older than its permitted lifetime of 4 frames (age = 5)
Internal: deleting an allocation that is older than its permitted lifetime of 4 frames (age = 5)
Internal: deleting an allocation that is older than its permitted lifetime of 4 frames (age = 6)
Internal: deleting an allocation that is older than its permitted lifetime of 4 frames (age = 6)
Internal: deleting an allocation that is older than its permitted lifetime of 4 frames (age = 6)
Internal: deleting an allocation that is older than its permitted lifetime of 4 frames (age = 6)
Internal: deleting an allocation that is older than its permitted lifetime of 4 frames (age = 6)
Internal: deleting an allocation that is older than its permitted lifetime of 4 frames (age = 6)
Internal: deleting an allocation that is older than its permitted lifetime of 4 frames (age = 5)
Internal: deleting an allocation that is older than its permitted lifetime of 4 frames (age = 5)
Internal: deleting an allocation that is older than its permitted lifetime of 4 frames (age = 5)
Internal: deleting an allocation that is older than its permitted lifetime of 4 frames (age = 5)
Internal: deleting an allocation that is older than its permitted lifetime of 4 frames (age = 5)
Internal: deleting an allocation that is older than its permitted lifetime of 4 frames (age = 5)
Internal: deleting an allocation that is older than its permitted lifetime of 4 frames (age = 5)
Internal: deleting an allocation that is older than its permitted lifetime of 4 frames (age = 5)
Internal: deleting an allocation that is older than its permitted lifetime of 4 frames (age = 5)
Internal: deleting an allocation that is older than its permitted lifetime of 4 frames (age = 5)
Internal: deleting an allocation that is older than its permitted lifetime of 4 frames (age = 5)
Internal: deleting an allocation that is older than its permitted lifetime of 4 frames (age = 6)
Internal: deleting an allocation that is older than its permitted lifetime of 4 frames (age = 6)
Internal: deleting an allocation that is older than its permitted lifetime of 4 frames (age = 5)
Internal: deleting an allocation that is older than its permitted lifetime of 4 frames (age = 6)
Internal: deleting an allocation that is older than its permitted lifetime of 4 frames (age = 6)
Internal: deleting an allocation that is older than its permitted lifetime of 4 frames (age = 5)
Internal: deleting an allocation that is older than its permitted lifetime of 4 frames (age = 5)
Internal: deleting an allocation that is older than its permitted lifetime of 4 frames (age = 5)
Internal: deleting an allocation that is older than its permitted lifetime of 4 frames (age = 5)
Internal: deleting an allocation that is older than its permitted lifetime of 4 frames (age = 5)
Internal: deleting an allocation that is older than its permitted lifetime of 4 frames (age = 5)
Internal: deleting an allocation that is older than its permitted lifetime of 4 frames (age = 5)
Internal: deleting an allocation that is older than its permitted lifetime of 4 frames (age = 5)
Internal: deleting an allocation that is older than its permitted lifetime of 4 frames (age = 5)
Internal: deleting an allocation that is older than its permitted lifetime of 4 frames (age = 5)
Internal: deleting an allocation that is older than its permitted lifetime of 4 frames (age = 5)
Internal: deleting an allocation that is older than its permitted lifetime of 4 frames (age = 5)
Internal: deleting an allocation that is older than its permitted lifetime of 4 frames (age = 5)
Internal: deleting an allocation that is older than its permitted lifetime of 4 frames (age = 5)
Internal: deleting an allocation that is older than its permitted lifetime of 4 frames (age = 5)
Internal: deleting an allocation that is older than its permitted lifetime of 4 frames (age = 5)
Internal: deleting an allocation that is older than its permitted lifetime of 4 frames (age = 5)
Internal: deleting an allocation that is older than its permitted lifetime of 4 frames (age = 5)
Internal: deleting an allocation that is older than its permitted lifetime of 4 frames (age = 5)
Internal: deleting an allocation that is older than its permitted lifetime of 4 frames (age = 5)
Internal: deleting an allocation that is older than its permitted lifetime of 4 frames (age = 5)
Internal: deleting an allocation that is older than its permitted lifetime of 4 frames (age = 5)
Internal: deleting an allocation that is older than its permitted lifetime of 4 frames (age = 5)
Internal: deleting an allocation that is older than its permitted lifetime of 4 frames (age = 5)
Internal: deleting an allocation that is older than its permitted lifetime of 4 frames (age = 6)
Internal: deleting an allocation that is older than its permitted lifetime of 4 frames (age = 6)
Internal: deleting an allocation that is older than its permitted lifetime of 4 frames (age = 6)
Internal: deleting an allocation that is older than its permitted lifetime of 4 frames (age = 6)
Internal: deleting an allocation that is older than its permitted lifetime of 4 frames (age = 6)
Internal: deleting an allocation that is older than its permitted lifetime of 4 frames (age = 6)
Internal: deleting an allocation that is older than its permitted lifetime of 4 frames (age = 5)
Internal: deleting an allocation that is older than its permitted lifetime of 4 frames (age = 5)
Internal: deleting an allocation that is older than its permitted lifetime of 4 frames (age = 5)
Internal: deleting an allocation that is older than its permitted lifetime of 4 frames (age = 5)
Internal: deleting an allocation that is older than its permitted lifetime of 4 frames (age = 5)
Internal: deleting an allocation that is older than its permitted lifetime of 4 frames (age = 5)
Internal: deleting an allocation that is older than its permitted lifetime of 4 frames (age = 6)
Internal: deleting an allocation that is older than its permitted lifetime of 4 frames (age = 6)
Internal: deleting an allocation that is older than its permitted lifetime of 4 frames (age = 6)
Internal: deleting an allocation that is older than its permitted lifetime of 4 frames (age = 6)
Internal: deleting an allocation that is older than its permitted lifetime of 4 frames (age = 6)
Internal: deleting an allocation that is older than its permitted lifetime of 4 frames (age = 6)
Internal: deleting an allocation that is older than its permitted lifetime of 4 frames (age = 5)
Internal: deleting an allocation that is older than its permitted lifetime of 4 frames (age = 5)
Internal: deleting an allocation that is older than its permitted lifetime of 4 frames (age = 5)
Internal: deleting an allocation that is older than its permitted lifetime of 4 frames (age = 5)
Internal: deleting an allocation that is older than its permitted lifetime of 4 frames (age = 5)
Internal: deleting an allocation that is older than its permitted lifetime of 4 frames (age = 5)
Internal: deleting an allocation that is older than its permitted lifetime of 4 frames (age = 6)
Internal: deleting an allocation that is older than its permitted lifetime of 4 frames (age = 6)
Internal: deleting an allocation that is older than its permitted lifetime of 4 frames (age = 6)
Internal: deleting an allocation that is older than its permitted lifetime of 4 frames (age = 6)
Internal: deleting an allocation that is older than its permitted lifetime of 4 frames (age = 6)
Internal: deleting an allocation that is older than its permitted lifetime of 4 frames (age = 6)
Internal: deleting an allocation that is older than its permitted lifetime of 4 frames (age = 5)
Internal: deleting an allocation that is older than its permitted lifetime of 4 frames (age = 5)
Internal: deleting an allocation that is older than its permitted lifetime of 4 frames (age = 5)
Internal: deleting an allocation that is older than its permitted lifetime of 4 frames (age = 5)
Internal: deleting an allocation that is older than its permitted lifetime of 4 frames (age = 5)
Internal: deleting an allocation that is older than its permitted lifetime of 4 frames (age = 5)
Internal: deleting an allocation that is older than its permitted lifetime of 4 frames (age = 5)
Internal: deleting an allocation that is older than its permitted lifetime of 4 frames (age = 5)
Internal: deleting an allocation that is older than its permitted lifetime of 4 frames (age = 5)
Internal: deleting an allocation that is older than its permitted lifetime of 4 frames (age = 5)
Internal: deleting an allocation that is older than its permitted lifetime of 4 frames (age = 6)
Internal: deleting an allocation that is older than its permitted lifetime of 4 frames (age = 6)
Internal: deleting an allocation that is older than its permitted lifetime of 4 frames (age = 6)
Internal: deleting an allocation that is older than its permitted lifetime of 4 frames (age = 6)
Internal: deleting an allocation that is older than its permitted lifetime of 4 frames (age = 6)
Internal: deleting an allocation that is older than its permitted lifetime of 4 frames (age = 6)
Internal: deleting an allocation that is older than its permitted lifetime of 4 frames (age = 5)
Internal: deleting an allocation that is older than its permitted lifetime of 4 frames (age = 5)
Internal: deleting an allocation that is older than its permitted lifetime of 4 frames (age = 5)
Internal: deleting an allocation that is older than its permitted lifetime of 4 frames (age = 5)
Internal: deleting an allocation that is older than its permitted lifetime of 4 frames (age = 5)
Internal: deleting an allocation that is older than its permitted lifetime of 4 frames (age = 5)
Internal: deleting an allocation that is older than its permitted lifetime of 4 frames (age = 6)
Internal: deleting an allocation that is older than its permitted lifetime of 4 frames (age = 6)
Internal: deleting an allocation that is older than its permitted lifetime of 4 frames (age = 6)
Internal: deleting an allocation that is older than its permitted lifetime of 4 frames (age = 6)
Internal: deleting an allocation that is older than its permitted lifetime of 4 frames (age = 6)
Internal: deleting an allocation that is older than its permitted lifetime of 4 frames (age = 6)
Internal: deleting an allocation that is older than its permitted lifetime of 4 frames (age = 5)
Internal: deleting an allocation that is older than its permitted lifetime of 4 frames (age = 5)
Internal: deleting an allocation that is older than its permitted lifetime of 4 frames (age = 5)
Internal: deleting an allocation that is older than its permitted lifetime of 4 frames (age = 5)
Internal: deleting an allocation that is older than its permitted lifetime of 4 frames (age = 5)
Internal: deleting an allocation that is older than its permitted lifetime of 4 frames (age = 6)
Internal: deleting an allocation that is older than its permitted lifetime of 4 frames (age = 6)
Internal: deleting an allocation that is older than its permitted lifetime of 4 frames (age = 5)
Internal: deleting an allocation that is older than its permitted lifetime of 4 frames (age = 6)
Internal: deleting an allocation that is older than its permitted lifetime of 4 frames (age = 6)
Internal: deleting an allocation that is older than its permitted lifetime of 4 frames (age = 5)
Internal: deleting an allocation that is older than its permitted lifetime of 4 frames (age = 5)
Internal: deleting an allocation that is older than its permitted lifetime of 4 frames (age = 5)
Internal: deleting an allocation that is older than its permitted lifetime of 4 frames (age = 5)
Internal: deleting an allocation that is older than its permitted lifetime of 4 frames (age = 5)
Internal: deleting an allocation that is older than its permitted lifetime of 4 frames (age = 5)
Internal: deleting an allocation that is older than its permitted lifetime of 4 frames (age = 6)
Internal: deleting an allocation that is older than its permitted lifetime of 4 frames (age = 6)
Internal: deleting an allocation that is older than its permitted lifetime of 4 frames (age = 6)
Internal: deleting an allocation that is older than its permitted lifetime of 4 frames (age = 6)
Internal: deleting an allocation that is older than its permitted lifetime of 4 frames (age = 6)
Internal: deleting an allocation that is older than its permitted lifetime of 4 frames (age = 6)
Internal: deleting an allocation that is older than its permitted lifetime of 4 frames (age = 5)
Internal: deleting an allocation that is older than its permitted lifetime of 4 frames (age = 5)
Internal: deleting an allocation that is older than its permitted lifetime of 4 frames (age = 5)
Internal: deleting an allocation that is older than its permitted lifetime of 4 frames (age = 5)
Internal: deleting an allocation that is older than its permitted lifetime of 4 frames (age = 5)
Internal: deleting an allocation that is older than its permitted lifetime of 4 frames (age = 5)
Internal: deleting an allocation that is older than its permitted lifetime of 4 frames (age = 6)
Internal: deleting an allocation that is older than its permitted lifetime of 4 frames (age = 6)
Internal: deleting an allocation that is older than its permitted lifetime of 4 frames (age = 6)
Internal: deleting an allocation that is older than its permitted lifetime of 4 frames (age = 6)
Internal: deleting an allocation that is older than its permitted lifetime of 4 frames (age = 6)
Internal: deleting an allocation that is older than its permitted lifetime of 4 frames (age = 6)
Internal: deleting an allocation that is older than its permitted lifetime of 4 frames (age = 5)
Internal: deleting an allocation that is older than its permitted lifetime of 4 frames (age = 5)
Internal: deleting an allocation that is older than its permitted lifetime of 4 frames (age = 5)
Internal: deleting an allocation that is older than its permitted lifetime of 4 frames (age = 5)
Internal: deleting an allocation that is older than its permitted lifetime of 4 frames (age = 5)
Internal: deleting an allocation that is older than its permitted lifetime of 4 frames (age = 5)
Internal: deleting an allocation that is older than its permitted lifetime of 4 frames (age = 6)
Internal: deleting an allocation that is older than its permitted lifetime of 4 frames (age = 6)
Internal: deleting an allocation that is older than its permitted lifetime of 4 frames (age = 6)
Internal: deleting an allocation that is older than its permitted lifetime of 4 frames (age = 6)
Internal: deleting an allocation that is older than its permitted lifetime of 4 frames (age = 6)
Internal: deleting an allocation that is older than its permitted lifetime of 4 frames (age = 6)
Internal: deleting an allocation that is older than its permitted lifetime of 4 frames (age = 5)
Internal: deleting an allocation that is older than its permitted lifetime of 4 frames (age = 5)
Internal: deleting an allocation that is older than its permitted lifetime of 4 frames (age = 5)
Internal: deleting an allocation that is older than its permitted lifetime of 4 frames (age = 5)
Internal: deleting an allocation that is older than its permitted lifetime of 4 frames (age = 5)
Internal: deleting an allocation that is older than its permitted lifetime of 4 frames (age = 5)
Internal: deleting an allocation that is older than its permitted lifetime of 4 frames (age = 5)
Internal: deleting an allocation that is older than its permitted lifetime of 4 frames (age = 6)
Internal: deleting an allocation that is older than its permitted lifetime of 4 frames (age = 6)
Internal: deleting an allocation that is older than its permitted lifetime of 4 frames (age = 5)
Internal: deleting an allocation that is older than its permitted lifetime of 4 frames (age = 6)
Internal: deleting an allocation that is older than its permitted lifetime of 4 frames (age = 6)
Internal: deleting an allocation that is older than its permitted lifetime of 4 frames (age = 5)
Internal: deleting an allocation that is older than its permitted lifetime of 4 frames (age = 5)
Internal: deleting an allocation that is older than its permitted lifetime of 4 frames (age = 5)
Internal: deleting an allocation that is older than its permitted lifetime of 4 frames (age = 5)
Internal: deleting an allocation that is older than its permitted lifetime of 4 frames (age = 5)
Internal: deleting an allocation that is older than its permitted lifetime of 4 frames (age = 5)
Internal: deleting an allocation that is older than its permitted lifetime of 4 frames (age = 5)
Internal: deleting an allocation that is older than its permitted lifetime of 4 frames (age = 5)
Internal: deleting an allocation that is older than its permitted lifetime of 4 frames (age = 6)
Internal: deleting an allocation that is older than its permitted lifetime of 4 frames (age = 6)
Internal: deleting an allocation that is older than its permitted lifetime of 4 frames (age = 6)
Internal: deleting an allocation that is older than its permitted lifetime of 4 frames (age = 6)
Internal: deleting an allocation that is older than its permitted lifetime of 4 frames (age = 6)
Internal: deleting an allocation that is older than its permitted lifetime of 4 frames (age = 6)
Internal: deleting an allocation that is older than its permitted lifetime of 4 frames (age = 5)
Internal: deleting an allocation that is older than its permitted lifetime of 4 frames (age = 5)
Internal: deleting an allocation that is older than its permitted lifetime of 4 frames (age = 5)
Internal: deleting an allocation that is older than its permitted lifetime of 4 frames (age = 5)
Internal: deleting an allocation that is older than its permitted lifetime of 4 frames (age = 5)
Internal: deleting an allocation that is older than its permitted lifetime of 4 frames (age = 5)
Internal: deleting an allocation that is older than its permitted lifetime of 4 frames (age = 6)
Internal: deleting an allocation that is older than its permitted lifetime of 4 frames (age = 6)
Internal: deleting an allocation that is older than its permitted lifetime of 4 frames (age = 6)
Internal: deleting an allocation that is older than its permitted lifetime of 4 frames (age = 6)
Internal: deleting an allocation that is older than its permitted lifetime of 4 frames (age = 6)
Internal: deleting an allocation that is older than its permitted lifetime of 4 frames (age = 6)
Internal: deleting an allocation that is older than its permitted lifetime of 4 frames (age = 5)
Internal: deleting an allocation that is older than its permitted lifetime of 4 frames (age = 5)
Internal: deleting an allocation that is older than its permitted lifetime of 4 frames (age = 5)
Internal: deleting an allocation that is older than its permitted lifetime of 4 frames (age = 5)
Internal: deleting an allocation that is older than its permitted lifetime of 4 frames (age = 5)
Internal: deleting an allocation that is older than its permitted lifetime of 4 frames (age = 5)
Internal: deleting an allocation that is older than its permitted lifetime of 4 frames (age = 5)
Internal: deleting an allocation that is older than its permitted lifetime of 4 frames (age = 5)
Internal: deleting an allocation that is older than its permitted lifetime of 4 frames (age = 5)
Internal: deleting an allocation that is older than its permitted lifetime of 4 frames (age = 5)
Internal: deleting an allocation that is older than its permitted lifetime of 4 frames (age = 5)
Internal: deleting an allocation that is older than its permitted lifetime of 4 frames (age = 5)
Internal: deleting an allocation that is older than its permitted lifetime of 4 frames (age = 6)
Internal: deleting an allocation that is older than its permitted lifetime of 4 frames (age = 6)
Internal: deleting an allocation that is older than its permitted lifetime of 4 frames (age = 6)
Internal: deleting an allocation that is older than its permitted lifetime of 4 frames (age = 6)
Internal: deleting an allocation that is older than its permitted lifetime of 4 frames (age = 6)
Internal: deleting an allocation that is older than its permitted lifetime of 4 frames (age = 6)
Internal: deleting an allocation that is older than its permitted lifetime of 4 frames (age = 5)
Internal: deleting an allocation that is older than its permitted lifetime of 4 frames (age = 5)
Internal: deleting an allocation that is older than its permitted lifetime of 4 frames (age = 5)
Internal: deleting an allocation that is older than its permitted lifetime of 4 frames (age = 5)
Internal: deleting an allocation that is older than its permitted lifetime of 4 frames (age = 5)
Internal: deleting an allocation that is older than its permitted lifetime of 4 frames (age = 5)
Internal: deleting an allocation that is older than its permitted lifetime of 4 frames (age = 5)
Internal: deleting an allocation that is older than its permitted lifetime of 4 frames (age = 5)
Internal: deleting an allocation that is older than its permitted lifetime of 4 frames (age = 5)
Internal: deleting an allocation that is older than its permitted lifetime of 4 frames (age = 5)
Internal: deleting an allocation that is older than its permitted lifetime of 4 frames (age = 5)
Internal: deleting an allocation that is older than its permitted lifetime of 4 frames (age = 5)
Internal: deleting an allocation that is older than its permitted lifetime of 4 frames (age = 6)
Internal: deleting an allocation that is older than its permitted lifetime of 4 frames (age = 6)
Internal: deleting an allocation that is older than its permitted lifetime of 4 frames (age = 6)
Internal: deleting an allocation that is older than its permitted lifetime of 4 frames (age = 5)
Internal: deleting an allocation that is older than its permitted lifetime of 4 frames (age = 6)
Internal: deleting an allocation that is older than its permitted lifetime of 4 frames (age = 6)
Internal: deleting an allocation that is older than its permitted lifetime of 4 frames (age = 5)
Internal: deleting an allocation that is older than its permitted lifetime of 4 frames (age = 5)
Internal: deleting an allocation that is older than its permitted lifetime of 4 frames (age = 5)
Internal: deleting an allocation that is older than its permitted lifetime of 4 frames (age = 5)
Internal: deleting an allocation that is older than its permitted lifetime of 4 frames (age = 5)
Internal: deleting an allocation that is older than its permitted lifetime of 4 frames (age = 5)
Internal: deleting an allocation that is older than its permitted lifetime of 4 frames (age = 5)
Internal: deleting an allocation that is older than its permitted lifetime of 4 frames (age = 5)
Internal: deleting an allocation that is older than its permitted lifetime of 4 frames (age = 5)
Internal: deleting an allocation that is older than its permitted lifetime of 4 frames (age = 5)
Internal: deleting an allocation that is older than its permitted lifetime of 4 frames (age = 5)
Internal: deleting an allocation that is older than its permitted lifetime of 4 frames (age = 5)
Internal: deleting an allocation that is older than its permitted lifetime of 4 frames (age = 5)
Internal: deleting an allocation that is older than its permitted lifetime of 4 frames (age = 5)
Internal: deleting an allocation that is older than its permitted lifetime of 4 frames (age = 5)
Internal: deleting an allocation that is older than its permitted lifetime of 4 frames (age = 5)
Internal: deleting an allocation that is older than its permitted lifetime of 4 frames (age = 5)
Internal: deleting an allocation that is older than its permitted lifetime of 4 frames (age = 5)
Internal: deleting an allocation that is older than its permitted lifetime of 4 frames (age = 5)
Internal: deleting an allocation that is older than its permitted lifetime of 4 frames (age = 5)
Internal: deleting an allocation that is older than its permitted lifetime of 4 frames (age = 5)
Internal: deleting an allocation that is older than its permitted lifetime of 4 frames (age = 5)
Internal: deleting an allocation that is older than its permitted lifetime of 4 frames (age = 5)
Internal: deleting an allocation that is older than its permitted lifetime of 4 frames (age = 5)
Internal: deleting an allocation that is older than its permitted lifetime of 4 frames (age = 5)
Internal: deleting an allocation that is older than its permitted lifetime of 4 frames (age = 5)
Internal: deleting an allocation that is older than its permitted lifetime of 4 frames (age = 5)
Internal: deleting an allocation that is older than its permitted lifetime of 4 frames (age = 5)
Internal: deleting an allocation that is older than its permitted lifetime of 4 frames (age = 5)
Internal: deleting an allocation that is older than its permitted lifetime of 4 frames (age = 5)
Internal: deleting an allocation that is older than its permitted lifetime of 4 frames (age = 5)
Internal: deleting an allocation that is older than its permitted lifetime of 4 frames (age = 5)
Internal: deleting an allocation that is older than its permitted lifetime of 4 frames (age = 5)
Internal: deleting an allocation that is older than its permitted lifetime of 4 frames (age = 5)
Internal: deleting an allocation that is older than its permitted lifetime of 4 frames (age = 6)
Internal: deleting an allocation that is older than its permitted lifetime of 4 frames (age = 6)
Internal: deleting an allocation that is older than its permitted lifetime of 4 frames (age = 6)
Internal: deleting an allocation that is older than its permitted lifetime of 4 frames (age = 6)
Internal: deleting an allocation that is older than its permitted lifetime of 4 frames (age = 6)
Internal: deleting an allocation that is older than its permitted lifetime of 4 frames (age = 5)
Internal: deleting an allocation that is older than its permitted lifetime of 4 frames (age = 5)
Internal: deleting an allocation that is older than its permitted lifetime of 4 frames (age = 5)
Internal: deleting an allocation that is older than its permitted lifetime of 4 frames (age = 5)
Internal: deleting an allocation that is older than its permitted lifetime of 4 frames (age = 5)
Internal: deleting an allocation that is older than its permitted lifetime of 4 frames (age = 5)
Internal: deleting an allocation that is older than its permitted lifetime of 4 frames (age = 5)
Internal: deleting an allocation that is older than its permitted lifetime of 4 frames (age = 5)
Internal: deleting an allocation that is older than its permitted lifetime of 4 frames (age = 5)
Internal: deleting an allocation that is older than its permitted lifetime of 4 frames (age = 5)
Internal: deleting an allocation that is older than its permitted lifetime of 4 frames (age = 5)
Internal: deleting an allocation that is older than its permitted lifetime of 4 frames (age = 5)
Internal: deleting an allocation that is older than its permitted lifetime of 4 frames (age = 5)
Internal: deleting an allocation that is older than its permitted lifetime of 4 frames (age = 5)
Internal: deleting an allocation that is older than its permitted lifetime of 4 frames (age = 5)
Internal: deleting an allocation that is older than its permitted lifetime of 4 frames (age = 5)
Internal: deleting an allocation that is older than its permitted lifetime of 4 frames (age = 5)
Internal: deleting an allocation that is older than its permitted lifetime of 4 frames (age = 5)
Internal: deleting an allocation that is older than its permitted lifetime of 4 frames (age = 5)
Internal: deleting an allocation that is older than its permitted lifetime of 4 frames (age = 5)
Internal: deleting an allocation that is older than its permitted lifetime of 4 frames (age = 5)
Internal: deleting an allocation that is older than its permitted lifetime of 4 frames (age = 5)
Internal: deleting an allocation that is older than its permitted lifetime of 4 frames (age = 5)
Internal: deleting an allocation that is older than its permitted lifetime of 4 frames (age = 5)
Internal: deleting an allocation that is older than its permitted lifetime of 4 frames (age = 5)
Internal: deleting an allocation that is older than its permitted lifetime of 4 frames (age = 5)
Internal: deleting an allocation that is older than its permitted lifetime of 4 frames (age = 5)
Internal: deleting an allocation that is older than its permitted lifetime of 4 frames (age = 5)
Internal: deleting an allocation that is older than its permitted lifetime of 4 frames (age = 5)
Internal: deleting an allocation that is older than its permitted lifetime of 4 frames (age = 6)
Internal: deleting an allocation that is older than its permitted lifetime of 4 frames (age = 6)
Internal: deleting an allocation that is older than its permitted lifetime of 4 frames (age = 6)
Internal: deleting an allocation that is older than its permitted lifetime of 4 frames (age = 6)
Internal: deleting an allocation that is older than its permitted lifetime of 4 frames (age = 6)
Internal: deleting an allocation that is older than its permitted lifetime of 4 frames (age = 6)
Internal: deleting an allocation that is older than its permitted lifetime of 4 frames (age = 5)
Internal: deleting an allocation that is older than its permitted lifetime of 4 frames (age = 5)
Internal: deleting an allocation that is older than its permitted lifetime of 4 frames (age = 5)
Internal: deleting an allocation that is older than its permitted lifetime of 4 frames (age = 5)
Internal: deleting an allocation that is older than its permitted lifetime of 4 frames (age = 5)
Internal: deleting an allocation that is older than its permitted lifetime of 4 frames (age = 5)
Internal: deleting an allocation that is older than its permitted lifetime of 4 frames (age = 6)
Internal: deleting an allocation that is older than its permitted lifetime of 4 frames (age = 6)
Internal: deleting an allocation that is older than its permitted lifetime of 4 frames (age = 6)
Internal: deleting an allocation that is older than its permitted lifetime of 4 frames (age = 6)
Internal: deleting an allocation that is older than its permitted lifetime of 4 frames (age = 6)
Internal: deleting an allocation that is older than its permitted lifetime of 4 frames (age = 6)
Internal: deleting an allocation that is older than its permitted lifetime of 4 frames (age = 5)
Internal: deleting an allocation that is older than its permitted lifetime of 4 frames (age = 5)
Internal: deleting an allocation that is older than its permitted lifetime of 4 frames (age = 5)
Internal: deleting an allocation that is older than its permitted lifetime of 4 frames (age = 5)
Internal: deleting an allocation that is older than its permitted lifetime of 4 frames (age = 5)
Internal: deleting an allocation that is older than its permitted lifetime of 4 frames (age = 5)
Internal: deleting an allocation that is older than its permitted lifetime of 4 frames (age = 5)
Internal: deleting an allocation that is older than its permitted lifetime of 4 frames (age = 5)
Internal: deleting an allocation that is older than its permitted lifetime of 4 frames (age = 5)
Internal: deleting an allocation that is older than its permitted lifetime of 4 frames (age = 5)
Internal: deleting an allocation that is older than its permitted lifetime of 4 frames (age = 5)
Internal: deleting an allocation that is older than its permitted lifetime of 4 frames (age = 5)
Internal: deleting an allocation that is older than its permitted lifetime of 4 frames (age = 5)
Internal: deleting an allocation that is older than its permitted lifetime of 4 frames (age = 5)
Internal: deleting an allocation that is older than its permitted lifetime of 4 frames (age = 5)
Internal: deleting an allocation that is older than its permitted lifetime of 4 frames (age = 5)
Internal: deleting an allocation that is older than its permitted lifetime of 4 frames (age = 5)
Internal: deleting an allocation that is older than its permitted lifetime of 4 frames (age = 5)
Internal: deleting an allocation that is older than its permitted lifetime of 4 frames (age = 6)
Internal: deleting an allocation that is older than its permitted lifetime of 4 frames (age = 6)
Internal: deleting an allocation that is older than its permitted lifetime of 4 frames (age = 6)
Internal: deleting an allocation that is older than its permitted lifetime of 4 frames (age = 6)
Internal: deleting an allocation that is older than its permitted lifetime of 4 frames (age = 6)
Internal: deleting an allocation that is older than its permitted lifetime of 4 frames (age = 6)
Internal: deleting an allocation that is older than its permitted lifetime of 4 frames (age = 5)
Internal: deleting an allocation that is older than its permitted lifetime of 4 frames (age = 5)
Internal: deleting an allocation that is older than its permitted lifetime of 4 frames (age = 5)
Internal: deleting an allocation that is older than its permitted lifetime of 4 frames (age = 5)
Internal: deleting an allocation that is older than its permitted lifetime of 4 frames (age = 5)
Internal: deleting an allocation that is older than its permitted lifetime of 4 frames (age = 5)
Internal: deleting an allocation that is older than its permitted lifetime of 4 frames (age = 6)
Internal: deleting an allocation that is older than its permitted lifetime of 4 frames (age = 6)
Internal: deleting an allocation that is older than its permitted lifetime of 4 frames (age = 6)
Internal: deleting an allocation that is older than its permitted lifetime of 4 frames (age = 6)
Internal: deleting an allocation that is older than its permitted lifetime of 4 frames (age = 6)
Internal: deleting an allocation that is older than its permitted lifetime of 4 frames (age = 6)
Internal: deleting an allocation that is older than its permitted lifetime of 4 frames (age = 5)
Internal: deleting an allocation that is older than its permitted lifetime of 4 frames (age = 5)
Internal: deleting an allocation that is older than its permitted lifetime of 4 frames (age = 5)
Internal: deleting an allocation that is older than its permitted lifetime of 4 frames (age = 5)
Internal: deleting an allocation that is older than its permitted lifetime of 4 frames (age = 5)
Internal: deleting an allocation that is older than its permitted lifetime of 4 frames (age = 5)
Internal: deleting an allocation that is older than its permitted lifetime of 4 frames (age = 6)
Internal: deleting an allocation that is older than its permitted lifetime of 4 frames (age = 6)
Internal: deleting an allocation that is older than its permitted lifetime of 4 frames (age = 6)
Internal: deleting an allocation that is older than its permitted lifetime of 4 frames (age = 6)
Internal: deleting an allocation that is older than its permitted lifetime of 4 frames (age = 6)
Internal: deleting an allocation that is older than its permitted lifetime of 4 frames (age = 6)
Internal: deleting an allocation that is older than its permitted lifetime of 4 frames (age = 5)
Internal: deleting an allocation that is older than its permitted lifetime of 4 frames (age = 5)
Internal: deleting an allocation that is older than its permitted lifetime of 4 frames (age = 5)
Internal: deleting an allocation that is older than its permitted lifetime of 4 frames (age = 5)
Internal: deleting an allocation that is older than its permitted lifetime of 4 frames (age = 5)
Internal: deleting an allocation that is older than its permitted lifetime of 4 frames (age = 5)
Internal: deleting an allocation that is older than its permitted lifetime of 4 frames (age = 5)
Internal: deleting an allocation that is older than its permitted lifetime of 4 frames (age = 5)
Internal: deleting an allocation that is older than its permitted lifetime of 4 frames (age = 5)
Internal: deleting an allocation that is older than its permitted lifetime of 4 frames (age = 6)
Internal: deleting an allocation that is older than its permitted lifetime of 4 frames (age = 6)
Internal: deleting an allocation that is older than its permitted lifetime of 4 frames (age = 6)
Internal: deleting an allocation that is older than its permitted lifetime of 4 frames (age = 6)
Internal: deleting an allocation that is older than its permitted lifetime of 4 frames (age = 6)
Internal: deleting an allocation that is older than its permitted lifetime of 4 frames (age = 6)
Internal: deleting an allocation that is older than its permitted lifetime of 4 frames (age = 5)
Internal: deleting an allocation that is older than its permitted lifetime of 4 frames (age = 5)
Internal: deleting an allocation that is older than its permitted lifetime of 4 frames (age = 5)
Internal: deleting an allocation that is older than its permitted lifetime of 4 frames (age = 5)
Internal: deleting an allocation that is older than its permitted lifetime of 4 frames (age = 5)
Internal: deleting an allocation that is older than its permitted lifetime of 4 frames (age = 5)
Internal: deleting an allocation that is older than its permitted lifetime of 4 frames (age = 5)
Internal: deleting an allocation that is older than its permitted lifetime of 4 frames (age = 5)
Internal: deleting an allocation that is older than its permitted lifetime of 4 frames (age = 5)
Internal: deleting an allocation that is older than its permitted lifetime of 4 frames (age = 5)
Internal: deleting an allocation that is older than its permitted lifetime of 4 frames (age = 5)
Internal: deleting an allocation that is older than its permitted lifetime of 4 frames (age = 5)
Internal: deleting an allocation that is older than its permitted lifetime of 4 frames (age = 5)
Internal: deleting an allocation that is older than its permitted lifetime of 4 frames (age = 5)
Internal: deleting an allocation that is older than its permitted lifetime of 4 frames (age = 5)
Internal: deleting an allocation that is older than its permitted lifetime of 4 frames (age = 5)
Internal: deleting an allocation that is older than its permitted lifetime of 4 frames (age = 5)
Internal: deleting an allocation that is older than its permitted lifetime of 4 frames (age = 5)
Internal: deleting an allocation that is older than its permitted lifetime of 4 frames (age = 5)
Internal: deleting an allocation that is older than its permitted lifetime of 4 frames (age = 5)
Internal: deleting an allocation that is older than its permitted lifetime of 4 frames (age = 5)
Internal: deleting an allocation that is older than its permitted lifetime of 4 frames (age = 5)
Internal: deleting an allocation that is older than its permitted lifetime of 4 frames (age = 5)
Internal: deleting an allocation that is older than its permitted lifetime of 4 frames (age = 5)
Internal: deleting an allocation that is older than its permitted lifetime of 4 frames (age = 5)
Internal: deleting an allocation that is older than its permitted lifetime of 4 frames (age = 5)
Internal: deleting an allocation that is older than its permitted lifetime of 4 frames (age = 5)
Internal: deleting an allocation that is older than its permitted lifetime of 4 frames (age = 5)
Internal: deleting an allocation that is older than its permitted lifetime of 4 frames (age = 5)
Internal: deleting an allocation that is older than its permitted lifetime of 4 frames (age = 5)
Internal: deleting an allocation that is older than its permitted lifetime of 4 frames (age = 5)
Internal: deleting an allocation that is older than its permitted lifetime of 4 frames (age = 5)
Internal: deleting an allocation that is older than its permitted lifetime of 4 frames (age = 5)
Internal: deleting an allocation that is older than its permitted lifetime of 4 frames (age = 5)
Internal: deleting an allocation that is older than its permitted lifetime of 4 frames (age = 5)
Internal: deleting an allocation that is older than its permitted lifetime of 4 frames (age = 5)
Internal: deleting an allocation that is older than its permitted lifetime of 4 frames (age = 5)
Internal: deleting an allocation that is older than its permitted lifetime of 4 frames (age = 6)
Internal: deleting an allocation that is older than its permitted lifetime of 4 frames (age = 6)
Internal: deleting an allocation that is older than its permitted lifetime of 4 frames (age = 6)
Internal: deleting an allocation that is older than its permitted lifetime of 4 frames (age = 6)
Internal: deleting an allocation that is older than its permitted lifetime of 4 frames (age = 6)
Internal: deleting an allocation that is older than its permitted lifetime of 4 frames (age = 5)
Internal: deleting an allocation that is older than its permitted lifetime of 4 frames (age = 5)
Internal: deleting an allocation that is older than its permitted lifetime of 4 frames (age = 5)
Internal: deleting an allocation that is older than its permitted lifetime of 4 frames (age = 5)
Internal: deleting an allocation that is older than its permitted lifetime of 4 frames (age = 5)
Internal: deleting an allocation that is older than its permitted lifetime of 4 frames (age = 6)
Internal: deleting an allocation that is older than its permitted lifetime of 4 frames (age = 6)
Internal: deleting an allocation that is older than its permitted lifetime of 4 frames (age = 6)
Internal: deleting an allocation that is older than its permitted lifetime of 4 frames (age = 5)
Internal: deleting an allocation that is older than its permitted lifetime of 4 frames (age = 6)
Internal: deleting an allocation that is older than its permitted lifetime of 4 frames (age = 6)
Internal: deleting an allocation that is older than its permitted lifetime of 4 frames (age = 5)
Internal: deleting an allocation that is older than its permitted lifetime of 4 frames (age = 5)
Internal: deleting an allocation that is older than its permitted lifetime of 4 frames (age = 5)
Internal: deleting an allocation that is older than its permitted lifetime of 4 frames (age = 5)
Internal: deleting an allocation that is older than its permitted lifetime of 4 frames (age = 5)
Internal: deleting an allocation that is older than its permitted lifetime of 4 frames (age = 6)
Internal: deleting an allocation that is older than its permitted lifetime of 4 frames (age = 6)
Internal: deleting an allocation that is older than its permitted lifetime of 4 frames (age = 6)
Internal: deleting an allocation that is older than its permitted lifetime of 4 frames (age = 5)
Internal: deleting an allocation that is older than its permitted lifetime of 4 frames (age = 6)
Internal: deleting an allocation that is older than its permitted lifetime of 4 frames (age = 6)
Internal: deleting an allocation that is older than its permitted lifetime of 4 frames (age = 5)
Internal: deleting an allocation that is older than its permitted lifetime of 4 frames (age = 5)
Internal: deleting an allocation that is older than its permitted lifetime of 4 frames (age = 5)
Internal: deleting an allocation that is older than its permitted lifetime of 4 frames (age = 5)
Internal: deleting an allocation that is older than its permitted lifetime of 4 frames (age = 5)
Internal: deleting an allocation that is older than its permitted lifetime of 4 frames (age = 6)
Internal: deleting an allocation that is older than its permitted lifetime of 4 frames (age = 6)
Internal: deleting an allocation that is older than its permitted lifetime of 4 frames (age = 6)
Internal: deleting an allocation that is older than its permitted lifetime of 4 frames (age = 6)
Internal: deleting an allocation that is older than its permitted lifetime of 4 frames (age = 6)
Internal: deleting an allocation that is older than its permitted lifetime of 4 frames (age = 6)
Internal: deleting an allocation that is older than its permitted lifetime of 4 frames (age = 5)
Internal: deleting an allocation that is older than its permitted lifetime of 4 frames (age = 5)
Internal: deleting an allocation that is older than its permitted lifetime of 4 frames (age = 5)
Internal: deleting an allocation that is older than its permitted lifetime of 4 frames (age = 5)
Internal: deleting an allocation that is older than its permitted lifetime of 4 frames (age = 5)
Internal: deleting an allocation that is older than its permitted lifetime of 4 frames (age = 5)
Internal: deleting an allocation that is older than its permitted lifetime of 4 frames (age = 5)
Internal: deleting an allocation that is older than its permitted lifetime of 4 frames (age = 5)
Internal: deleting an allocation that is older than its permitted lifetime of 4 frames (age = 5)
Internal: deleting an allocation that is older than its permitted lifetime of 4 frames (age = 5)
Internal: deleting an allocation that is older than its permitted lifetime of 4 frames (age = 5)
Internal: deleting an allocation that is older than its permitted lifetime of 4 frames (age = 5)
Internal: deleting an allocation that is older than its permitted lifetime of 4 frames (age = 5)
Internal: deleting an allocation that is older than its permitted lifetime of 4 frames (age = 5)
Internal: deleting an allocation that is older than its permitted lifetime of 4 frames (age = 5)
Internal: deleting an allocation that is older than its permitted lifetime of 4 frames (age = 5)
Internal: deleting an allocation that is older than its permitted lifetime of 4 frames (age = 5)
Internal: deleting an allocation that is older than its permitted lifetime of 4 frames (age = 5)
Internal: deleting an allocation that is older than its permitted lifetime of 4 frames (age = 5)
Internal: deleting an allocation that is older than its permitted lifetime of 4 frames (age = 5)
Internal: deleting an allocation that is older than its permitted lifetime of 4 frames (age = 5)
Internal: deleting an allocation that is older than its permitted lifetime of 4 frames (age = 5)
Internal: deleting an allocation that is older than its permitted lifetime of 4 frames (age = 5)
Internal: deleting an allocation that is older than its permitted lifetime of 4 frames (age = 5)
Internal: deleting an allocation that is older than its permitted lifetime of 4 frames (age = 5)
Internal: deleting an allocation that is older than its permitted lifetime of 4 frames (age = 5)
Internal: deleting an allocation that is older than its permitted lifetime of 4 frames (age = 5)
Internal: deleting an allocation that is older than its permitted lifetime of 4 frames (age = 5)
Internal: deleting an allocation that is older than its permitted lifetime of 4 frames (age = 5)
Internal: deleting an allocation that is older than its permitted lifetime of 4 frames (age = 5)
Internal: deleting an allocation that is older than its permitted lifetime of 4 frames (age = 5)
Internal: deleting an allocation that is older than its permitted lifetime of 4 frames (age = 5)
Internal: deleting an allocation that is older than its permitted lifetime of 4 frames (age = 5)
Internal: deleting an allocation that is older than its permitted lifetime of 4 frames (age = 5)
Internal: deleting an allocation that is older than its permitted lifetime of 4 frames (age = 6)
Internal: deleting an allocation that is older than its permitted lifetime of 4 frames (age = 6)
Internal: deleting an allocation that is older than its permitted lifetime of 4 frames (age = 6)
Internal: deleting an allocation that is older than its permitted lifetime of 4 frames (age = 6)
Internal: deleting an allocation that is older than its permitted lifetime of 4 frames (age = 6)
Internal: deleting an allocation that is older than its permitted lifetime of 4 frames (age = 6)
Internal: deleting an allocation that is older than its permitted lifetime of 4 frames (age = 5)
Internal: deleting an allocation that is older than its permitted lifetime of 4 frames (age = 5)
Internal: deleting an allocation that is older than its permitted lifetime of 4 frames (age = 5)
Internal: deleting an allocation that is older than its permitted lifetime of 4 frames (age = 5)
Internal: deleting an allocation that is older than its permitted lifetime of 4 frames (age = 5)
Internal: deleting an allocation that is older than its permitted lifetime of 4 frames (age = 5)
Internal: deleting an allocation that is older than its permitted lifetime of 4 frames (age = 5)
Internal: deleting an allocation that is older than its permitted lifetime of 4 frames (age = 5)
Internal: deleting an allocation that is older than its permitted lifetime of 4 frames (age = 5)
Internal: deleting an allocation that is older than its permitted lifetime of 4 frames (age = 5)
Internal: deleting an allocation that is older than its permitted lifetime of 4 frames (age = 5)
Internal: deleting an allocation that is older than its permitted lifetime of 4 frames (age = 5)
Internal: deleting an allocation that is older than its permitted lifetime of 4 frames (age = 5)
Internal: deleting an allocation that is older than its permitted lifetime of 4 frames (age = 5)
Internal: deleting an allocation that is older than its permitted lifetime of 4 frames (age = 5)
Internal: deleting an allocation that is older than its permitted lifetime of 4 frames (age = 5)
Internal: deleting an allocation that is older than its permitted lifetime of 4 frames (age = 5)
Internal: deleting an allocation that is older than its permitted lifetime of 4 frames (age = 6)
Internal: deleting an allocation that is older than its permitted lifetime of 4 frames (age = 6)
Internal: deleting an allocation that is older than its permitted lifetime of 4 frames (age = 6)
Internal: deleting an allocation that is older than its permitted lifetime of 4 frames (age = 6)
Internal: deleting an allocation that is older than its permitted lifetime of 4 frames (age = 6)
Internal: deleting an allocation that is older than its permitted lifetime of 4 frames (age = 6)
Internal: deleting an allocation that is older than its permitted lifetime of 4 frames (age = 5)
Internal: deleting an allocation that is older than its permitted lifetime of 4 frames (age = 5)
Internal: deleting an allocation that is older than its permitted lifetime of 4 frames (age = 5)
Internal: deleting an allocation that is older than its permitted lifetime of 4 frames (age = 5)
Internal: deleting an allocation that is older than its permitted lifetime of 4 frames (age = 5)
Internal: deleting an allocation that is older than its permitted lifetime of 4 frames (age = 5)
Internal: deleting an allocation that is older than its permitted lifetime of 4 frames (age = 6)
Internal: deleting an allocation that is older than its permitted lifetime of 4 frames (age = 6)
Internal: deleting an allocation that is older than its permitted lifetime of 4 frames (age = 6)
Internal: deleting an allocation that is older than its permitted lifetime of 4 frames (age = 6)
Internal: deleting an allocation that is older than its permitted lifetime of 4 frames (age = 6)
Internal: deleting an allocation that is older than its permitted lifetime of 4 frames (age = 6)
Internal: deleting an allocation that is older than its permitted lifetime of 4 frames (age = 5)
Internal: deleting an allocation that is older than its permitted lifetime of 4 frames (age = 5)
Internal: deleting an allocation that is older than its permitted lifetime of 4 frames (age = 5)
Internal: deleting an allocation that is older than its permitted lifetime of 4 frames (age = 5)
Internal: deleting an allocation that is older than its permitted lifetime of 4 frames (age = 5)
Internal: deleting an allocation that is older than its permitted lifetime of 4 frames (age = 5)
Internal: deleting an allocation that is older than its permitted lifetime of 4 frames (age = 6)
Internal: deleting an allocation that is older than its permitted lifetime of 4 frames (age = 6)
Internal: deleting an allocation that is older than its permitted lifetime of 4 frames (age = 6)
Internal: deleting an allocation that is older than its permitted lifetime of 4 frames (age = 6)
Internal: deleting an allocation that is older than its permitted lifetime of 4 frames (age = 6)
Internal: deleting an allocation that is older than its permitted lifetime of 4 frames (age = 6)
Internal: deleting an allocation that is older than its permitted lifetime of 4 frames (age = 5)
Internal: deleting an allocation that is older than its permitted lifetime of 4 frames (age = 5)
Internal: deleting an allocation that is older than its permitted lifetime of 4 frames (age = 5)
Internal: deleting an allocation that is older than its permitted lifetime of 4 frames (age = 5)
Internal: deleting an allocation that is older than its permitted lifetime of 4 frames (age = 5)
Internal: deleting an allocation that is older than its permitted lifetime of 4 frames (age = 5)
Internal: deleting an allocation that is older than its permitted lifetime of 4 frames (age = 6)
Internal: deleting an allocation that is older than its permitted lifetime of 4 frames (age = 6)
Internal: deleting an allocation that is older than its permitted lifetime of 4 frames (age = 6)
Internal: deleting an allocation that is older than its permitted lifetime of 4 frames (age = 6)
Internal: deleting an allocation that is older than its permitted lifetime of 4 frames (age = 6)
Internal: deleting an allocation that is older than its permitted lifetime of 4 frames (age = 6)
Internal: deleting an allocation that is older than its permitted lifetime of 4 frames (age = 5)
Internal: deleting an allocation that is older than its permitted lifetime of 4 frames (age = 5)
Internal: deleting an allocation that is older than its permitted lifetime of 4 frames (age = 5)
Internal: deleting an allocation that is older than its permitted lifetime of 4 frames (age = 5)
Internal: deleting an allocation that is older than its permitted lifetime of 4 frames (age = 5)
Internal: deleting an allocation that is older than its permitted lifetime of 4 frames (age = 5)
Internal: deleting an allocation that is older than its permitted lifetime of 4 frames (age = 6)
Internal: deleting an allocation that is older than its permitted lifetime of 4 frames (age = 6)
Internal: deleting an allocation that is older than its permitted lifetime of 4 frames (age = 6)
Internal: deleting an allocation that is older than its permitted lifetime of 4 frames (age = 5)
Internal: deleting an allocation that is older than its permitted lifetime of 4 frames (age = 6)
Internal: deleting an allocation that is older than its permitted lifetime of 4 frames (age = 6)
Internal: deleting an allocation that is older than its permitted lifetime of 4 frames (age = 5)
Internal: deleting an allocation that is older than its permitted lifetime of 4 frames (age = 5)
Internal: deleting an allocation that is older than its permitted lifetime of 4 frames (age = 5)
Internal: deleting an allocation that is older than its permitted lifetime of 4 frames (age = 5)
Internal: deleting an allocation that is older than its permitted lifetime of 4 frames (age = 5)
Internal: deleting an allocation that is older than its permitted lifetime of 4 frames (age = 5)
Internal: deleting an allocation that is older than its permitted lifetime of 4 frames (age = 6)
Internal: deleting an allocation that is older than its permitted lifetime of 4 frames (age = 6)
Internal: deleting an allocation that is older than its permitted lifetime of 4 frames (age = 6)
Internal: deleting an allocation that is older than its permitted lifetime of 4 frames (age = 6)
Internal: deleting an allocation that is older than its permitted lifetime of 4 frames (age = 6)
Internal: deleting an allocation that is older than its permitted lifetime of 4 frames (age = 6)
Internal: deleting an allocation that is older than its permitted lifetime of 4 frames (age = 5)
Internal: deleting an allocation that is older than its permitted lifetime of 4 frames (age = 5)
Internal: deleting an allocation that is older than its permitted lifetime of 4 frames (age = 5)
Internal: deleting an allocation that is older than its permitted lifetime of 4 frames (age = 5)
Internal: deleting an allocation that is older than its permitted lifetime of 4 frames (age = 5)
Internal: deleting an allocation that is older than its permitted lifetime of 4 frames (age = 5)
Internal: deleting an allocation that is older than its permitted lifetime of 4 frames (age = 6)
Internal: deleting an allocation that is older than its permitted lifetime of 4 frames (age = 6)
Internal: deleting an allocation that is older than its permitted lifetime of 4 frames (age = 6)
Internal: deleting an allocation that is older than its permitted lifetime of 4 frames (age = 6)
Internal: deleting an allocation that is older than its permitted lifetime of 4 frames (age = 6)
Internal: deleting an allocation that is older than its permitted lifetime of 4 frames (age = 6)
Internal: deleting an allocation that is older than its permitted lifetime of 4 frames (age = 5)
Internal: deleting an allocation that is older than its permitted lifetime of 4 frames (age = 5)
Internal: deleting an allocation that is older than its permitted lifetime of 4 frames (age = 5)
Internal: deleting an allocation that is older than its permitted lifetime of 4 frames (age = 5)
Internal: deleting an allocation that is older than its permitted lifetime of 4 frames (age = 5)
Internal: deleting an allocation that is older than its permitted lifetime of 4 frames (age = 6)
Internal: deleting an allocation that is older than its permitted lifetime of 4 frames (age = 6)
Internal: deleting an allocation that is older than its permitted lifetime of 4 frames (age = 6)
Internal: deleting an allocation that is older than its permitted lifetime of 4 frames (age = 5)
Internal: deleting an allocation that is older than its permitted lifetime of 4 frames (age = 6)
Internal: deleting an allocation that is older than its permitted lifetime of 4 frames (age = 6)
Internal: deleting an allocation that is older than its permitted lifetime of 4 frames (age = 5)
Internal: deleting an allocation that is older than its permitted lifetime of 4 frames (age = 5)
Internal: deleting an allocation that is older than its permitted lifetime of 4 frames (age = 5)
Internal: deleting an allocation that is older than its permitted lifetime of 4 frames (age = 5)
Internal: deleting an allocation that is older than its permitted lifetime of 4 frames (age = 5)
Internal: deleting an allocation that is older than its permitted lifetime of 4 frames (age = 6)
Internal: deleting an allocation that is older than its permitted lifetime of 4 frames (age = 6)
Internal: deleting an allocation that is older than its permitted lifetime of 4 frames (age = 6)
Internal: deleting an allocation that is older than its permitted lifetime of 4 frames (age = 5)
Internal: deleting an allocation that is older than its permitted lifetime of 4 frames (age = 6)
Internal: deleting an allocation that is older than its permitted lifetime of 4 frames (age = 6)
Internal: deleting an allocation that is older than its permitted lifetime of 4 frames (age = 5)
Internal: deleting an allocation that is older than its permitted lifetime of 4 frames (age = 5)
Internal: deleting an allocation that is older than its permitted lifetime of 4 frames (age = 5)
Internal: deleting an allocation that is older than its permitted lifetime of 4 frames (age = 5)
Internal: deleting an allocation that is older than its permitted lifetime of 4 frames (age = 5)
Internal: deleting an allocation that is older than its permitted lifetime of 4 frames (age = 6)
Internal: deleting an allocation that is older than its permitted lifetime of 4 frames (age = 6)
Internal: deleting an allocation that is older than its permitted lifetime of 4 frames (age = 6)
Internal: deleting an allocation that is older than its permitted lifetime of 4 frames (age = 6)
Internal: deleting an allocation that is older than its permitted lifetime of 4 frames (age = 6)
Internal: deleting an allocation that is older than its permitted lifetime of 4 frames (age = 6)
Internal: deleting an allocation that is older than its permitted lifetime of 4 frames (age = 5)
Internal: deleting an allocation that is older than its permitted lifetime of 4 frames (age = 5)
Internal: deleting an allocation that is older than its permitted lifetime of 4 frames (age = 5)
Internal: deleting an allocation that is older than its permitted lifetime of 4 frames (age = 5)
Internal: deleting an allocation that is older than its permitted lifetime of 4 frames (age = 5)
Internal: deleting an allocation that is older than its permitted lifetime of 4 frames (age = 5)
Internal: deleting an allocation that is older than its permitted lifetime of 4 frames (age = 5)
Internal: deleting an allocation that is older than its permitted lifetime of 4 frames (age = 5)
Internal: deleting an allocation that is older than its permitted lifetime of 4 frames (age = 5)
Internal: deleting an allocation that is older than its permitted lifetime of 4 frames (age = 5)
Internal: deleting an allocation that is older than its permitted lifetime of 4 frames (age = 5)
Internal: deleting an allocation that is older than its permitted lifetime of 4 frames (age = 5)
Internal: deleting an allocation that is older than its permitted lifetime of 4 frames (age = 5)
Internal: deleting an allocation that is older than its permitted lifetime of 4 frames (age = 5)
Internal: deleting an allocation that is older than its permitted lifetime of 4 frames (age = 5)
Internal: deleting an allocation that is older than its permitted lifetime of 4 frames (age = 5)
Internal: deleting an allocation that is older than its permitted lifetime of 4 frames (age = 5)
Internal: deleting an allocation that is older than its permitted lifetime of 4 frames (age = 5)
Internal: deleting an allocation that is older than its permitted lifetime of 4 frames (age = 5)
Internal: deleting an allocation that is older than its permitted lifetime of 4 frames (age = 5)
Internal: deleting an allocation that is older than its permitted lifetime of 4 frames (age = 5)
Internal: deleting an allocation that is older than its permitted lifetime of 4 frames (age = 5)
Internal: deleting an allocation that is older than its permitted lifetime of 4 frames (age = 5)
Internal: deleting an allocation that is older than its permitted lifetime of 4 frames (age = 5)
Internal: deleting an allocation that is older than its permitted lifetime of 4 frames (age = 5)
Internal: deleting an allocation that is older than its permitted lifetime of 4 frames (age = 5)
Internal: deleting an allocation that is older than its permitted lifetime of 4 frames (age = 5)
Internal: deleting an allocation that is older than its permitted lifetime of 4 frames (age = 5)
Internal: deleting an allocation that is older than its permitted lifetime of 4 frames (age = 5)
Internal: deleting an allocation that is older than its permitted lifetime of 4 frames (age = 5)
Internal: deleting an allocation that is older than its permitted lifetime of 4 frames (age = 6)
Internal: deleting an allocation that is older than its permitted lifetime of 4 frames (age = 6)
Internal: deleting an allocation that is older than its permitted lifetime of 4 frames (age = 6)
Internal: deleting an allocation that is older than its permitted lifetime of 4 frames (age = 5)
Internal: deleting an allocation that is older than its permitted lifetime of 4 frames (age = 6)
Internal: deleting an allocation that is older than its permitted lifetime of 4 frames (age = 6)
Internal: deleting an allocation that is older than its permitted lifetime of 4 frames (age = 5)
Internal: deleting an allocation that is older than its permitted lifetime of 4 frames (age = 5)
Internal: deleting an allocation that is older than its permitted lifetime of 4 frames (age = 5)
Internal: deleting an allocation that is older than its permitted lifetime of 4 frames (age = 5)
Internal: deleting an allocation that is older than its permitted lifetime of 4 frames (age = 5)
Internal: deleting an allocation that is older than its permitted lifetime of 4 frames (age = 5)
Internal: deleting an allocation that is older than its permitted lifetime of 4 frames (age = 5)
Internal: deleting an allocation that is older than its permitted lifetime of 4 frames (age = 5)
Internal: deleting an allocation that is older than its permitted lifetime of 4 frames (age = 5)
Internal: deleting an allocation that is older than its permitted lifetime of 4 frames (age = 5)
Internal: deleting an allocation that is older than its permitted lifetime of 4 frames (age = 5)
Internal: deleting an allocation that is older than its permitted lifetime of 4 frames (age = 5)
Internal: deleting an allocation that is older than its permitted lifetime of 4 frames (age = 5)
Internal: deleting an allocation that is older than its permitted lifetime of 4 frames (age = 5)
Internal: deleting an allocation that is older than its permitted lifetime of 4 frames (age = 5)
Internal: deleting an allocation that is older than its permitted lifetime of 4 frames (age = 5)
Internal: deleting an allocation that is older than its permitted lifetime of 4 frames (age = 5)
Internal: deleting an allocation that is older than its permitted lifetime of 4 frames (age = 6)
Internal: deleting an allocation that is older than its permitted lifetime of 4 frames (age = 6)
Internal: deleting an allocation that is older than its permitted lifetime of 4 frames (age = 6)
Internal: deleting an allocation that is older than its permitted lifetime of 4 frames (age = 6)
Internal: deleting an allocation that is older than its permitted lifetime of 4 frames (age = 6)
Internal: deleting an allocation that is older than its permitted lifetime of 4 frames (age = 6)
Internal: deleting an allocation that is older than its permitted lifetime of 4 frames (age = 5)
Internal: deleting an allocation that is older than its permitted lifetime of 4 frames (age = 5)
Internal: deleting an allocation that is older than its permitted lifetime of 4 frames (age = 5)
Internal: deleting an allocation that is older than its permitted lifetime of 4 frames (age = 5)
Internal: deleting an allocation that is older than its permitted lifetime of 4 frames (age = 5)
Internal: deleting an allocation that is older than its permitted lifetime of 4 frames (age = 5)
Internal: deleting an allocation that is older than its permitted lifetime of 4 frames (age = 5)
Internal: deleting an allocation that is older than its permitted lifetime of 4 frames (age = 5)
Internal: deleting an allocation that is older than its permitted lifetime of 4 frames (age = 5)
Internal: deleting an allocation that is older than its permitted lifetime of 4 frames (age = 5)
Internal: deleting an allocation that is older than its permitted lifetime of 4 frames (age = 5)
Internal: deleting an allocation that is older than its permitted lifetime of 4 frames (age = 5)
Internal: deleting an allocation that is older than its permitted lifetime of 4 frames (age = 5)
Internal: deleting an allocation that is older than its permitted lifetime of 4 frames (age = 5)
Internal: deleting an allocation that is older than its permitted lifetime of 4 frames (age = 5)
Internal: deleting an allocation that is older than its permitted lifetime of 4 frames (age = 5)
Internal: deleting an allocation that is older than its permitted lifetime of 4 frames (age = 5)
Internal: deleting an allocation that is older than its permitted lifetime of 4 frames (age = 5)
Internal: deleting an allocation that is older than its permitted lifetime of 4 frames (age = 5)
Internal: deleting an allocation that is older than its permitted lifetime of 4 frames (age = 5)
Internal: deleting an allocation that is older than its permitted lifetime of 4 frames (age = 5)
Internal: deleting an allocation that is older than its permitted lifetime of 4 frames (age = 5)
Internal: deleting an allocation that is older than its permitted lifetime of 4 frames (age = 5)
Internal: deleting an allocation that is older than its permitted lifetime of 4 frames (age = 5)
Internal: deleting an allocation that is older than its permitted lifetime of 4 frames (age = 5)
Internal: deleting an allocation that is older than its permitted lifetime of 4 frames (age = 5)
Internal: deleting an allocation that is older than its permitted lifetime of 4 frames (age = 5)
Internal: deleting an allocation that is older than its permitted lifetime of 4 frames (age = 5)
Internal: deleting an allocation that is older than its permitted lifetime of 4 frames (age = 5)
Internal: deleting an allocation that is older than its permitted lifetime of 4 frames (age = 5)
Internal: deleting an allocation that is older than its permitted lifetime of 4 frames (age = 5)
Internal: deleting an allocation that is older than its permitted lifetime of 4 frames (age = 5)
Internal: deleting an allocation that is older than its permitted lifetime of 4 frames (age = 5)
Internal: deleting an allocation that is older than its permitted lifetime of 4 frames (age = 5)
Internal: deleting an allocation that is older than its permitted lifetime of 4 frames (age = 5)
Internal: deleting an allocation that is older than its permitted lifetime of 4 frames (age = 5)
Internal: deleting an allocation that is older than its permitted lifetime of 4 frames (age = 5)
Internal: deleting an allocation that is older than its permitted lifetime of 4 frames (age = 5)
Internal: deleting an allocation that is older than its permitted lifetime of 4 frames (age = 5)
Internal: deleting an allocation that is older than its permitted lifetime of 4 frames (age = 5)
Internal: deleting an allocation that is older than its permitted lifetime of 4 frames (age = 5)
Internal: deleting an allocation that is older than its permitted lifetime of 4 frames (age = 5)
Internal: deleting an allocation that is older than its permitted lifetime of 4 frames (age = 5)
Internal: deleting an allocation that is older than its permitted lifetime of 4 frames (age = 5)
Internal: deleting an allocation that is older than its permitted lifetime of 4 frames (age = 5)
Internal: deleting an allocation that is older than its permitted lifetime of 4 frames (age = 5)
Internal: deleting an allocation that is older than its permitted lifetime of 4 frames (age = 5)
Internal: deleting an allocation that is older than its permitted lifetime of 4 frames (age = 5)
Internal: deleting an allocation that is older than its permitted lifetime of 4 frames (age = 5)
Internal: deleting an allocation that is older than its permitted lifetime of 4 frames (age = 5)
Internal: deleting an allocation that is older than its permitted lifetime of 4 frames (age = 5)
Internal: deleting an allocation that is older than its permitted lifetime of 4 frames (age = 5)
Internal: deleting an allocation that is older than its permitted lifetime of 4 frames (age = 5)
Internal: deleting an allocation that is older than its permitted lifetime of 4 frames (age = 6)
Internal: deleting an allocation that is older than its permitted lifetime of 4 frames (age = 6)
Internal: deleting an allocation that is older than its permitted lifetime of 4 frames (age = 6)
Internal: deleting an allocation that is older than its permitted lifetime of 4 frames (age = 6)
Internal: deleting an allocation that is older than its permitted lifetime of 4 frames (age = 6)
Internal: deleting an allocation that is older than its permitted lifetime of 4 frames (age = 6)
Internal: deleting an allocation that is older than its permitted lifetime of 4 frames (age = 5)
Internal: deleting an allocation that is older than its permitted lifetime of 4 frames (age = 5)
Internal: deleting an allocation that is older than its permitted lifetime of 4 frames (age = 5)
Internal: deleting an allocation that is older than its permitted lifetime of 4 frames (age = 5)
Internal: deleting an allocation that is older than its permitted lifetime of 4 frames (age = 5)
Internal: deleting an allocation that is older than its permitted lifetime of 4 frames (age = 5)
Internal: deleting an allocation that is older than its permitted lifetime of 4 frames (age = 6)
Internal: deleting an allocation that is older than its permitted lifetime of 4 frames (age = 6)
Internal: deleting an allocation that is older than its permitted lifetime of 4 frames (age = 6)
Internal: deleting an allocation that is older than its permitted lifetime of 4 frames (age = 5)
Internal: deleting an allocation that is older than its permitted lifetime of 4 frames (age = 6)
Internal: deleting an allocation that is older than its permitted lifetime of 4 frames (age = 6)
Internal: deleting an allocation that is older than its permitted lifetime of 4 frames (age = 5)
Internal: deleting an allocation that is older than its permitted lifetime of 4 frames (age = 5)
Internal: deleting an allocation that is older than its permitted lifetime of 4 frames (age = 5)
Internal: deleting an allocation that is older than its permitted lifetime of 4 frames (age = 5)
Internal: deleting an allocation that is older than its permitted lifetime of 4 frames (age = 5)
Internal: deleting an allocation that is older than its permitted lifetime of 4 frames (age = 6)
Internal: deleting an allocation that is older than its permitted lifetime of 4 frames (age = 6)
Internal: deleting an allocation that is older than its permitted lifetime of 4 frames (age = 6)
Internal: deleting an allocation that is older than its permitted lifetime of 4 frames (age = 6)
Internal: deleting an allocation that is older than its permitted lifetime of 4 frames (age = 6)
Internal: deleting an allocation that is older than its permitted lifetime of 4 frames (age = 6)
Internal: deleting an allocation that is older than its permitted lifetime of 4 frames (age = 5)
Internal: deleting an allocation that is older than its permitted lifetime of 4 frames (age = 5)
Internal: deleting an allocation that is older than its permitted lifetime of 4 frames (age = 5)
Internal: deleting an allocation that is older than its permitted lifetime of 4 frames (age = 5)
Internal: deleting an allocation that is older than its permitted lifetime of 4 frames (age = 5)
Internal: deleting an allocation that is older than its permitted lifetime of 4 frames (age = 5)
Internal: deleting an allocation that is older than its permitted lifetime of 4 frames (age = 5)
Internal: deleting an allocation that is older than its permitted lifetime of 4 frames (age = 5)
Internal: deleting an allocation that is older than its permitted lifetime of 4 frames (age = 5)
Internal: deleting an allocation that is older than its permitted lifetime of 4 frames (age = 6)
Internal: deleting an allocation that is older than its permitted lifetime of 4 frames (age = 6)
Internal: deleting an allocation that is older than its permitted lifetime of 4 frames (age = 6)
Internal: deleting an allocation that is older than its permitted lifetime of 4 frames (age = 6)
Internal: deleting an allocation that is older than its permitted lifetime of 4 frames (age = 6)
Internal: deleting an allocation that is older than its permitted lifetime of 4 frames (age = 6)
Internal: deleting an allocation that is older than its permitted lifetime of 4 frames (age = 5)
Internal: deleting an allocation that is older than its permitted lifetime of 4 frames (age = 5)
Internal: deleting an allocation that is older than its permitted lifetime of 4 frames (age = 5)
Internal: deleting an allocation that is older than its permitted lifetime of 4 frames (age = 5)
Internal: deleting an allocation that is older than its permitted lifetime of 4 frames (age = 5)
Internal: deleting an allocation that is older than its permitted lifetime of 4 frames (age = 7)
Internal: deleting an allocation that is older than its permitted lifetime of 4 frames (age = 7)
Internal: deleting an allocation that is older than its permitted lifetime of 4 frames (age = 7)
Internal: deleting an allocation that is older than its permitted lifetime of 4 frames (age = 7)
Internal: deleting an allocation that is older than its permitted lifetime of 4 frames (age = 7)
Internal: deleting an allocation that is older than its permitted lifetime of 4 frames (age = 7)
Internal: deleting an allocation that is older than its permitted lifetime of 4 frames (age = 6)
Internal: deleting an allocation that is older than its permitted lifetime of 4 frames (age = 6)
Internal: deleting an allocation that is older than its permitted lifetime of 4 frames (age = 6)
Internal: deleting an allocation that is older than its permitted lifetime of 4 frames (age = 6)
Internal: deleting an allocation that is older than its permitted lifetime of 4 frames (age = 6)
Internal: deleting an allocation that is older than its permitted lifetime of 4 frames (age = 6)
Internal: deleting an allocation that is older than its permitted lifetime of 4 frames (age = 5)
Internal: deleting an allocation that is older than its permitted lifetime of 4 frames (age = 5)
Internal: deleting an allocation that is older than its permitted lifetime of 4 frames (age = 5)
Internal: deleting an allocation that is older than its permitted lifetime of 4 frames (age = 5)
Internal: deleting an allocation that is older than its permitted lifetime of 4 frames (age = 5)
Internal: deleting an allocation that is older than its permitted lifetime of 4 frames (age = 5)
Internal: deleting an allocation that is older than its permitted lifetime of 4 frames (age = 5)
Internal: deleting an allocation that is older than its permitted lifetime of 4 frames (age = 5)
Internal: deleting an allocation that is older than its permitted lifetime of 4 frames (age = 5)
Internal: deleting an allocation that is older than its permitted lifetime of 4 frames (age = 5)
Internal: deleting an allocation that is older than its permitted lifetime of 4 frames (age = 5)
Internal: deleting an allocation that is older than its permitted lifetime of 4 frames (age = 5)
Internal: JobTempAlloc has allocations that are more than the maximum lifespan of 4 frames old - this is not allowed and likely a leak
To Debug, run app with -diag-job-temp-memory-leak-validation cmd line argument. This will output the callstacks of the leaked allocations.
Internal: deleting an allocation that is older than its permitted lifetime of 4 frames (age = 5)
Internal: deleting an allocation that is older than its permitted lifetime of 4 frames (age = 5)
Internal: deleting an allocation that is older than its permitted lifetime of 4 frames (age = 5)
Internal: deleting an allocation that is older than its permitted lifetime of 4 frames (age = 5)
Internal: deleting an allocation that is older than its permitted lifetime of 4 frames (age = 5)
Internal: deleting an allocation that is older than its permitted lifetime of 4 frames (age = 5)
Internal: JobTempAlloc has allocations that are more than the maximum lifespan of 4 frames old - this is not allowed and likely a leak
To Debug, run app with -diag-job-temp-memory-leak-validation cmd line argument. This will output the callstacks of the leaked allocations.
Internal: deleting an allocation that is older than its permitted lifetime of 4 frames (age = 7)
Internal: deleting an allocation that is older than its permitted lifetime of 4 frames (age = 7)
Internal: deleting an allocation that is older than its permitted lifetime of 4 frames (age = 7)
Internal: deleting an allocation that is older than its permitted lifetime of 4 frames (age = 7)
Internal: deleting an allocation that is older than its permitted lifetime of 4 frames (age = 7)
Internal: deleting an allocation that is older than its permitted lifetime of 4 frames (age = 7)
Internal: deleting an allocation that is older than its permitted lifetime of 4 frames (age = 5)
Internal: deleting an allocation that is older than its permitted lifetime of 4 frames (age = 6)
Internal: deleting an allocation that is older than its permitted lifetime of 4 frames (age = 6)
Internal: deleting an allocation that is older than its permitted lifetime of 4 frames (age = 5)
Internal: deleting an allocation that is older than its permitted lifetime of 4 frames (age = 6)
Internal: deleting an allocation that is older than its permitted lifetime of 4 frames (age = 6)
Internal: deleting an allocation that is older than its permitted lifetime of 4 frames (age = 5)
Internal: deleting an allocation that is older than its permitted lifetime of 4 frames (age = 5)
Internal: deleting an allocation that is older than its permitted lifetime of 4 frames (age = 5)
Internal: deleting an allocation that is older than its permitted lifetime of 4 frames (age = 5)
Internal: deleting an allocation that is older than its permitted lifetime of 4 frames (age = 5)
Internal: deleting an allocation that is older than its permitted lifetime of 4 frames (age = 5)
Internal: deleting an allocation that is older than its permitted lifetime of 4 frames (age = 5)
Internal: deleting an allocation that is older than its permitted lifetime of 4 frames (age = 5)
Internal: deleting an allocation that is older than its permitted lifetime of 4 frames (age = 5)
Internal: deleting an allocation that is older than its permitted lifetime of 4 frames (age = 5)
Internal: deleting an allocation that is older than its permitted lifetime of 4 frames (age = 5)
Internal: deleting an allocation that is older than its permitted lifetime of 4 frames (age = 5)
Internal: deleting an allocation that is older than its permitted lifetime of 4 frames (age = 5)
Internal: deleting an allocation that is older than its permitted lifetime of 4 frames (age = 5)
Internal: deleting an allocation that is older than its permitted lifetime of 4 frames (age = 5)
Internal: deleting an allocation that is older than its permitted lifetime of 4 frames (age = 5)
Internal: deleting an allocation that is older than its permitted lifetime of 4 frames (age = 5)
Internal: deleting an allocation that is older than its permitted lifetime of 4 frames (age = 5)
Internal: deleting an allocation that is older than its permitted lifetime of 4 frames (age = 5)
Internal: deleting an allocation that is older than its permitted lifetime of 4 frames (age = 5)
Internal: deleting an allocation that is older than its permitted lifetime of 4 frames (age = 5)
Internal: deleting an allocation that is older than its permitted lifetime of 4 frames (age = 6)
Internal: deleting an allocation that is older than its permitted lifetime of 4 frames (age = 6)
Internal: deleting an allocation that is older than its permitted lifetime of 4 frames (age = 6)
Internal: deleting an allocation that is older than its permitted lifetime of 4 frames (age = 5)
Internal: deleting an allocation that is older than its permitted lifetime of 4 frames (age = 6)
Internal: deleting an allocation that is older than its permitted lifetime of 4 frames (age = 6)
Internal: deleting an allocation that is older than its permitted lifetime of 4 frames (age = 5)
Internal: deleting an allocation that is older than its permitted lifetime of 4 frames (age = 5)
Internal: deleting an allocation that is older than its permitted lifetime of 4 frames (age = 5)
Internal: deleting an allocation that is older than its permitted lifetime of 4 frames (age = 5)
Internal: deleting an allocation that is older than its permitted lifetime of 4 frames (age = 5)
Internal: deleting an allocation that is older than its permitted lifetime of 4 frames (age = 5)
Internal: deleting an allocation that is older than its permitted lifetime of 4 frames (age = 5)
Internal: deleting an allocation that is older than its permitted lifetime of 4 frames (age = 5)
Internal: deleting an allocation that is older than its permitted lifetime of 4 frames (age = 5)
Internal: deleting an allocation that is older than its permitted lifetime of 4 frames (age = 5)
Internal: deleting an allocation that is older than its permitted lifetime of 4 frames (age = 5)
Internal: deleting an allocation that is older than its permitted lifetime of 4 frames (age = 5)
Internal: deleting an allocation that is older than its permitted lifetime of 4 frames (age = 5)
Internal: deleting an allocation that is older than its permitted lifetime of 4 frames (age = 5)
Internal: deleting an allocation that is older than its permitted lifetime of 4 frames (age = 5)
Internal: deleting an allocation that is older than its permitted lifetime of 4 frames (age = 5)
Internal: deleting an allocation that is older than its permitted lifetime of 4 frames (age = 5)
Internal: deleting an allocation that is older than its permitted lifetime of 4 frames (age = 5)
Internal: deleting an allocation that is older than its permitted lifetime of 4 frames (age = 5)
Internal: deleting an allocation that is older than its permitted lifetime of 4 frames (age = 5)
Internal: deleting an allocation that is older than its permitted lifetime of 4 frames (age = 5)
Internal: deleting an allocation that is older than its permitted lifetime of 4 frames (age = 5)
Internal: deleting an allocation that is older than its permitted lifetime of 4 frames (age = 5)
Internal: deleting an allocation that is older than its permitted lifetime of 4 frames (age = 5)
Internal: deleting an allocation that is older than its permitted lifetime of 4 frames (age = 5)
Internal: deleting an allocation that is older than its permitted lifetime of 4 frames (age = 5)
Internal: deleting an allocation that is older than its permitted lifetime of 4 frames (age = 5)
Internal: deleting an allocation that is older than its permitted lifetime of 4 frames (age = 5)
Internal: deleting an allocation that is older than its permitted lifetime of 4 frames (age = 6)
Internal: deleting an allocation that is older than its permitted lifetime of 4 frames (age = 6)
Internal: deleting an allocation that is older than its permitted lifetime of 4 frames (age = 6)
Internal: deleting an allocation that is older than its permitted lifetime of 4 frames (age = 6)
Internal: deleting an allocation that is older than its permitted lifetime of 4 frames (age = 6)
Internal: deleting an allocation that is older than its permitted lifetime of 4 frames (age = 6)
Internal: deleting an allocation that is older than its permitted lifetime of 4 frames (age = 5)
Internal: deleting an allocation that is older than its permitted lifetime of 4 frames (age = 5)
Internal: deleting an allocation that is older than its permitted lifetime of 4 frames (age = 5)
Internal: deleting an allocation that is older than its permitted lifetime of 4 frames (age = 5)
Internal: deleting an allocation that is older than its permitted lifetime of 4 frames (age = 5)
Internal: deleting an allocation that is older than its permitted lifetime of 4 frames (age = 5)
Internal: deleting an allocation that is older than its permitted lifetime of 4 frames (age = 5)
Internal: deleting an allocation that is older than its permitted lifetime of 4 frames (age = 5)
Internal: deleting an allocation that is older than its permitted lifetime of 4 frames (age = 5)
Internal: deleting an allocation that is older than its permitted lifetime of 4 frames (age = 5)
Internal: deleting an allocation that is older than its permitted lifetime of 4 frames (age = 5)
Internal: deleting an allocation that is older than its permitted lifetime of 4 frames (age = 5)
Internal: deleting an allocation that is older than its permitted lifetime of 4 frames (age = 5)
Internal: deleting an allocation that is older than its permitted lifetime of 4 frames (age = 5)
Internal: deleting an allocation that is older than its permitted lifetime of 4 frames (age = 5)
Internal: deleting an allocation that is older than its permitted lifetime of 4 frames (age = 5)
Internal: deleting an allocation that is older than its permitted lifetime of 4 frames (age = 5)
Internal: deleting an allocation that is older than its permitted lifetime of 4 frames (age = 5)
Internal: deleting an allocation that is older than its permitted lifetime of 4 frames (age = 5)
Internal: deleting an allocation that is older than its permitted lifetime of 4 frames (age = 5)
Internal: deleting an allocation that is older than its permitted lifetime of 4 frames (age = 5)
Internal: deleting an allocation that is older than its permitted lifetime of 4 frames (age = 5)
Internal: deleting an allocation that is older than its permitted lifetime of 4 frames (age = 5)
Internal: deleting an allocation that is older than its permitted lifetime of 4 frames (age = 5)
Internal: deleting an allocation that is older than its permitted lifetime of 4 frames (age = 6)
Internal: deleting an allocation that is older than its permitted lifetime of 4 frames (age = 6)
Internal: deleting an allocation that is older than its permitted lifetime of 4 frames (age = 6)
Internal: deleting an allocation that is older than its permitted lifetime of 4 frames (age = 6)
Internal: deleting an allocation that is older than its permitted lifetime of 4 frames (age = 6)
Internal: deleting an allocation that is older than its permitted lifetime of 4 frames (age = 6)
Internal: deleting an allocation that is older than its permitted lifetime of 4 frames (age = 5)
Internal: deleting an allocation that is older than its permitted lifetime of 4 frames (age = 5)
Internal: deleting an allocation that is older than its permitted lifetime of 4 frames (age = 5)
Internal: deleting an allocation that is older than its permitted lifetime of 4 frames (age = 5)
Internal: deleting an allocation that is older than its permitted lifetime of 4 frames (age = 5)
Internal: deleting an allocation that is older than its permitted lifetime of 4 frames (age = 5)
Internal: deleting an allocation that is older than its permitted lifetime of 4 frames (age = 5)
Internal: deleting an allocation that is older than its permitted lifetime of 4 frames (age = 5)
Internal: JobTempAlloc has allocations that are more than the maximum lifespan of 4 frames old - this is not allowed and likely a leak
To Debug, run app with -diag-job-temp-memory-leak-validation cmd line argument. This will output the callstacks of the leaked allocations.
Internal: deleting an allocation that is older than its permitted lifetime of 4 frames (age = 5)
Internal: deleting an allocation that is older than its permitted lifetime of 4 frames (age = 6)
Internal: deleting an allocation that is older than its permitted lifetime of 4 frames (age = 6)
Internal: deleting an allocation that is older than its permitted lifetime of 4 frames (age = 6)
Internal: deleting an allocation that is older than its permitted lifetime of 4 frames (age = 6)
Internal: deleting an allocation that is older than its permitted lifetime of 4 frames (age = 6)
Internal: deleting an allocation that is older than its permitted lifetime of 4 frames (age = 6)
Internal: deleting an allocation that is older than its permitted lifetime of 4 frames (age = 6)
Internal: deleting an allocation that is older than its permitted lifetime of 4 frames (age = 6)
Internal: deleting an allocation that is older than its permitted lifetime of 4 frames (age = 6)
Internal: deleting an allocation that is older than its permitted lifetime of 4 frames (age = 6)
Internal: deleting an allocation that is older than its permitted lifetime of 4 frames (age = 6)
Internal: deleting an allocation that is older than its permitted lifetime of 4 frames (age = 5)
Internal: deleting an allocation that is older than its permitted lifetime of 4 frames (age = 5)
Internal: deleting an allocation that is older than its permitted lifetime of 4 frames (age = 5)
Internal: deleting an allocation that is older than its permitted lifetime of 4 frames (age = 5)
Internal: deleting an allocation that is older than its permitted lifetime of 4 frames (age = 5)
Internal: deleting an allocation that is older than its permitted lifetime of 4 frames (age = 5)
Internal: JobTempAlloc has allocations that are more than the maximum lifespan of 4 frames old - this is not allowed and likely a leak
To Debug, run app with -diag-job-temp-memory-leak-validation cmd line argument. This will output the callstacks of the leaked allocations.
Internal: deleting an allocation that is older than its permitted lifetime of 4 frames (age = 6)
Internal: deleting an allocation that is older than its permitted lifetime of 4 frames (age = 6)
Internal: deleting an allocation that is older than its permitted lifetime of 4 frames (age = 6)
Internal: deleting an allocation that is older than its permitted lifetime of 4 frames (age = 6)
Internal: deleting an allocation that is older than its permitted lifetime of 4 frames (age = 6)
Internal: deleting an allocation that is older than its permitted lifetime of 4 frames (age = 6)
Internal: deleting an allocation that is older than its permitted lifetime of 4 frames (age = 5)
Internal: deleting an allocation that is older than its permitted lifetime of 4 frames (age = 5)
Internal: deleting an allocation that is older than its permitted lifetime of 4 frames (age = 5)
Internal: deleting an allocation that is older than its permitted lifetime of 4 frames (age = 5)
Internal: deleting an allocation that is older than its permitted lifetime of 4 frames (age = 5)
Internal: JobTempAlloc has allocations that are more than the maximum lifespan of 4 frames old - this is not allowed and likely a leak
To Debug, run app with -diag-job-temp-memory-leak-validation cmd line argument. This will output the callstacks of the leaked allocations.
Internal: deleting an allocation that is older than its permitted lifetime of 4 frames (age = 6)
Internal: deleting an allocation that is older than its permitted lifetime of 4 frames (age = 6)
Internal: deleting an allocation that is older than its permitted lifetime of 4 frames (age = 6)
Internal: deleting an allocation that is older than its permitted lifetime of 4 frames (age = 6)
Internal: deleting an allocation that is older than its permitted lifetime of 4 frames (age = 6)
Internal: deleting an allocation that is older than its permitted lifetime of 4 frames (age = 6)
Internal: deleting an allocation that is older than its permitted lifetime of 4 frames (age = 5)
Internal: deleting an allocation that is older than its permitted lifetime of 4 frames (age = 5)
Internal: deleting an allocation that is older than its permitted lifetime of 4 frames (age = 5)
Internal: deleting an allocation that is older than its permitted lifetime of 4 frames (age = 5)
Internal: deleting an allocation that is older than its permitted lifetime of 4 frames (age = 5)
Internal: JobTempAlloc has allocations that are more than the maximum lifespan of 4 frames old - this is not allowed and likely a leak
To Debug, run app with -diag-job-temp-memory-leak-validation cmd line argument. This will output the callstacks of the leaked allocations.
Internal: deleting an allocation that is older than its permitted lifetime of 4 frames (age = 5)
Internal: deleting an allocation that is older than its permitted lifetime of 4 frames (age = 6)
Internal: deleting an allocation that is older than its permitted lifetime of 4 frames (age = 6)
Internal: deleting an allocation that is older than its permitted lifetime of 4 frames (age = 5)
Internal: deleting an allocation that is older than its permitted lifetime of 4 frames (age = 6)
Internal: deleting an allocation that is older than its permitted lifetime of 4 frames (age = 6)
Internal: deleting an allocation that is older than its permitted lifetime of 4 frames (age = 5)
Internal: deleting an allocation that is older than its permitted lifetime of 4 frames (age = 5)
Internal: deleting an allocation that is older than its permitted lifetime of 4 frames (age = 5)
Internal: deleting an allocation that is older than its permitted lifetime of 4 frames (age = 5)
Internal: deleting an allocation that is older than its permitted lifetime of 4 frames (age = 7)
Internal: deleting an allocation that is older than its permitted lifetime of 4 frames (age = 7)
Internal: deleting an allocation that is older than its permitted lifetime of 4 frames (age = 7)
Internal: deleting an allocation that is older than its permitted lifetime of 4 frames (age = 7)
Internal: deleting an allocation that is older than its permitted lifetime of 4 frames (age = 7)
Internal: deleting an allocation that is older than its permitted lifetime of 4 frames (age = 7)
Internal: JobTempAlloc has allocations that are more than the maximum lifespan of 4 frames old - this is not allowed and likely a leak
To Debug, run app with -diag-job-temp-memory-leak-validation cmd line argument. This will output the callstacks of the leaked allocations.
Internal: deleting an allocation that is older than its permitted lifetime of 4 frames (age = 5)
Internal: deleting an allocation that is older than its permitted lifetime of 4 frames (age = 5)
Internal: deleting an allocation that is older than its permitted lifetime of 4 frames (age = 5)
Internal: deleting an allocation that is older than its permitted lifetime of 4 frames (age = 5)
Internal: deleting an allocation that is older than its permitted lifetime of 4 frames (age = 5)
Internal: JobTempAlloc has allocations that are more than the maximum lifespan of 4 frames old - this is not allowed and likely a leak
To Debug, run app with -diag-job-temp-memory-leak-validation cmd line argument. This will output the callstacks of the leaked allocations.
Internal: deleting an allocation that is older than its permitted lifetime of 4 frames (age = 5)
Internal: deleting an allocation that is older than its permitted lifetime of 4 frames (age = 5)
Internal: deleting an allocation that is older than its permitted lifetime of 4 frames (age = 5)
Internal: deleting an allocation that is older than its permitted lifetime of 4 frames (age = 5)
Internal: deleting an allocation that is older than its permitted lifetime of 4 frames (age = 5)
[Physics::Module] Cleanup current backned.
[Physics::Module] Id: 0xf2b8ea05
Input System module state changed to: ShutdownInProgress.
Input System polling thread exited.
Input System module state changed to: Shutdown.
GarbageCollector disposing of ComputeBuffer. Please use ComputeBuffer.Release() or .Dispose() to manually release the buffer.
